kode_kecamatan_bps,kode_kecamatan_kemendagri,tahun,EBLUP_M87
3501010,35.01.01,2018,741981.4962545484
3501010,35.01.01,2019,742516.5542610422
3501010,35.01.01,2020,985906.9092364064
3501010,35.01.01,2021,1196835.8106175582
3501010,35.01.01,2022,1194663.1689442901
3501010,35.01.01,2023,918258.2385497477
3501010,35.01.01,2024,938088.3814173706
3501010,35.01.01,2025,693982.8951572804
3501020,35.01.03,2018,1346443.488103902
3501020,35.01.03,2019,1143756.140269282
3501020,35.01.03,2020,1100495.1420344263
3501020,35.01.03,2021,2261586.151730318
3501020,35.01.03,2022,1587369.9699571074
3501020,35.01.03,2023,1269459.0302577033
3501020,35.01.03,2024,1663519.909730681
3501020,35.01.03,2025,639554.6381403514
3501030,35.01.02,2018,814730.492303519
3501030,35.01.02,2019,780391.3604957819
3501030,35.01.02,2020,773087.3064889361
3501030,35.01.02,2021,1093080.9451655063
3501030,35.01.02,2022,1391516.7016567215
3501030,35.01.02,2023,892771.2520487023
3501030,35.01.02,2024,1283030.5807553825
3501030,35.01.02,2025,548214.3837438179
3501040,35.01.04,2018,2866862.176651143
3501040,35.01.04,2019,2029842.1758918988
3501040,35.01.04,2020,2437662.5794489672
3501040,35.01.04,2021,6708510.917982591
3501040,35.01.04,2022,3051887.1450310317
3501040,35.01.04,2023,2668139.7960836883
3501040,35.01.04,2024,2596871.5961413244
3501040,35.01.04,2025,1200544.9948083542
3501050,35.01.05,2018,1722790.1020842537
3501050,35.01.05,2019,1112713.9225835328
3501050,35.01.05,2020,1575777.0514433074
3501050,35.01.05,2021,2022162.0690397106
3501050,35.01.05,2022,1930163.4046781678
3501050,35.01.05,2023,1882712.961981272
3501050,35.01.05,2024,2154042.3554990953
3501050,35.01.05,2025,815958.5714206701
3501060,35.01.06,2018,1254682.2625057332
3501060,35.01.06,2019,772712.4494939183
3501060,35.01.06,2020,853024.6973356992
3501060,35.01.06,2021,1472956.3818314108
3501060,35.01.06,2022,1638297.2127697556
3501060,35.01.06,2023,1378410.356669869
3501060,35.01.06,2024,1658790.9392859743
3501060,35.01.06,2025,693309.2378933418
3501070,35.01.07,2018,921885.8114352728
3501070,35.01.07,2019,912133.9430321391
3501070,35.01.07,2020,996221.1768393533
3501070,35.01.07,2021,1315520.6504995842
3501070,35.01.07,2022,1558280.7060419538
3501070,35.01.07,2023,1142157.4626271243
3501070,35.01.07,2024,1343715.7286714595
3501070,35.01.07,2025,789535.1845332778
3501080,35.01.08,2018,1022463.8192779841
3501080,35.01.08,2019,963878.5909415022
3501080,35.01.08,2020,1160676.9447838082
3501080,35.01.08,2021,2080949.088308105
3501080,35.01.08,2022,1738895.3163570194
3501080,35.01.08,2023,1158743.685226987
3501080,35.01.08,2024,1631747.6330065117
3501080,35.01.08,2025,669878.2479637988
3501090,35.01.09,2018,1244982.2597559402
3501090,35.01.09,2019,902044.0621708794
3501090,35.01.09,2020,1051620.6655303137
3501090,35.01.09,2021,1665885.6291300752
3501090,35.01.09,2022,1786065.224689324
3501090,35.01.09,2023,1307871.1421394432
3501090,35.01.09,2024,1876071.2032748756
3501090,35.01.09,2025,832050.9729239182
3501100,35.01.10,2018,2953370.421106221
3501100,35.01.10,2019,2827110.4165243665
3501100,35.01.10,2020,2963808.8803682365
3501100,35.01.10,2021,7010175.265026853
3501100,35.01.10,2022,5134024.720460677
3501100,35.01.10,2023,4758882.226268225
3501100,35.01.10,2024,5553517.765394654
3501100,35.01.10,2025,1208943.4332883745
3501110,35.01.11,2018,1529201.0897112037
3501110,35.01.11,2019,1135636.6333687198
3501110,35.01.11,2020,1307148.8097953836
3501110,35.01.11,2021,1576606.0667075536
3501110,35.01.11,2022,1661063.25290426
3501110,35.01.11,2023,1562580.3864757488
3501110,35.01.11,2024,1593930.6225501406
3501110,35.01.11,2025,816738.2882432615
3501120,35.01.12,2018,1069684.913404824
3501120,35.01.12,2019,847469.8864642818
3501120,35.01.12,2020,971695.4096089675
3501120,35.01.12,2021,1113456.4001064023
3501120,35.01.12,2022,1209949.9280224817
3501120,35.01.12,2023,1319682.592384564
3501120,35.01.12,2024,1319916.5979758156
3501120,35.01.12,2025,633438.0820091566
3502010,35.02.02,2018,1884239.3031044716
3502010,35.02.02,2019,897958.0707703108
3502010,35.02.02,2020,1322334.621879964
3502010,35.02.02,2021,2247642.878337788
3502010,35.02.02,2022,1858940.895981461
3502010,35.02.02,2023,1588941.3741973436
3502010,35.02.02,2024,1956721.5782258378
3502010,35.02.02,2025,1275287.496723729
3502020,35.02.01,2018,1712203.8128051665
3502020,35.02.01,2019,1074386.614434236
3502020,35.02.01,2020,1117277.1732930765
3502020,35.02.01,2021,1675666.177665648
3502020,35.02.01,2022,2103994.3659711527
3502020,35.02.01,2023,1929257.3583536586
3502020,35.02.01,2024,2529423.594241351
3502020,35.02.01,2025,954333.5161795403
3502030,35.02.03,2018,1020557.1772760743
3502030,35.02.03,2019,696446.940597738
3502030,35.02.03,2020,648607.0444502919
3502030,35.02.03,2021,1256078.5246078637
3502030,35.02.03,2022,1251196.570816087
3502030,35.02.03,2023,907502.8260949125
3502030,35.02.03,2024,1510518.9536048577
3502030,35.02.03,2025,687556.9957463369
3502040,35.02.04,2018,956475.4184796198
3502040,35.02.04,2019,712025.0360437674
3502040,35.02.04,2020,645718.4018240203
3502040,35.02.04,2021,1363058.7746627938
3502040,35.02.04,2022,1278422.1593063872
3502040,35.02.04,2023,1034099.5954684333
3502040,35.02.04,2024,1227010.9552654496
3502040,35.02.04,2025,959180.9871832452
3502050,35.02.05,2018,794300.5729877391
3502050,35.02.05,2019,815787.527740058
3502050,35.02.05,2020,887410.6431187546
3502050,35.02.05,2021,2730336.613087447
3502050,35.02.05,2022,1714726.2174892537
3502050,35.02.05,2023,1397305.816829353
3502050,35.02.05,2024,1807348.4616250414
3502050,35.02.05,2025,761052.5260169946
3502060,35.02.06,2018,683010.352412594
3502060,35.02.06,2019,534955.2636265316
3502060,35.02.06,2020,773527.6578478812
3502060,35.02.06,2021,1086496.1291598978
3502060,35.02.06,2022,1129637.7092281475
3502060,35.02.06,2023,1024620.3537812446
3502060,35.02.06,2024,805305.2059832758
3502060,35.02.06,2025,636115.8311180415
3502061,35.02.21,2018,675826.9019657146
3502061,35.02.21,2019,675826.9019657146
3502061,35.02.21,2020,800031.7905849161
3502061,35.02.21,2021,924236.6790807855
3502061,35.02.21,2022,1006801.401370744
3502061,35.02.21,2023,602934.0042558879
3502061,35.02.21,2024,1327024.8764269208
3502061,35.02.21,2025,1311210.1862857332
3502070,35.02.07,2018,1284106.9095566962
3502070,35.02.07,2019,1054856.9051611957
3502070,35.02.07,2020,1155159.61731275
3502070,35.02.07,2021,2737669.808270105
3502070,35.02.07,2022,1972735.7110631461
3502070,35.02.07,2023,1570577.453979997
3502070,35.02.07,2024,1737221.8537809185
3502070,35.02.07,2025,931163.0048832472
3502080,35.02.08,2018,1065342.4207652034
3502080,35.02.08,2019,989467.2642748287
3502080,35.02.08,2020,1027548.0350824395
3502080,35.02.08,2021,1555553.7755717635
3502080,35.02.08,2022,1545859.99317617
3502080,35.02.08,2023,1453568.5414492078
3502080,35.02.08,2024,1659990.6504269405
3502080,35.02.08,2025,825595.437384407
3502090,35.02.10,2018,1287955.4127360303
3502090,35.02.10,2019,697930.2052306192
3502090,35.02.10,2020,888664.2476665779
3502090,35.02.10,2021,2410368.241643058
3502090,35.02.10,2022,1676996.319043223
3502090,35.02.10,2023,1438180.6292957966
3502090,35.02.10,2024,1767610.0831788199
3502090,35.02.10,2025,974284.8183613356
3502100,35.02.09,2018,1094264.471354032
3502100,35.02.09,2019,732518.164708735
3502100,35.02.09,2020,979100.6695359211
3502100,35.02.09,2021,1408537.9096164366
3502100,35.02.09,2022,1608871.8221881932
3502100,35.02.09,2023,1152554.9419550747
3502100,35.02.09,2024,1127205.8652608306
3502100,35.02.09,2025,732685.2781672763
3502110,35.02.11,2018,1246356.3904426016
3502110,35.02.11,2019,736728.2243081805
3502110,35.02.11,2020,913861.0937245829
3502110,35.02.11,2021,1139848.7654381015
3502110,35.02.11,2022,1502717.0945721418
3502110,35.02.11,2023,1482175.821738415
3502110,35.02.11,2024,2133903.5971274436
3502110,35.02.11,2025,871584.2128678509
3502120,35.02.12,2018,798068.8562433041
3502120,35.02.12,2019,749783.6420217053
3502120,35.02.12,2020,902574.4736719822
3502120,35.02.12,2021,1005964.6879063038
3502120,35.02.12,2022,1231351.3689283368
3502120,35.02.12,2023,1303129.9836181672
3502120,35.02.12,2024,1555740.8685939321
3502120,35.02.12,2025,860896.0838774339
3502130,35.02.20,2018,1046949.5118094464
3502130,35.02.20,2019,627688.0752556934
3502130,35.02.20,2020,655316.8283386109
3502130,35.02.20,2021,1278773.3289345428
3502130,35.02.20,2022,1096979.2712983268
3502130,35.02.20,2023,823680.9624113737
3502130,35.02.20,2024,1342721.2912339675
3502130,35.02.20,2025,733470.0006739068
3502140,35.02.13,2018,681353.0361513491
3502140,35.02.13,2019,592436.8555520778
3502140,35.02.13,2020,595585.3526520578
3502140,35.02.13,2021,739385.1656391612
3502140,35.02.13,2022,813594.7489383365
3502140,35.02.13,2023,742600.6652925458
3502140,35.02.13,2024,912979.5427430711
3502140,35.02.13,2025,687703.5807320081
3502150,35.02.14,2018,850503.8581641134
3502150,35.02.14,2019,745082.1855871592
3502150,35.02.14,2020,533955.6350165915
3502150,35.02.14,2021,1199093.690169623
3502150,35.02.14,2022,1232442.268092196
3502150,35.02.14,2023,1124147.9586803638
3502150,35.02.14,2024,1402750.0834005997
3502150,35.02.14,2025,823104.0590399492
3502160,35.02.15,2018,1797104.7902182525
3502160,35.02.15,2019,850871.5452687289
3502160,35.02.15,2020,812745.7920456626
3502160,35.02.15,2021,3404092.418055883
3502160,35.02.15,2022,1908153.2414821107
3502160,35.02.15,2023,1878488.6552805672
3502160,35.02.15,2024,2133606.6835214165
3502160,35.02.15,2025,646762.1400542551
3502170,35.02.17,2018,2575873.170035593
3502170,35.02.17,2019,1922287.631453976
3502170,35.02.17,2020,2064228.6112120554
3502170,35.02.17,2021,4534176.084173479
3502170,35.02.17,2022,4374612.802132913
3502170,35.02.17,2023,3875808.518183191
3502170,35.02.17,2024,5203151.611393363
3502170,35.02.17,2025,1034826.7539437665
3502180,35.02.16,2018,2790790.9130070065
3502180,35.02.16,2019,1328837.9879486456
3502180,35.02.16,2020,1309247.9804826572
3502180,35.02.16,2021,3134589.7486123145
3502180,35.02.16,2022,3165281.38242045
3502180,35.02.16,2023,3631582.587493516
3502180,35.02.16,2024,4817140.769834764
3502180,35.02.16,2025,977441.154608277
3502190,35.02.18,2018,2541536.812553526
3502190,35.02.18,2019,1653409.8596166172
3502190,35.02.18,2020,1596458.4229056365
3502190,35.02.18,2021,3774198.85335778
3502190,35.02.18,2022,2972310.445713222
3502190,35.02.18,2023,2258705.234784238
3502190,35.02.18,2024,3005470.8446443193
3502190,35.02.18,2025,844892.5082295508
3502200,35.02.19,2018,596805.5349792978
3502200,35.02.19,2019,618051.8993259687
3502200,35.02.19,2020,784908.5282594484
3502200,35.02.19,2021,1083840.8423946067
3502200,35.02.19,2022,1212417.0660519213
3502200,35.02.19,2023,861692.2519145657
3502200,35.02.19,2024,1386498.676678503
3502200,35.02.19,2025,1873072.1327580947
3503010,35.03.01,2018,1508571.4256588828
3503010,35.03.01,2019,1178789.7493300838
3503010,35.03.01,2020,1539543.0049723622
3503010,35.03.01,2021,1818799.3232587783
3503010,35.03.01,2022,2182167.8291270356
3503010,35.03.01,2023,1845524.3951776396
3503010,35.03.01,2024,2018739.3643567052
3503010,35.03.01,2025,705308.4878868583
3503020,35.03.02,2018,2989746.0561327585
3503020,35.03.02,2019,1079710.6142647627
3503020,35.03.02,2020,1052004.077555894
3503020,35.03.02,2021,2733860.760657813
3503020,35.03.02,2022,2184095.0716816843
3503020,35.03.02,2023,2114562.217682421
3503020,35.03.02,2024,1915085.1433327089
3503020,35.03.02,2025,929310.4660389283
3503030,35.03.08,2018,2568575.551153959
3503030,35.03.08,2019,1771227.528292453
3503030,35.03.08,2020,1767302.7314591766
3503030,35.03.08,2021,2452927.507612392
3503030,35.03.08,2022,2235913.8857646296
3503030,35.03.08,2023,2177284.772971292
3503030,35.03.08,2024,2440708.6163800443
3503030,35.03.08,2025,992602.6825898925
3503040,35.03.07,2018,915658.7939365085
3503040,35.03.07,2019,717085.4106007525
3503040,35.03.07,2020,1115796.8675872323
3503040,35.03.07,2021,1753402.034935166
3503040,35.03.07,2022,1339295.6617769815
3503040,35.03.07,2023,1260671.6959367895
3503040,35.03.07,2024,1297560.8205558478
3503040,35.03.07,2025,881979.3857538336
3503050,35.03.04,2018,2069138.4668226195
3503050,35.03.04,2019,1082552.3395742825
3503050,35.03.04,2020,1294765.0615494829
3503050,35.03.04,2021,2585673.8844317026
3503050,35.03.04,2022,2628643.585359955
3503050,35.03.04,2023,2226260.1560571664
3503050,35.03.04,2024,3386403.2157154772
3503050,35.03.04,2025,775684.7502083634
3503060,35.03.03,2018,1289177.274496416
3503060,35.03.03,2019,1091122.4241195335
3503060,35.03.03,2020,1683210.898565743
3503060,35.03.03,2021,1871105.0109204133
3503060,35.03.03,2022,1820014.7098670532
3503060,35.03.03,2023,1151050.9745280643
3503060,35.03.03,2024,1314500.3472761263
3503060,35.03.03,2025,1136230.5647969488
3503070,35.03.06,2018,1152443.295137591
3503070,35.03.06,2019,790522.8135392691
3503070,35.03.06,2020,1054148.6731243955
3503070,35.03.06,2021,1792520.063133175
3503070,35.03.06,2022,1500703.4019841498
3503070,35.03.06,2023,1539068.73961506
3503070,35.03.06,2024,1855700.8916128867
3503070,35.03.06,2025,807403.2271320192
3503071,35.03.14,2018,764752.4229585346
3503071,35.03.14,2019,654660.2935386788
3503071,35.03.14,2020,779056.5709844845
3503071,35.03.14,2021,1004051.6037058997
3503071,35.03.14,2022,948444.2302763999
3503071,35.03.14,2023,987097.6552767907
3503071,35.03.14,2024,884064.5652588686
3503071,35.03.14,2025,871584.8738171442
3503080,35.03.10,2018,1669889.5629951565
3503080,35.03.10,2019,996824.9641905766
3503080,35.03.10,2020,1049495.3634265503
3503080,35.03.10,2021,2925766.6281127096
3503080,35.03.10,2022,2220735.9457671945
3503080,35.03.10,2023,2429461.7622159785
3503080,35.03.10,2024,2599255.5031224065
3503080,35.03.10,2025,888488.2573183659
3503090,35.03.13,2018,1993043.6742913213
3503090,35.03.13,2019,962839.8200785781
3503090,35.03.13,2020,1102006.1522733348
3503090,35.03.13,2021,2893343.5428134114
3503090,35.03.13,2022,2012332.28158102
3503090,35.03.13,2023,1957963.331874185
3503090,35.03.13,2024,2163253.154823634
3503090,35.03.13,2025,834059.4500597746
3503100,35.03.12,2018,1449334.8458487114
3503100,35.03.12,2019,857888.8185787697
3503100,35.03.12,2020,992969.6900277912
3503100,35.03.12,2021,1807860.1626497796
3503100,35.03.12,2022,1506203.237704402
3503100,35.03.12,2023,1548293.699709206
3503100,35.03.12,2024,2019275.827882048
3503100,35.03.12,2025,699936.8234996255
3503110,35.03.11,2018,2409084.405284729
3503110,35.03.11,2019,1518637.4046929507
3503110,35.03.11,2020,1684338.9838316103
3503110,35.03.11,2021,2624581.597953583
3503110,35.03.11,2022,2486000.1925630625
3503110,35.03.11,2023,2187332.52181549
3503110,35.03.11,2024,2485371.524824172
3503110,35.03.11,2025,1271496.4490587998
3503120,35.03.05,2018,1375205.9397667297
3503120,35.03.05,2019,1140689.571483997
3503120,35.03.05,2020,1352366.4304231703
3503120,35.03.05,2021,1656098.865224563
3503120,35.03.05,2022,2125551.788069041
3503120,35.03.05,2023,1717703.0585663742
3503120,35.03.05,2024,2173214.392665407
3503120,35.03.05,2025,659253.2253769949
3503130,35.03.09,2018,1054218.097654498
3503130,35.03.09,2019,560710.5507736807
3503130,35.03.09,2020,723812.0784702589
3503130,35.03.09,2021,1037562.9960652913
3503130,35.03.09,2022,1234610.6996343692
3503130,35.03.09,2023,1051742.6138633154
3503130,35.03.09,2024,1365653.6731163329
3503130,35.03.09,2025,839646.5396295937
3504010,35.04.15,2018,1046277.6920442398
3504010,35.04.15,2019,1182886.1926980747
3504010,35.04.15,2020,1661828.674472087
3504010,35.04.15,2021,1575531.828943136
3504010,35.04.15,2022,1703245.5117096181
3504010,35.04.15,2023,1699724.7851409705
3504010,35.04.15,2024,1630696.2145825203
3504010,35.04.15,2025,747408.2676996194
3504020,35.04.17,2018,2208698.6832833732
3504020,35.04.17,2019,1464160.4420941374
3504020,35.04.17,2020,1323075.3016953277
3504020,35.04.17,2021,3246866.5363065857
3504020,35.04.17,2022,2947049.7178809303
3504020,35.04.17,2023,2518005.0209146347
3504020,35.04.17,2024,2655495.7177924146
3504020,35.04.17,2025,873433.932401574
3504030,35.04.18,2018,916015.7582961993
3504030,35.04.18,2019,933022.3904690008
3504030,35.04.18,2020,1105363.6813640662
3504030,35.04.18,2021,3445011.4340954972
3504030,35.04.18,2022,1950996.1600981078
3504030,35.04.18,2023,1551460.8048576242
3504030,35.04.18,2024,1956629.3442516958
3504030,35.04.18,2025,604156.8162088867
3504040,35.04.16,2018,1367612.4752067951
3504040,35.04.16,2019,938365.8826152424
3504040,35.04.16,2020,900603.4561749981
3504040,35.04.16,2021,1869143.011140076
3504040,35.04.16,2022,1730662.8657069053
3504040,35.04.16,2023,1644173.4189974081
3504040,35.04.16,2024,1581006.6570705047
3504040,35.04.16,2025,870895.8167912436
3504050,35.04.19,2018,704330.8007424916
3504050,35.04.19,2019,543233.404578389
3504050,35.04.19,2020,747622.239770224
3504050,35.04.19,2021,812888.06563936
3504050,35.04.19,2022,961359.4095626044
3504050,35.04.19,2023,960445.2671375863
3504050,35.04.19,2024,869206.7680119092
3504050,35.04.19,2025,815388.1660564033
3504060,35.04.14,2018,2304822.717814197
3504060,35.04.14,2019,1069906.7037674456
3504060,35.04.14,2020,1264198.135990545
3504060,35.04.14,2021,1701750.8221851783
3504060,35.04.14,2022,2308770.946958349
3504060,35.04.14,2023,1786231.9807362691
3504060,35.04.14,2024,2371718.2203304297
3504060,35.04.14,2025,927097.0430729326
3504070,35.04.12,2018,680941.099126175
3504070,35.04.12,2019,493858.9116878643
3504070,35.04.12,2020,1475725.3725399708
3504070,35.04.12,2021,894910.4438509214
3504070,35.04.12,2022,1037273.333317443
3504070,35.04.12,2023,766744.9775609454
3504070,35.04.12,2024,779438.8410874519
3504070,35.04.12,2025,856235.8022567896
3504080,35.04.13,2018,2800391.76645072
3504080,35.04.13,2019,1449515.038902715
3504080,35.04.13,2020,1751119.4464627565
3504080,35.04.13,2021,3516250.0089461263
3504080,35.04.13,2022,2805252.124280385
3504080,35.04.13,2023,2887312.226273326
3504080,35.04.13,2024,3048296.2615087647
3504080,35.04.13,2025,780828.288002136
3504090,35.04.11,2018,2615265.953729907
3504090,35.04.11,2019,1269879.789294503
3504090,35.04.11,2020,1346974.9766543263
3504090,35.04.11,2021,2639016.885151545
3504090,35.04.11,2022,2456920.1996443183
3504090,35.04.11,2023,2202612.286116136
3504090,35.04.11,2024,3046500.8974017543
3504090,35.04.11,2025,878668.7410018668
3504100,35.04.10,2018,1825465.725999919
3504100,35.04.10,2019,1256045.7351802196
3504100,35.04.10,2020,1209038.679933888
3504100,35.04.10,2021,4895969.989804556
3504100,35.04.10,2022,2356600.253908222
3504100,35.04.10,2023,2648905.4193442813
3504100,35.04.10,2024,2477481.688802563
3504100,35.04.10,2025,786266.4618170504
3504110,35.04.02,2018,1425916.0804929477
3504110,35.04.02,2019,1222398.745483137
3504110,35.04.02,2020,1474621.7098809532
3504110,35.04.02,2021,2767545.272487979
3504110,35.04.02,2022,2641458.430284562
3504110,35.04.02,2023,2916789.8355181906
3504110,35.04.02,2024,3137770.4999402594
3504110,35.04.02,2025,946754.0841027077
3504120,35.04.01,2018,2186393.4813205814
3504120,35.04.01,2019,1830121.5922432393
3504120,35.04.01,2020,2059678.328098128
3504120,35.04.01,2021,2728518.1057190644
3504120,35.04.01,2022,2624037.0452637207
3504120,35.04.01,2023,3290055.941783592
3504120,35.04.01,2024,3448987.4348926186
3504120,35.04.01,2025,1419565.9679753575
3504130,35.04.03,2018,3217136.5429103216
3504130,35.04.03,2019,1524330.4494283504
3504130,35.04.03,2020,1244471.8688769762
3504130,35.04.03,2021,2651442.0768632675
3504130,35.04.03,2022,3006514.234133241
3504130,35.04.03,2023,3536443.5602348964
3504130,35.04.03,2024,3867523.956586464
3504130,35.04.03,2025,1159492.612016301
3504140,35.04.04,2018,1566073.7627064781
3504140,35.04.04,2019,1053732.4717101627
3504140,35.04.04,2020,1101414.6460384207
3504140,35.04.04,2021,1815958.1633109064
3504140,35.04.04,2022,2091974.6454325365
3504140,35.04.04,2023,1745558.7611265865
3504140,35.04.04,2024,2455528.8808598374
3504140,35.04.04,2025,1246372.256259345
3504150,35.04.08,2018,1337526.6575545499
3504150,35.04.08,2019,930295.7720934269
3504150,35.04.08,2020,944828.9538960771
3504150,35.04.08,2021,3034731.066738415
3504150,35.04.08,2022,2041769.4179308068
3504150,35.04.08,2023,1635717.9643674325
3504150,35.04.08,2024,1679347.4363305208
3504150,35.04.08,2025,802067.4165243942
3504160,35.04.05,2018,988861.5314164459
3504160,35.04.05,2019,709079.8506939276
3504160,35.04.05,2020,772554.0800104527
3504160,35.04.05,2021,1122261.6950129657
3504160,35.04.05,2022,1281634.3497634237
3504160,35.04.05,2023,1502260.210083833
3504160,35.04.05,2024,1877956.8809435482
3504160,35.04.05,2025,739465.644117018
3504170,35.04.09,2018,1390613.9205589166
3504170,35.04.09,2019,803975.0994319947
3504170,35.04.09,2020,795534.440484008
3504170,35.04.09,2021,1402252.1170724446
3504170,35.04.09,2022,1340369.692720265
3504170,35.04.09,2023,1184344.703335538
3504170,35.04.09,2024,1376054.7994806296
3504170,35.04.09,2025,909541.8826595868
3504180,35.04.06,2018,865972.9344727831
3504180,35.04.06,2019,1226785.2700189615
3504180,35.04.06,2020,997478.1556669784
3504180,35.04.06,2021,1579170.6465327065
3504180,35.04.06,2022,1307360.2891916677
3504180,35.04.06,2023,1491364.027181414
3504180,35.04.06,2024,1100570.0481517038
3504180,35.04.06,2025,647249.6181047247
3504190,35.04.07,2018,1053455.7952116819
3504190,35.04.07,2019,1142263.0513733185
3504190,35.04.07,2020,1934052.9022682062
3504190,35.04.07,2021,837347.9464041708
3504190,35.04.07,2022,1932745.839186572
3504190,35.04.07,2023,1849061.0342960118
3504190,35.04.07,2024,3002893.8760312605
3504190,35.04.07,2025,692330.5977204575
3505010,35.05.05,2018,443083.2242811219
3505010,35.05.05,2019,417984.0113258724
3505010,35.05.05,2020,795199.8540961826
3505010,35.05.05,2021,702190.3837934735
3505010,35.05.05,2022,937099.2872006159
3505010,35.05.05,2023,869527.3724603861
3505010,35.05.05,2024,895402.8100078455
3505010,35.05.05,2025,676802.7323452651
3505020,35.05.08,2018,599411.9962383808
3505020,35.05.08,2019,559239.5784928525
3505020,35.05.08,2020,575523.7423978599
3505020,35.05.08,2021,1196085.9620442379
3505020,35.05.08,2022,1149473.0837151147
3505020,35.05.08,2023,901486.8780758606
3505020,35.05.08,2024,961870.2076563333
3505020,35.05.08,2025,698285.3464248191
3505030,35.05.13,2018,962293.1136431422
3505030,35.05.13,2019,497523.3572882464
3505030,35.05.13,2020,771821.7509230931
3505030,35.05.13,2021,1750254.8136136404
3505030,35.05.13,2022,1697247.568721043
3505030,35.05.13,2023,1249024.4752751405
3505030,35.05.13,2024,1439609.0896955978
3505030,35.05.13,2025,665290.6390641604
3505040,35.05.20,2018,616811.7595520791
3505040,35.05.20,2019,692880.1584866304
3505040,35.05.20,2020,793279.6618785671
3505040,35.05.20,2021,1638189.884557809
3505040,35.05.20,2022,1324371.9189307543
3505040,35.05.20,2023,984666.7023186821
3505040,35.05.20,2024,1221189.3000188838
3505040,35.05.20,2025,541286.022792696
3505050,35.05.16,2018,1402156.1504528949
3505050,35.05.16,2019,700039.478084124
3505050,35.05.16,2020,852317.2875657092
3505050,35.05.16,2021,2041856.9355906493
3505050,35.05.16,2022,1367946.6743403447
3505050,35.05.16,2023,925336.3377361903
3505050,35.05.16,2024,1085730.9406351536
3505050,35.05.16,2025,757920.3342057761
3505060,35.05.12,2018,1132591.5769725372
3505060,35.05.12,2019,780237.8370857186
3505060,35.05.12,2020,806110.0849133212
3505060,35.05.12,2021,1649059.2518533128
3505060,35.05.12,2022,1505420.4270891617
3505060,35.05.12,2023,1241393.3512798708
3505060,35.05.12,2024,1409028.5728459998
3505060,35.05.12,2025,883471.4846545815
3505070,35.05.04,2018,2423162.384033344
3505070,35.05.04,2019,1104936.9919921334
3505070,35.05.04,2020,994340.2015208579
3505070,35.05.04,2021,2204238.102934828
3505070,35.05.04,2022,1928120.407798563
3505070,35.05.04,2023,1639208.7733467976
3505070,35.05.04,2024,1931006.8597538366
3505070,35.05.04,2025,791410.6818700347
3505080,35.05.10,2018,3195732.0850497955
3505080,35.05.10,2019,1568737.6197909229
3505080,35.05.10,2020,1374614.9144322956
3505080,35.05.10,2021,6941046.306833919
3505080,35.05.10,2022,4773816.7360452665
3505080,35.05.10,2023,4390513.853700743
3505080,35.05.10,2024,4550093.08784823
3505080,35.05.10,2025,702150.9715337673
3505090,35.05.14,2018,2415985.3617707053
3505090,35.05.14,2019,1136686.4496080521
3505090,35.05.14,2020,1021446.0310161002
3505090,35.05.14,2021,2488894.349788341
3505090,35.05.14,2022,2412280.2892334303
3505090,35.05.14,2023,2169580.9995418116
3505090,35.05.14,2024,2569804.5232904265
3505090,35.05.14,2025,749697.7839957557
3505100,35.05.22,2018,2425688.4061055398
3505100,35.05.22,2019,820240.628555511
3505100,35.05.22,2020,673235.0303064086
3505100,35.05.22,2021,1158196.987161324
3505100,35.05.22,2022,876864.5348273324
3505100,35.05.22,2023,999965.0353290633
3505100,35.05.22,2024,1162601.7925266067
3505100,35.05.22,2025,669307.4522514269
3505110,35.05.19,2018,2309610.613310754
3505110,35.05.19,2019,953089.1745564793
3505110,35.05.19,2020,906958.4265145686
3505110,35.05.19,2021,3308482.8700023578
3505110,35.05.19,2022,2683335.972143965
3505110,35.05.19,2023,2028281.6635914813
3505110,35.05.19,2024,2551606.62085633
3505110,35.05.19,2025,624895.7563291717
3505120,35.05.21,2018,1543835.3560155078
3505120,35.05.21,2019,783223.5025075396
3505120,35.05.21,2020,758286.151679705
3505120,35.05.21,2021,1994289.0413267585
3505120,35.05.21,2022,1861334.7563578843
3505120,35.05.21,2023,2076681.53712075
3505120,35.05.21,2024,1958788.1954496698
3505120,35.05.21,2025,977173.2532858773
3505130,35.05.18,2018,1138793.9879990253
3505130,35.05.18,2019,1127237.4956576065
3505130,35.05.18,2020,1213476.9005635788
3505130,35.05.18,2021,1867242.9023582942
3505130,35.05.18,2022,1616236.8010285117
3505130,35.05.18,2023,1436866.1991567146
3505130,35.05.18,2024,1557075.0317146613
3505130,35.05.18,2025,936376.2667967414
3505140,35.05.17,2018,2017210.232144718
3505140,35.05.17,2019,1418649.528761938
3505140,35.05.17,2020,1401884.8511393268
3505140,35.05.17,2021,2746283.687374655
3505140,35.05.17,2022,2041987.565598455
3505140,35.05.17,2023,2072310.2899802441
3505140,35.05.17,2024,2648354.9388588336
3505140,35.05.17,2025,1100841.9782260905
3505150,35.05.15,2018,1672950.2466277953
3505150,35.05.15,2019,862225.3929758542
3505150,35.05.15,2020,1353941.6515171875
3505150,35.05.15,2021,2572098.4752782984
3505150,35.05.15,2022,2122273.3474580357
3505150,35.05.15,2023,2326168.549719771
3505150,35.05.15,2024,2919341.321795973
3505150,35.05.15,2025,1422204.257742994
3505160,35.05.11,2018,1960046.8221400485
3505160,35.05.11,2019,1507171.1787111927
3505160,35.05.11,2020,1696694.9224784102
3505160,35.05.11,2021,2499330.865374588
3505160,35.05.11,2022,2640753.106264343
3505160,35.05.11,2023,2254657.8501097574
3505160,35.05.11,2024,2652409.4175686445
3505160,35.05.11,2025,850310.9365787985
3505170,35.05.09,2018,2079190.8673228303
3505170,35.05.09,2019,1139505.4309088276
3505170,35.05.09,2020,1175816.1615015932
3505170,35.05.09,2021,3592363.6775570214
3505170,35.05.09,2022,3283460.4069077815
3505170,35.05.09,2023,2582902.040316811
3505170,35.05.09,2024,3999114.4485963746
3505170,35.05.09,2025,508991.70042169024
3505180,35.05.07,2018,2115680.927493576
3505180,35.05.07,2019,1096802.3458326224
3505180,35.05.07,2020,1005290.2369045602
3505180,35.05.07,2021,2186975.1024917345
3505180,35.05.07,2022,1946559.7264611472
3505180,35.05.07,2023,1846718.8593341785
3505180,35.05.07,2024,2010534.2662650507
3505180,35.05.07,2025,870840.7471192598
3505190,35.05.06,2018,4950619.395230694
3505190,35.05.06,2019,1753913.3488824845
3505190,35.05.06,2020,1554749.8408681143
3505190,35.05.06,2021,4319556.117224389
3505190,35.05.06,2022,3771647.312930532
3505190,35.05.06,2023,2913570.2740304624
3505190,35.05.06,2024,3959047.312881649
3505190,35.05.06,2025,1069392.7426410778
3505200,35.05.03,2018,2378307.514083532
3505200,35.05.03,2019,1128669.865484093
3505200,35.05.03,2020,1126336.9014267707
3505200,35.05.03,2021,5630435.453351695
3505200,35.05.03,2022,2614804.1094940323
3505200,35.05.03,2023,2305566.6187871313
3505200,35.05.03,2024,2845424.1961824414
3505200,35.05.03,2025,674316.2311546581
3505210,35.05.01,2018,2329468.789047816
3505210,35.05.01,2019,764369.5761137926
3505210,35.05.01,2020,1019295.3576339536
3505210,35.05.01,2021,3987009.3279651846
3505210,35.05.01,2022,2514983.24653088
3505210,35.05.01,2023,2089551.1875973777
3505210,35.05.01,2024,2390828.4147279365
3505210,35.05.01,2025,741439.2825594736
3505220,35.05.02,2018,2117856.2344949264
3505220,35.05.02,2019,791499.2883523105
3505220,35.05.02,2020,616965.7742352841
3505220,35.05.02,2021,2585605.126323698
3505220,35.05.02,2022,1572292.8695773557
3505220,35.05.02,2023,1389687.1529646346
3505220,35.05.02,2024,1571770.72059757
3505220,35.05.02,2025,666432.0022060496
3506010,35.06.02,2018,2214293.54478476
3506010,35.06.02,2019,1686494.1807719574
3506010,35.06.02,2020,1523997.7457463115
3506010,35.06.02,2021,10639779.964063771
3506010,35.06.02,2022,5862179.007272581
3506010,35.06.02,2023,4996951.244519238
3506010,35.06.02,2024,5441710.90115747
3506010,35.06.02,2025,536139.2012298733
3506020,35.06.01,2018,1221376.7142204568
3506020,35.06.01,2019,1243405.170226815
3506020,35.06.01,2020,1226727.1944737923
3506020,35.06.01,2021,3018409.5569240293
3506020,35.06.01,2022,2461479.836474512
3506020,35.06.01,2023,2341783.7804568484
3506020,35.06.01,2024,2278534.727464825
3506020,35.06.01,2025,818109.0461351619
3506030,35.06.04,2018,1595061.8618940208
3506030,35.06.04,2019,1305483.9313320008
3506030,35.06.04,2020,1161030.9124719417
3506030,35.06.04,2021,2501349.225581455
3506030,35.06.04,2022,2253047.917378497
3506030,35.06.04,2023,1886857.0695214467
3506030,35.06.04,2024,1901615.195557939
3506030,35.06.04,2025,649109.9845694754
3506040,35.06.03,2018,1176255.884520802
3506040,35.06.03,2019,1303726.2862131882
3506040,35.06.03,2020,1229511.069927354
3506040,35.06.03,2021,2549518.2861584234
3506040,35.06.03,2022,2320421.3640718474
3506040,35.06.03,2023,2282414.5096217776
3506040,35.06.03,2024,2356489.159258145
3506040,35.06.03,2025,691451.2802332735
3506050,35.06.23,2018,1085957.146345967
3506050,35.06.23,2019,675304.1847362195
3506050,35.06.23,2020,750454.2306204645
3506050,35.06.23,2021,2179644.6058724923
3506050,35.06.23,2022,1488353.9676579097
3506050,35.06.23,2023,1592631.6500962873
3506050,35.06.23,2024,1814984.4028611996
3506050,35.06.23,2025,704056.6787926275
3506060,35.06.05,2018,1322985.6011011726
3506060,35.06.05,2019,827647.5261961132
3506060,35.06.05,2020,1002037.7532448475
3506060,35.06.05,2021,1180966.8817275804
3506060,35.06.05,2022,1130223.8475900379
3506060,35.06.05,2023,1126965.612560786
3506060,35.06.05,2024,1145958.426816614
3506060,35.06.05,2025,704796.7655484135
3506070,35.06.06,2018,1339402.2846417655
3506070,35.06.06,2019,1094167.1309406203
3506070,35.06.06,2020,1619172.899962819
3506070,35.06.06,2021,2021019.311622063
3506070,35.06.06,2022,2000881.5116221646
3506070,35.06.06,2023,1733520.507598607
3506070,35.06.06,2024,2146438.6571571045
3506070,35.06.06,2025,1071559.4736624039
3506080,35.06.07,2018,627014.1349170103
3506080,35.06.07,2019,803634.1629987365
3506080,35.06.07,2020,1076493.2262708747
3506080,35.06.07,2021,1182166.2167441435
3506080,35.06.07,2022,1493874.2683918828
3506080,35.06.07,2023,1318661.8920396217
3506080,35.06.07,2024,1590652.4425902432
3506080,35.06.07,2025,1472309.468672869
3506090,35.06.09,2018,1160787.0401012038
3506090,35.06.09,2019,1055208.433600698
3506090,35.06.09,2020,1221214.6204658984
3506090,35.06.09,2021,1386871.0421962698
3506090,35.06.09,2022,1595217.3529388797
3506090,35.06.09,2023,1498716.264724218
3506090,35.06.09,2024,1391826.4098110222
3506090,35.06.09,2025,1113590.240901623
3506100,35.06.10,2018,1496289.88014969
3506100,35.06.10,2019,1550456.2948311837
3506100,35.06.10,2020,1910849.920847881
3506100,35.06.10,2021,2861494.5509096086
3506100,35.06.10,2022,2612746.509385142
3506100,35.06.10,2023,2478239.5997556006
3506100,35.06.10,2024,2819080.475848149
3506100,35.06.10,2025,981217.7398777804
3506110,35.06.08,2018,840171.0464444575
3506110,35.06.08,2019,813719.627362451
3506110,35.06.08,2020,914904.2003110433
3506110,35.06.08,2021,970304.4131582745
3506110,35.06.08,2022,1141521.1917770314
3506110,35.06.08,2023,931492.2731859573
3506110,35.06.08,2024,1225418.442695821
3506110,35.06.08,2025,1008671.4557712727
3506120,35.06.18,2018,1438009.5541497055
3506120,35.06.18,2019,1162534.3012412193
3506120,35.06.18,2020,1296139.3032959255
3506120,35.06.18,2021,1870272.4624223914
3506120,35.06.18,2022,2080047.765723431
3506120,35.06.18,2023,1643870.643180282
3506120,35.06.18,2024,2329994.570358066
3506120,35.06.18,2025,1258830.1606910583
3506130,35.06.19,2018,822860.8989585242
3506130,35.06.19,2019,956019.4212269178
3506130,35.06.19,2020,1237539.9264570791
3506130,35.06.19,2021,1582118.8838506662
3506130,35.06.19,2022,1331986.9124405473
3506130,35.06.19,2023,1198537.3333190947
3506130,35.06.19,2024,1646185.854939055
3506130,35.06.19,2025,1131239.7884848486
3506140,35.06.17,2018,1703620.4801784358
3506140,35.06.17,2019,1753835.5673757363
3506140,35.06.17,2020,1817828.1508020053
3506140,35.06.17,2021,12963124.26153862
3506140,35.06.17,2022,5058857.701438818
3506140,35.06.17,2023,4141247.3084541815
3506140,35.06.17,2024,4993763.589070845
3506140,35.06.17,2025,897520.1289988252
3506141,35.06.26,2018,1466956.2961363182
3506141,35.06.26,2019,1171314.044317757
3506141,35.06.26,2020,1017033.8574019095
3506141,35.06.26,2021,1380367.8490768133
3506141,35.06.26,2022,1829830.9308574803
3506141,35.06.26,2023,1581807.1649426043
3506141,35.06.26,2024,1790141.5095900532
3506141,35.06.26,2025,1111177.2369641487
3506150,35.06.21,2018,752361.5719583738
3506150,35.06.21,2019,497691.56623156724
3506150,35.06.21,2020,516883.54882056825
3506150,35.06.21,2021,849835.1722520061
3506150,35.06.21,2022,1056077.900322812
3506150,35.06.21,2023,763597.6698961499
3506150,35.06.21,2024,1090026.7953191556
3506150,35.06.21,2025,930905.0870210755
3506160,35.06.16,2018,786375.4813162899
3506160,35.06.16,2019,822743.4801175274
3506160,35.06.16,2020,1079034.3729619952
3506160,35.06.16,2021,1389444.773121152
3506160,35.06.16,2022,1564541.603673739
3506160,35.06.16,2023,1151511.8651008864
3506160,35.06.16,2024,1580894.0232538965
3506160,35.06.16,2025,852968.782114104
3506170,35.06.15,2018,1054666.3504348847
3506170,35.06.15,2019,1173267.101064551
3506170,35.06.15,2020,1222309.4533708808
3506170,35.06.15,2021,1288119.513969155
3506170,35.06.15,2022,1812034.162665453
3506170,35.06.15,2023,1562223.9577582877
3506170,35.06.15,2024,1967675.5020282525
3506170,35.06.15,2025,1206915.531396748
3506180,35.06.14,2018,942542.3422165675
3506180,35.06.14,2019,906325.5040646308
3506180,35.06.14,2020,1012554.9116687032
3506180,35.06.14,2021,1837437.9721501714
3506180,35.06.14,2022,1504966.5687333727
3506180,35.06.14,2023,1301519.1284685372
3506180,35.06.14,2024,1251241.1464129677
3506180,35.06.14,2025,914086.6849840849
3506190,35.06.11,2018,782484.0712214168
3506190,35.06.11,2019,1139484.7026828623
3506190,35.06.11,2020,935394.7160342977
3506190,35.06.11,2021,1779615.4287236438
3506190,35.06.11,2022,1000998.0016995205
3506190,35.06.11,2023,1408113.054639755
3506190,35.06.11,2024,1748603.3093793367
3506190,35.06.11,2025,833108.5786425424
3506191,35.06.24,2018,880388.8183406687
3506191,35.06.24,2019,972499.3500734532
3506191,35.06.24,2020,794318.0315024718
3506191,35.06.24,2021,1320435.8583852805
3506191,35.06.24,2022,1344778.4827232936
3506191,35.06.24,2023,1431161.148944718
3506191,35.06.24,2024,1627016.0436190136
3506191,35.06.24,2025,702857.8393242504
3506200,35.06.12,2018,966921.2417057311
3506200,35.06.12,2019,886054.2799670432
3506200,35.06.12,2020,1015617.1565665917
3506200,35.06.12,2021,1850344.9814530695
3506200,35.06.12,2022,1716533.2224086907
3506200,35.06.12,2023,1426934.5208188135
3506200,35.06.12,2024,1291843.5929045028
3506200,35.06.12,2025,1067579.7838332772
3506201,35.06.25,2018,1105323.8842874945
3506201,35.06.25,2019,952326.3864303617
3506201,35.06.25,2020,919128.2138399727
3506201,35.06.25,2021,1733219.663135073
3506201,35.06.25,2022,1362579.6880422398
3506201,35.06.25,2023,1511060.2419164043
3506201,35.06.25,2024,1648294.5435368042
3506201,35.06.25,2025,1022612.4485320157
3506210,35.06.22,2018,1226137.2565740987
3506210,35.06.22,2019,847419.4952372601
3506210,35.06.22,2020,862968.4436299878
3506210,35.06.22,2021,1848651.3634804056
3506210,35.06.22,2022,1632294.1711112028
3506210,35.06.22,2023,1286621.8052011237
3506210,35.06.22,2024,1677616.1067231398
3506210,35.06.22,2025,848268.0321563649
3506220,35.06.13,2018,874642.4569565129
3506220,35.06.13,2019,712121.0907308565
3506220,35.06.13,2020,771978.3441013522
3506220,35.06.13,2021,1538642.7915957852
3506220,35.06.13,2022,1532714.7721949215
3506220,35.06.13,2023,1229835.8259455846
3506220,35.06.13,2024,1639545.0522398928
3506220,35.06.13,2025,832944.5315183485
3506230,35.06.20,2018,1536841.8701515808
3506230,35.06.20,2019,755478.2784126329
3506230,35.06.20,2020,722542.6584443322
3506230,35.06.20,2021,1279161.0735229524
3506230,35.06.20,2022,1403211.2801258944
3506230,35.06.20,2023,1243054.451779555
3506230,35.06.20,2024,1501992.4222827018
3506230,35.06.20,2025,696943.7668947915
3507010,35.07.01,2018,1172470.8861260838
3507010,35.07.01,2019,1089418.299514365
3507010,35.07.01,2020,1030064.0671174082
3507010,35.07.01,2021,2051056.1540252469
3507010,35.07.01,2022,2169622.833478588
3507010,35.07.01,2023,2254807.8762101913
3507010,35.07.01,2024,2506615.3300390807
3507010,35.07.01,2025,1023817.6286818093
3507030,35.07.02,2018,1119219.9610057038
3507030,35.07.02,2019,758896.7490652521
3507030,35.07.02,2020,1252100.2304456658
3507030,35.07.02,2021,1441126.069636966
3507030,35.07.02,2022,1650650.581314917
3507030,35.07.02,2023,1323320.590444243
3507030,35.07.02,2024,1574806.443747047
3507030,35.07.02,2025,870303.2649853328
3507040,35.07.03,2018,2722813.956984337
3507040,35.07.03,2019,1207461.599512787
3507040,35.07.03,2020,1431513.9497860037
3507040,35.07.03,2021,1748047.3208920516
3507040,35.07.03,2022,2534099.7773921094
3507040,35.07.03,2023,1904626.0754715162
3507040,35.07.03,2024,2315918.5700511923
3507040,35.07.03,2025,842925.6478287507
3507050,35.07.29,2018,941087.4773232198
3507050,35.07.29,2019,941249.914293408
3507050,35.07.29,2020,1110184.9452222772
3507050,35.07.29,2021,630028.1426302226
3507050,35.07.29,2022,1373578.5093130388
3507050,35.07.29,2023,1131753.0913118154
3507050,35.07.29,2024,1195510.6559303156
3507050,35.07.29,2025,869480.3269719741
3507060,35.07.04,2018,2186488.6563348365
3507060,35.07.04,2019,1356746.8201313158
3507060,35.07.04,2020,1552947.6864543413
3507060,35.07.04,2021,2411447.221190124
3507060,35.07.04,2022,2539785.2874546577
3507060,35.07.04,2023,2063509.220327574
3507060,35.07.04,2024,2366430.117262723
3507060,35.07.04,2025,1268211.3300868056
3507070,35.07.05,2018,3169210.6792058093
3507070,35.07.05,2019,2067993.676345123
3507070,35.07.05,2020,2479724.9026978216
3507070,35.07.05,2021,3336205.6035001907
3507070,35.07.05,2022,3555327.55690553
3507070,35.07.05,2023,3211211.1623099125
3507070,35.07.05,2024,4525706.182159065
3507070,35.07.05,2025,1000793.8842328517
3507080,35.07.30,2018,1750384.8220459213
3507080,35.07.30,2019,1227646.9192564595
3507080,35.07.30,2020,1484131.7930325265
3507080,35.07.30,2021,2926083.580811172
3507080,35.07.30,2022,2613396.5369804874
3507080,35.07.30,2023,2418175.2750943583
3507080,35.07.30,2024,2865666.739901573
3507080,35.07.30,2025,866237.3660368213
3507090,35.07.06,2018,1888772.6967954733
3507090,35.07.06,2019,602625.3075581993
3507090,35.07.06,2020,1120868.971641995
3507090,35.07.06,2021,2945635.34563204
3507090,35.07.06,2022,2297870.3968458734
3507090,35.07.06,2023,1898580.3684453159
3507090,35.07.06,2024,2540267.8563263067
3507090,35.07.06,2025,890537.7481516345
3507100,35.07.07,2018,3952870.7299528094
3507100,35.07.07,2019,2622043.4980435637
3507100,35.07.07,2020,2356331.264526298
3507100,35.07.07,2021,6545492.229461302
3507100,35.07.07,2022,4747097.137729871
3507100,35.07.07,2023,3893716.447543467
3507100,35.07.07,2024,4134366.926952998
3507100,35.07.07,2025,864399.3507675264
3507110,35.07.08,2018,1284092.2844721905
3507110,35.07.08,2019,1827830.8610527092
3507110,35.07.08,2020,2177891.085915194
3507110,35.07.08,2021,2967119.9053746797
3507110,35.07.08,2022,3218281.7187806466
3507110,35.07.08,2023,2337852.4041203205
3507110,35.07.08,2024,2832671.794077815
3507110,35.07.08,2025,890497.0239818173
3507120,35.07.09,2018,3304416.4981177594
3507120,35.07.09,2019,2021179.7593036115
3507120,35.07.09,2020,2308048.8795160004
3507120,35.07.09,2021,3162582.059731015
3507120,35.07.09,2022,3263760.594022131
3507120,35.07.09,2023,3402312.961362966
3507120,35.07.09,2024,4415957.658473574
3507120,35.07.09,2025,1771628.6935326357
3507130,35.07.14,2018,2105948.6276288084
3507130,35.07.14,2019,1298936.412034536
3507130,35.07.14,2020,1735476.6314348807
3507130,35.07.14,2021,5988208.296181543
3507130,35.07.14,2022,3130258.279704571
3507130,35.07.14,2023,2456837.541680114
3507130,35.07.14,2024,2895596.756411724
3507130,35.07.14,2025,845492.2418436452
3507140,35.07.10,2018,4062324.7429939453
3507140,35.07.10,2019,1435233.3780774924
3507140,35.07.10,2020,1246902.6456599939
3507140,35.07.10,2021,11272805.137793
3507140,35.07.10,2022,6600714.3321043765
3507140,35.07.10,2023,5908441.910541377
3507140,35.07.10,2024,7348822.917828478
3507140,35.07.10,2025,964365.3068225058
3507150,35.07.33,2018,1101898.7314388356
3507150,35.07.33,2019,820773.3438509691
3507150,35.07.33,2020,850390.6504000386
3507150,35.07.33,2021,2005444.1193390589
3507150,35.07.33,2022,2548174.144965665
3507150,35.07.33,2023,1961728.0653510077
3507150,35.07.33,2024,3574755.718509025
3507150,35.07.33,2025,593879.5070091789
3507160,35.07.13,2018,3530887.127963326
3507160,35.07.13,2019,2243456.659666996
3507160,35.07.13,2020,2266452.5211167666
3507160,35.07.13,2021,5557216.213037019
3507160,35.07.13,2022,5432145.701925004
3507160,35.07.13,2023,5395273.747819012
3507160,35.07.13,2024,7256893.546937082
3507160,35.07.13,2025,1409404.142527744
3507170,35.07.12,2018,1666275.7161856815
3507170,35.07.12,2019,1283865.1069068157
3507170,35.07.12,2020,1086540.1664308081
3507170,35.07.12,2021,1570410.7792221569
3507170,35.07.12,2022,1616978.1229895798
3507170,35.07.12,2023,1389225.1981410626
3507170,35.07.12,2024,1866689.1137939785
3507170,35.07.12,2025,982185.0547659447
3507180,35.07.31,2018,1034844.4183727935
3507180,35.07.31,2019,1650456.5077735356
3507180,35.07.31,2020,1174174.712026716
3507180,35.07.31,2021,1212056.6638257161
3507180,35.07.31,2022,1781882.0626822035
3507180,35.07.31,2023,1331339.1434173808
3507180,35.07.31,2024,1856724.0664247891
3507180,35.07.31,2025,3263556.993865501
3507190,35.07.20,2018,487933.85713391216
3507190,35.07.20,2019,798403.974302636
3507190,35.07.20,2020,1339033.9461968062
3507190,35.07.20,2021,1922303.3880048236
3507190,35.07.20,2022,3550397.034900306
3507190,35.07.20,2023,3330390.229245853
3507190,35.07.20,2024,4285023.474818772
3507190,35.07.20,2025,897464.4334800828
3507200,35.07.32,2018,1270153.7960675126
3507200,35.07.32,2019,890700.0849721029
3507200,35.07.32,2020,1121559.2069014045
3507200,35.07.32,2021,1289217.0103804232
3507200,35.07.32,2022,1368375.7406839945
3507200,35.07.32,2023,1195681.6225974257
3507200,35.07.32,2024,1252780.6262042115
3507200,35.07.32,2025,942455.1756496568
3507210,35.07.21,2018,1832862.9107850343
3507210,35.07.21,2019,1307218.8679478092
3507210,35.07.21,2020,1457397.367204016
3507210,35.07.21,2021,2280766.9309370704
3507210,35.07.21,2022,2458645.5766926385
3507210,35.07.21,2023,1653706.4244723136
3507210,35.07.21,2024,2080223.6714909005
3507210,35.07.21,2025,1329335.7909520501
3507220,35.07.19,2018,1815309.802939111
3507220,35.07.19,2019,1584409.9996673497
3507220,35.07.19,2020,1535888.5551778171
3507220,35.07.19,2021,4295165.118469564
3507220,35.07.19,2022,4080765.061126706
3507220,35.07.19,2023,3441791.1021774057
3507220,35.07.19,2024,5307605.107125756
3507220,35.07.19,2025,870231.9987231342
3507230,35.07.15,2018,695559.6865343305
3507230,35.07.15,2019,695559.6865343305
3507230,35.07.15,2020,1050479.2299454717
3507230,35.07.15,2021,1641105.7057581753
3507230,35.07.15,2022,1899277.9879237737
3507230,35.07.15,2023,1674984.2717061082
3507230,35.07.15,2024,2263968.525277792
3507230,35.07.15,2025,831380.7226029063
3507240,35.07.16,2018,1596499.6721192065
3507240,35.07.16,2019,1295330.9721439672
3507240,35.07.16,2020,1501403.4735816407
3507240,35.07.16,2021,2153636.3369083493
3507240,35.07.16,2022,1939621.1088872966
3507240,35.07.16,2023,1887826.9788752627
3507240,35.07.16,2024,2292614.5712968954
3507240,35.07.16,2025,1299084.0076881575
3507250,35.07.18,2018,3576957.372175556
3507250,35.07.18,2019,2421025.793854482
3507250,35.07.18,2020,2040596.865091875
3507250,35.07.18,2021,4929667.512272993
3507250,35.07.18,2022,4292232.525889178
3507250,35.07.18,2023,4268365.271483894
3507250,35.07.18,2024,5681663.848781986
3507250,35.07.18,2025,1795422.1526568586
3507260,35.07.17,2018,2968031.940995358
3507260,35.07.17,2019,1616607.7501171941
3507260,35.07.17,2020,1269751.4305771594
3507260,35.07.17,2021,2945612.038364356
3507260,35.07.17,2022,2399700.3316069464
3507260,35.07.17,2023,2398677.211719992
3507260,35.07.17,2024,3017930.6195364855
3507260,35.07.17,2025,1470551.260234027
3507270,35.07.25,2018,3070876.823955758
3507270,35.07.25,2019,2567689.203541096
3507270,35.07.25,2020,2100836.527500784
3507270,35.07.25,2021,4137744.307535299
3507270,35.07.25,2022,3495510.796410384
3507270,35.07.25,2023,2678168.481466794
3507270,35.07.25,2024,3553869.157983248
3507270,35.07.25,2025,1407548.1450949188
3507280,35.07.24,2018,8459492.917842338
3507280,35.07.24,2019,5044954.782351724
3507280,35.07.24,2020,4568237.918375574
3507280,35.07.24,2021,10964778.354702948
3507280,35.07.24,2022,10481833.096142998
3507280,35.07.24,2023,9165523.830646591
3507280,35.07.24,2024,13550640.353974175
3507280,35.07.24,2025,1812578.5751360122
3507290,35.07.23,2018,2816506.2480554767
3507290,35.07.23,2019,1591700.4623616221
3507290,35.07.23,2020,1893901.7938039063
3507290,35.07.23,2021,2125585.044337134
3507290,35.07.23,2022,2879239.0000110073
3507290,35.07.23,2023,2211113.395929914
3507290,35.07.23,2024,2501087.8009114913
3507290,35.07.23,2025,1557526.2630994418
3507300,35.07.22,2018,4637398.328621351
3507300,35.07.22,2019,3557271.5053492053
3507300,35.07.22,2020,3709520.423636858
3507300,35.07.22,2021,4513819.60634178
3507300,35.07.22,2022,3567695.294989284
3507300,35.07.22,2023,3691120.3001761925
3507300,35.07.22,2024,4186732.9249108145
3507300,35.07.22,2025,2130949.220540451
3507310,35.07.26,2018,1798276.3479431686
3507310,35.07.26,2019,1305451.8546443842
3507310,35.07.26,2020,1769876.6758605482
3507310,35.07.26,2021,3609052.7765022204
3507310,35.07.26,2022,3001902.9195470875
3507310,35.07.26,2023,2175926.742102938
3507310,35.07.26,2024,3034090.603982707
3507310,35.07.26,2025,1091852.33205631
3507320,35.07.27,2018,1704542.1721695564
3507320,35.07.27,2019,1518719.032693899
3507320,35.07.27,2020,1736420.912279128
3507320,35.07.27,2021,2323437.324666451
3507320,35.07.27,2022,1959410.5649877486
3507320,35.07.27,2023,1180826.6743689799
3507320,35.07.27,2024,2229201.2073640246
3507320,35.07.27,2025,2474605.637246716
3507330,35.07.28,2018,867715.2114219491
3507330,35.07.28,2019,840067.2153724035
3507330,35.07.28,2020,1398750.1023804138
3507330,35.07.28,2021,1238098.603959614
3507330,35.07.28,2022,1325785.0755077389
3507330,35.07.28,2023,1095865.9644614498
3507330,35.07.28,2024,1435123.9350650017
3507330,35.07.28,2025,823416.8385625456
3508010,35.08.01,2018,1107297.962537998
3508010,35.08.01,2019,878500.049393827
3508010,35.08.01,2020,653194.4491285852
3508010,35.08.01,2021,898978.5054319656
3508010,35.08.01,2022,1061879.0950623637
3508010,35.08.01,2023,1323666.4137812525
3508010,35.08.01,2024,1441813.6200301817
3508010,35.08.01,2025,940031.4084346133
3508020,35.08.02,2018,1131351.524669367
3508020,35.08.02,2019,917474.2329821272
3508020,35.08.02,2020,1045496.5095282425
3508020,35.08.02,2021,1435626.9069562042
3508020,35.08.02,2022,1575273.9366730365
3508020,35.08.02,2023,1185527.842756232
3508020,35.08.02,2024,1509182.6292109808
3508020,35.08.02,2025,908678.4242210942
3508030,35.08.03,2018,1517566.3311038367
3508030,35.08.03,2019,1064308.2771372786
3508030,35.08.03,2020,1183509.63939305
3508030,35.08.03,2021,1213885.6833406026
3508030,35.08.03,2022,1676588.9808408439
3508030,35.08.03,2023,1247117.746709791
3508030,35.08.03,2024,1369312.657782849
3508030,35.08.03,2025,1372101.8203016089
3508040,35.08.04,2018,1827553.594876063
3508040,35.08.04,2019,1958061.4913757143
3508040,35.08.04,2020,2632460.225572063
3508040,35.08.04,2021,1421200.5450512776
3508040,35.08.04,2022,2141219.1813580524
3508040,35.08.04,2023,1856402.4437263692
3508040,35.08.04,2024,2175265.6570160883
3508040,35.08.04,2025,1062528.8980428549
3508050,35.08.05,2018,1891270.4014631144
3508050,35.08.05,2019,1236427.9618831403
3508050,35.08.05,2020,1174326.5790705206
3508050,35.08.05,2021,2568484.6951009026
3508050,35.08.05,2022,2746566.465416317
3508050,35.08.05,2023,2697775.609897056
3508050,35.08.05,2024,3548750.7064700266
3508050,35.08.05,2025,962887.9195051063
3508060,35.08.10,2018,3109720.024843277
3508060,35.08.10,2019,2184187.0677329856
3508060,35.08.10,2020,2366200.508848841
3508060,35.08.10,2021,4210468.48156957
3508060,35.08.10,2022,4350874.234346558
3508060,35.08.10,2023,6581669.719025532
3508060,35.08.10,2024,8094632.942615077
3508060,35.08.10,2025,2265092.1130925007
3508061,35.08.21,2018,1010886.4283932601
3508061,35.08.21,2019,771778.5635331307
3508061,35.08.21,2020,680420.7306166126
3508061,35.08.21,2021,1278069.5815434798
3508061,35.08.21,2022,998219.9626119412
3508061,35.08.21,2023,783982.3383732613
3508061,35.08.21,2024,902562.1916300643
3508061,35.08.21,2025,907678.5260472111
3508070,35.08.09,2018,1212133.887715091
3508070,35.08.09,2019,678870.9654580359
3508070,35.08.09,2020,626312.405344103
3508070,35.08.09,2021,773933.6055211263
3508070,35.08.09,2022,1182456.5951786335
3508070,35.08.09,2023,1176254.7406046619
3508070,35.08.09,2024,1399776.6567113306
3508070,35.08.09,2025,772848.0243948901
3508080,35.08.06,2018,1273249.2445753
3508080,35.08.06,2019,712320.4567994705
3508080,35.08.06,2020,840010.5735377048
3508080,35.08.06,2021,922017.4684324346
3508080,35.08.06,2022,1259574.4936983974
3508080,35.08.06,2023,1331150.250199495
3508080,35.08.06,2024,1950188.8019260592
3508080,35.08.06,2025,564377.4364264931
3508090,35.08.07,2018,1370930.3176809973
3508090,35.08.07,2019,923105.831956153
3508090,35.08.07,2020,930239.003878041
3508090,35.08.07,2021,1444122.36262561
3508090,35.08.07,2022,1683331.2271372217
3508090,35.08.07,2023,1505495.3215635775
3508090,35.08.07,2024,1904798.4051783176
3508090,35.08.07,2025,868401.5322348279
3508100,35.08.08,2018,820878.2004641208
3508100,35.08.08,2019,759669.8630983409
3508100,35.08.08,2020,877734.0413641407
3508100,35.08.08,2021,560747.28270601
3508100,35.08.08,2022,1008644.0970360304
3508100,35.08.08,2023,1075037.9590857683
3508100,35.08.08,2024,1454904.8260088754
3508100,35.08.08,2025,872407.7584864954
3508110,35.08.17,2018,1032580.3828199632
3508110,35.08.17,2019,908774.9389337267
3508110,35.08.17,2020,886598.0548305066
3508110,35.08.17,2021,1336322.520007862
3508110,35.08.17,2022,1297088.3761767019
3508110,35.08.17,2023,1270633.2344432853
3508110,35.08.17,2024,1553961.8365440613
3508110,35.08.17,2025,824003.0192726159
3508120,35.08.18,2018,975510.9695605736
3508120,35.08.18,2019,958756.908024087
3508120,35.08.18,2020,1403936.4008948621
3508120,35.08.18,2021,3506395.4500187305
3508120,35.08.18,2022,3098630.9652136024
3508120,35.08.18,2023,2244720.550845508
3508120,35.08.18,2024,2925452.3310168292
3508120,35.08.18,2025,649388.5350067435
3508130,35.08.15,2018,1278991.6765508675
3508130,35.08.15,2019,964618.592409021
3508130,35.08.15,2020,870908.5594630981
3508130,35.08.15,2021,1023044.755933451
3508130,35.08.15,2022,1454965.5365715846
3508130,35.08.15,2023,1332949.6140958664
3508130,35.08.15,2024,1687167.0914702173
3508130,35.08.15,2025,1435266.28607645
3508140,35.08.14,2018,1139436.1379294728
3508140,35.08.14,2019,744007.3296306515
3508140,35.08.14,2020,732394.7051455539
3508140,35.08.14,2021,898838.3119609841
3508140,35.08.14,2022,1138396.3302602726
3508140,35.08.14,2023,961510.622342736
3508140,35.08.14,2024,1192417.476032208
3508140,35.08.14,2025,815677.0090191956
3508150,35.08.11,2018,1604039.9707315052
3508150,35.08.11,2019,848896.2497153536
3508150,35.08.11,2020,1189067.616262753
3508150,35.08.11,2021,2074749.3993558048
3508150,35.08.11,2022,2370849.2374754064
3508150,35.08.11,2023,1864683.620190589
3508150,35.08.11,2024,2292011.4010770223
3508150,35.08.11,2025,1013012.1248911535
3508160,35.08.12,2018,2477223.7235093205
3508160,35.08.12,2019,1216788.6677652416
3508160,35.08.12,2020,1296922.1011205097
3508160,35.08.12,2021,2408089.1239515366
3508160,35.08.12,2022,2666096.526702985
3508160,35.08.12,2023,2220414.5942421975
3508160,35.08.12,2024,2549418.077260264
3508160,35.08.12,2025,1762571.2320625342
3508170,35.08.13,2018,1183960.0602974105
3508170,35.08.13,2019,862156.6937363287
3508170,35.08.13,2020,1079743.139812905
3508170,35.08.13,2021,942283.9002945202
3508170,35.08.13,2022,1211400.2982920387
3508170,35.08.13,2023,931074.9581553461
3508170,35.08.13,2024,1160419.427628365
3508170,35.08.13,2025,1000045.6204239115
3508180,35.08.16,2018,1525004.146172527
3508180,35.08.16,2019,603342.1579245388
3508180,35.08.16,2020,813755.8264867177
3508180,35.08.16,2021,2151627.145465351
3508180,35.08.16,2022,1492052.7544219191
3508180,35.08.16,2023,1421092.1133667086
3508180,35.08.16,2024,2198228.4847114095
3508180,35.08.16,2025,763145.1686927018
3508190,35.08.19,2018,1819819.0367884785
3508190,35.08.19,2019,1712250.237554971
3508190,35.08.19,2020,2262430.2259674994
3508190,35.08.19,2021,2277435.9154490703
3508190,35.08.19,2022,2453489.808812808
3508190,35.08.19,2023,2360163.424707453
3508190,35.08.19,2024,2417763.0716818585
3508190,35.08.19,2025,969986.3205568168
3508200,35.08.20,2018,2282199.0344352126
3508200,35.08.20,2019,1535915.5968157314
3508200,35.08.20,2020,1332385.6165297525
3508200,35.08.20,2021,1688494.034479316
3508200,35.08.20,2022,2067007.9676301265
3508200,35.08.20,2023,2226546.404166977
3508200,35.08.20,2024,2993793.922709569
3508200,35.08.20,2025,1070751.6474529016
3509010,35.09.02,2018,992521.890785989
3509010,35.09.02,2019,866700.9188767163
3509010,35.09.02,2020,1060122.68982467
3509010,35.09.02,2021,1506509.182123695
3509010,35.09.02,2022,1476064.3927044105
3509010,35.09.02,2023,1180358.735786315
3509010,35.09.02,2024,1341676.8638003813
3509010,35.09.02,2025,1111696.1342404953
3509020,35.09.04,2018,2426791.208734319
3509020,35.09.04,2019,1364970.9580598804
3509020,35.09.04,2020,1495260.0135705757
3509020,35.09.04,2021,3813198.2700811573
3509020,35.09.04,2022,2648756.366089014
3509020,35.09.04,2023,2214493.080218934
3509020,35.09.04,2024,2333329.7683779383
3509020,35.09.04,2025,1033521.6415196963
3509030,35.09.08,2018,3494555.375664575
3509030,35.09.08,2019,3382125.9685467966
3509030,35.09.08,2020,3936890.7379297866
3509030,35.09.08,2021,3432146.1904745726
3509030,35.09.08,2022,3896432.24576106
3509030,35.09.08,2023,3357767.0953602893
3509030,35.09.08,2024,3997023.4985928377
3509030,35.09.08,2025,1255045.2711482178
3509040,35.09.11,2018,4688868.908621034
3509040,35.09.11,2019,2393562.8095637285
3509040,35.09.11,2020,2157275.950045731
3509040,35.09.11,2021,4066027.328259336
3509040,35.09.11,2022,3285555.700808265
3509040,35.09.11,2023,3194728.1377090914
3509040,35.09.11,2024,4031332.2776186666
3509040,35.09.11,2025,1922139.6824734416
3509050,35.09.12,2018,2440946.7008022587
3509050,35.09.12,2019,1762936.8678798124
3509050,35.09.12,2020,2020516.4567338582
3509050,35.09.12,2021,9165511.578337109
3509050,35.09.12,2022,4572558.754927581
3509050,35.09.12,2023,3883022.8901875904
3509050,35.09.12,2024,4756621.39769467
3509050,35.09.12,2025,748549.1057561968
3509060,35.09.18,2018,1827502.541957864
3509060,35.09.18,2019,1186710.167929537
3509060,35.09.18,2020,1157024.22245409
3509060,35.09.18,2021,2660109.8775280337
3509060,35.09.18,2022,1997763.9540181465
3509060,35.09.18,2023,2080153.0586380041
3509060,35.09.18,2024,2051468.5937310017
3509060,35.09.18,2025,960069.1036234986
3509070,35.09.30,2018,5882799.219440473
3509070,35.09.30,2019,1471505.021644007
3509070,35.09.30,2020,1267572.5816477945
3509070,35.09.30,2021,6275531.371674409
3509070,35.09.30,2022,3649310.5255530328
3509070,35.09.30,2023,3227074.0619439073
3509070,35.09.30,2024,3643828.205058257
3509070,35.09.30,2025,1326018.679675101
3509080,35.09.26,2018,661614.9293840291
3509080,35.09.26,2019,735603.009875079
3509080,35.09.26,2020,778494.5287615405
3509080,35.09.26,2021,1395833.2574756406
3509080,35.09.26,2022,1728921.2086508628
3509080,35.09.26,2023,1541062.5863384989
3509080,35.09.26,2024,1696746.5496497324
3509080,35.09.26,2025,943826.9843513155
3509090,35.09.23,2018,1227498.1025342774
3509090,35.09.23,2019,601804.0353685376
3509090,35.09.23,2020,950337.2306716689
3509090,35.09.23,2021,1587034.4985053346
3509090,35.09.23,2022,1795354.4471647919
3509090,35.09.23,2023,1465688.271211526
3509090,35.09.23,2024,1680950.9476773378
3509090,35.09.23,2025,680774.4964545654
3509100,35.09.16,2018,1977034.0265899731
3509100,35.09.16,2019,1191066.962535156
3509100,35.09.16,2020,996379.980430583
3509100,35.09.16,2021,6350306.509319301
3509100,35.09.16,2022,2688239.098027745
3509100,35.09.16,2023,2308181.7447284684
3509100,35.09.16,2024,2390211.855148326
3509100,35.09.16,2025,938056.2102154271
3509110,35.09.17,2018,1278542.3767223987
3509110,35.09.17,2019,847011.4070737141
3509110,35.09.17,2020,1241154.9971092942
3509110,35.09.17,2021,3646135.410292611
3509110,35.09.17,2022,2361876.6117898896
3509110,35.09.17,2023,2205602.3616183572
3509110,35.09.17,2024,2508559.6552328817
3509110,35.09.17,2025,733129.2450003863
3509120,35.09.13,2018,1620270.312895365
3509120,35.09.13,2019,1096775.7260003693
3509120,35.09.13,2020,1424452.4960470726
3509120,35.09.13,2021,3029661.9515782404
3509120,35.09.13,2022,1989003.5013342851
3509120,35.09.13,2023,2388204.666776406
3509120,35.09.13,2024,2608731.8882384966
3509120,35.09.13,2025,845492.2287263371
3509130,35.09.10,2018,1725378.982492368
3509130,35.09.10,2019,1747053.5867693583
3509130,35.09.10,2020,1877111.2796850444
3509130,35.09.10,2021,1702665.3829765692
3509130,35.09.10,2022,1903751.0935943623
3509130,35.09.10,2023,1700046.3427439881
3509130,35.09.10,2024,2251148.4597408455
3509130,35.09.10,2025,1650414.0954596538
3509140,35.09.05,2018,1395400.6609676327
3509140,35.09.05,2019,1075241.225484687
3509140,35.09.05,2020,1219069.8422438705
3509140,35.09.05,2021,1809347.5798089223
3509140,35.09.05,2022,1893519.1541932623
3509140,35.09.05,2023,1831766.5363537886
3509140,35.09.05,2024,2143975.4698588965
3509140,35.09.05,2025,667361.4919186999
3509150,35.09.07,2018,1036392.6579243492
3509150,35.09.07,2019,699959.8138378955
3509150,35.09.07,2020,688366.8979709704
3509150,35.09.07,2021,1402290.7802968507
3509150,35.09.07,2022,1172254.2353167986
3509150,35.09.07,2023,1031016.0481885853
3509150,35.09.07,2024,1519438.4891043163
3509150,35.09.07,2025,592664.7462010246
3509160,35.09.01,2018,780477.6043512743
3509160,35.09.01,2019,761733.8373077563
3509160,35.09.01,2020,949642.1186277348
3509160,35.09.01,2021,1485863.5454860805
3509160,35.09.01,2022,1666781.8904033296
3509160,35.09.01,2023,1231848.8693810273
3509160,35.09.01,2024,1400442.5658928445
3509160,35.09.01,2025,1205709.354251997
3509170,35.09.03,2018,5546908.106318818
3509170,35.09.03,2019,1438406.2806130114
3509170,35.09.03,2020,1549263.323206631
3509170,35.09.03,2021,5632580.876338795
3509170,35.09.03,2022,3939315.600615666
3509170,35.09.03,2023,3514831.102460522
3509170,35.09.03,2024,4255556.923892
3509170,35.09.03,2025,1063552.619838347
3509180,35.09.06,2018,5176874.45038692
3509180,35.09.06,2019,1390598.1507187807
3509180,35.09.06,2020,1453916.4914463395
3509180,35.09.06,2021,2885855.2085479563
3509180,35.09.06,2022,3432394.560428874
3509180,35.09.06,2023,2579805.0909305494
3509180,35.09.06,2024,3498942.738079318
3509180,35.09.06,2025,1176228.4905294073
3509190,35.09.09,2018,19781649.761042498
3509190,35.09.09,2019,2364604.024323282
3509190,35.09.09,2020,1828748.9118167222
3509190,35.09.09,2021,3629287.606567506
3509190,35.09.09,2022,3474282.956095394
3509190,35.09.09,2023,2655876.237894872
3509190,35.09.09,2024,3135958.40888519
3509190,35.09.09,2025,1640548.1331981868
3509200,35.09.14,2018,3103318.690052124
3509200,35.09.14,2019,1629131.5064042227
3509200,35.09.14,2020,1579237.5767675766
3509200,35.09.14,2021,4783278.21335982
3509200,35.09.14,2022,2798925.8374495287
3509200,35.09.14,2023,1926905.2732026586
3509200,35.09.14,2024,2122291.2009505616
3509200,35.09.14,2025,964772.3300151398
3509210,35.09.15,2018,642236.16768978
3509210,35.09.15,2019,728315.2849046898
3509210,35.09.15,2020,870362.1173265
3509210,35.09.15,2021,848204.4677332153
3509210,35.09.15,2022,1022576.9841690299
3509210,35.09.15,2023,843566.6546639794
3509210,35.09.15,2024,1013814.3779010803
3509210,35.09.15,2025,1014839.4737901379
3509220,35.09.22,2018,776512.0846564396
3509220,35.09.22,2019,805291.213434645
3509220,35.09.22,2020,937095.321621129
3509220,35.09.22,2021,797777.86350985
3509220,35.09.22,2022,957591.8273492398
3509220,35.09.22,2023,803421.9659444996
3509220,35.09.22,2024,1078363.136093383
3509220,35.09.22,2025,1296668.3258098112
3509230,35.09.24,2018,788394.4458102287
3509230,35.09.24,2019,802740.9497809708
3509230,35.09.24,2020,812323.3074029264
3509230,35.09.24,2021,1200204.769611046
3509230,35.09.24,2022,1226485.247330305
3509230,35.09.24,2023,1106289.1134939021
3509230,35.09.24,2024,1328392.718639622
3509230,35.09.24,2025,805125.9512444144
3509240,35.09.27,2018,3395095.7127901358
3509240,35.09.27,2019,876635.115942007
3509240,35.09.27,2020,815318.3757942274
3509240,35.09.27,2021,1303676.3422486088
3509240,35.09.27,2022,1586508.3238926954
3509240,35.09.27,2023,1347028.2665242425
3509240,35.09.27,2024,1417657.669631642
3509240,35.09.27,2025,979673.47448323
3509250,35.09.28,2018,2751023.030493324
3509250,35.09.28,2019,1220264.4649676885
3509250,35.09.28,2020,912299.7726383831
3509250,35.09.28,2021,4744455.135987497
3509250,35.09.28,2022,2990162.239801598
3509250,35.09.28,2023,3090869.1151028746
3509250,35.09.28,2024,2921283.1725676837
3509250,35.09.28,2025,1219731.9578785724
3509260,35.09.31,2018,3658497.4524085447
3509260,35.09.31,2019,1262743.6688389801
3509260,35.09.31,2020,1031208.108536433
3509260,35.09.31,2021,2613042.540925874
3509260,35.09.31,2022,2267554.1778824204
3509260,35.09.31,2023,1859219.9037093676
3509260,35.09.31,2024,2487772.4942681976
3509260,35.09.31,2025,1000221.1362370781
3509270,35.09.29,2018,2528673.083237862
3509270,35.09.29,2019,989311.3696940978
3509270,35.09.29,2020,920193.0469410033
3509270,35.09.29,2021,4974566.378367343
3509270,35.09.29,2022,2498768.7329433435
3509270,35.09.29,2023,2221209.5241852617
3509270,35.09.29,2024,2630086.478453309
3509270,35.09.29,2025,1851292.162228061
3509280,35.09.25,2018,462179.7474406578
3509280,35.09.25,2019,588637.4000490996
3509280,35.09.25,2020,757920.6148124596
3509280,35.09.25,2021,1264676.606555067
3509280,35.09.25,2022,1516607.0545186133
3509280,35.09.25,2023,1112537.0207706601
3509280,35.09.25,2024,1694317.1236247288
3509280,35.09.25,2025,985275.8667377874
3509710,35.09.19,2018,2757101.70325455
3509710,35.09.19,2019,2433138.029894681
3509710,35.09.19,2020,2556683.9708995614
3509710,35.09.19,2021,4071013.5140085276
3509710,35.09.19,2022,4386396.856928445
3509710,35.09.19,2023,3939326.3692950327
3509710,35.09.19,2024,5127973.009126675
3509710,35.09.19,2025,2571931.991462552
3509720,35.09.21,2018,3195770.3607399934
3509720,35.09.21,2019,2959797.378326174
3509720,35.09.21,2020,2832790.2181128566
3509720,35.09.21,2021,6435044.117907318
3509720,35.09.21,2022,4112978.8570934637
3509720,35.09.21,2023,3317495.9666180518
3509720,35.09.21,2024,4733176.358082553
3509720,35.09.21,2025,2493420.224130825
3509730,35.09.20,2018,3302476.339170626
3509730,35.09.20,2019,2196700.1896769926
3509730,35.09.20,2020,2745485.349360212
3509730,35.09.20,2021,3170631.8639722797
3509730,35.09.20,2022,3972749.1841312423
3509730,35.09.20,2023,2594280.7271845364
3509730,35.09.20,2024,3613745.9594799774
3509730,35.09.20,2025,1598782.5683133118
3510010,35.10.01,2018,2198867.1405382636
3510010,35.10.01,2019,1191530.8801148906
3510010,35.10.01,2020,1115009.4997168274
3510010,35.10.01,2021,1827132.6965659503
3510010,35.10.01,2022,1973215.3367491527
3510010,35.10.01,2023,1413714.6503907503
3510010,35.10.01,2024,1938389.8663960132
3510010,35.10.01,2025,1827830.9492037522
3510011,35.10.22,2018,1874625.3414111119
3510011,35.10.22,2019,1028246.6592175752
3510011,35.10.22,2020,1053015.2956201227
3510011,35.10.22,2021,2671545.6006364487
3510011,35.10.22,2022,1952431.6876967738
3510011,35.10.22,2023,1687821.6729514522
3510011,35.10.22,2024,2134791.2893733378
3510011,35.10.22,2025,1481286.6454910354
3510020,35.10.02,2018,1988638.150590508
3510020,35.10.02,2019,1189780.3123874413
3510020,35.10.02,2020,1257182.082370646
3510020,35.10.02,2021,1944784.5650130175
3510020,35.10.02,2022,2229227.376985238
3510020,35.10.02,2023,2041501.6260648626
3510020,35.10.02,2024,2754888.2899513217
3510020,35.10.02,2025,1326820.6969891381
3510030,35.10.03,2018,1865090.7836556952
3510030,35.10.03,2019,1675128.2533586735
3510030,35.10.03,2020,2290099.153235842
3510030,35.10.03,2021,3007442.329548465
3510030,35.10.03,2022,2602993.257857456
3510030,35.10.03,2023,1934285.3128096368
3510030,35.10.03,2024,2475624.110293839
3510030,35.10.03,2025,2039952.8448601812
3510040,35.10.04,2018,1877167.5173101996
3510040,35.10.04,2019,1429467.975496992
3510040,35.10.04,2020,1352814.9995186483
3510040,35.10.04,2021,5460252.551296968
3510040,35.10.04,2022,3354851.9017312443
3510040,35.10.04,2023,2871787.5528688007
3510040,35.10.04,2024,4813284.942590192
3510040,35.10.04,2025,1308458.5882749092
3510050,35.10.05,2018,3304115.299297385
3510050,35.10.05,2019,1721058.935097952
3510050,35.10.05,2020,1719971.922711177
3510050,35.10.05,2021,4549893.577439951
3510050,35.10.05,2022,4108518.4501188355
3510050,35.10.05,2023,3315228.7088817786
3510050,35.10.05,2024,4257581.444906111
3510050,35.10.05,2025,1575950.3985615247
3510060,35.10.06,2018,3432014.1721778014
3510060,35.10.06,2019,2264132.46318529
3510060,35.10.06,2020,2279869.062795311
3510060,35.10.06,2021,5490423.076354041
3510060,35.10.06,2022,4290647.576715993
3510060,35.10.06,2023,4937669.899188212
3510060,35.10.06,2024,4527725.409903879
3510060,35.10.06,2025,1032626.4649166928
3510070,35.10.07,2018,1598610.3465210656
3510070,35.10.07,2019,1189591.4420833623
3510070,35.10.07,2020,1568492.3125533038
3510070,35.10.07,2021,1761608.4080036639
3510070,35.10.07,2022,2338950.964313532
3510070,35.10.07,2023,2052180.2728883917
3510070,35.10.07,2024,2491465.6825346523
3510070,35.10.07,2025,985025.2864740957
3510071,35.10.23,2018,1500338.4953813176
3510071,35.10.23,2019,1072224.204627719
3510071,35.10.23,2020,1155258.7607793042
3510071,35.10.23,2021,1178038.9020046683
3510071,35.10.23,2022,1347136.5087955939
3510071,35.10.23,2023,1193714.544523404
3510071,35.10.23,2024,1665286.4441004836
3510071,35.10.23,2025,1218043.139479597
3510080,35.10.10,2018,1844679.8168956358
3510080,35.10.10,2019,1336004.7921588297
3510080,35.10.10,2020,1660706.2722674648
3510080,35.10.10,2021,2312456.2387056607
3510080,35.10.10,2022,2858689.236352493
3510080,35.10.10,2023,2142677.8637867873
3510080,35.10.10,2024,2755980.2147431397
3510080,35.10.10,2025,1211480.4344789258
3510090,35.10.11,2018,1359992.9691519479
3510090,35.10.11,2019,1054932.306745973
3510090,35.10.11,2020,1143701.1409839499
3510090,35.10.11,2021,1259301.087330556
3510090,35.10.11,2022,1418908.7007105255
3510090,35.10.11,2023,1261036.064974233
3510090,35.10.11,2024,1422378.4381386081
3510090,35.10.11,2025,1227376.7880978908
3510100,35.10.09,2018,2441486.0699162683
3510100,35.10.09,2019,1507193.3484664569
3510100,35.10.09,2020,1745479.8628305078
3510100,35.10.09,2021,4419823.974711364
3510100,35.10.09,2022,4367573.222244226
3510100,35.10.09,2023,3734390.132618293
3510100,35.10.09,2024,4479532.0582599435
3510100,35.10.09,2025,1592747.0843031872
3510110,35.10.08,2018,2781718.644532141
3510110,35.10.08,2019,1513728.3789259528
3510110,35.10.08,2020,1616101.2222954014
3510110,35.10.08,2021,7317535.556119604
3510110,35.10.08,2022,4213735.753692916
3510110,35.10.08,2023,3538652.677781647
3510110,35.10.08,2024,4395482.085610765
3510110,35.10.08,2025,1265461.5922925526
3510120,35.10.13,2018,1229736.3320699225
3510120,35.10.13,2019,906030.6160939718
3510120,35.10.13,2020,967805.2328554073
3510120,35.10.13,2021,1335692.6185285843
3510120,35.10.13,2022,1493469.0666736017
3510120,35.10.13,2023,1238853.6471284505
3510120,35.10.13,2024,1510897.4867327164
3510120,35.10.13,2025,1199289.302675084
3510121,35.10.25,2018,1384316.4747090705
3510121,35.10.25,2019,976183.6437159205
3510121,35.10.25,2020,905662.2120901386
3510121,35.10.25,2021,2156241.388666191
3510121,35.10.25,2022,1945774.8279185528
3510121,35.10.25,2023,1288098.5473320927
3510121,35.10.25,2024,1871307.3635694887
3510121,35.10.25,2025,1012679.7650139653
3510130,35.10.14,2018,1336271.0574935752
3510130,35.10.14,2019,1070884.283541272
3510130,35.10.14,2020,1283067.7473358484
3510130,35.10.14,2021,10162464.582139906
3510130,35.10.14,2022,2723527.610432928
3510130,35.10.14,2023,2989583.3204044476
3510130,35.10.14,2024,3115171.3611457124
3510130,35.10.14,2025,807427.1734846338
3510140,35.10.12,2018,929426.4511930933
3510140,35.10.12,2019,780958.882077688
3510140,35.10.12,2020,990516.1567989432
3510140,35.10.12,2021,1523561.212446041
3510140,35.10.12,2022,1278859.0423067224
3510140,35.10.12,2023,1063280.29528551
3510140,35.10.12,2024,1359402.2997971787
3510140,35.10.12,2025,1007218.1230843853
3510150,35.10.20,2018,1469896.510134242
3510150,35.10.20,2019,1411727.3111728362
3510150,35.10.20,2020,1540830.1503273463
3510150,35.10.20,2021,3226440.6721741636
3510150,35.10.20,2022,2570260.7011165237
3510150,35.10.20,2023,2274601.4190396657
3510150,35.10.20,2024,2825481.562352515
3510150,35.10.20,2025,1261073.7207553377
3510160,35.10.19,2018,802938.4963572551
3510160,35.10.19,2019,885480.2175051972
3510160,35.10.19,2020,1140587.9957208522
3510160,35.10.19,2021,1992725.4262722903
3510160,35.10.19,2022,2061585.1474291903
3510160,35.10.19,2023,1915212.2782512954
3510160,35.10.19,2024,2773593.7011542562
3510160,35.10.19,2025,1040247.5497030459
3510170,35.10.15,2018,1001039.9160222578
3510170,35.10.15,2019,756169.5962556447
3510170,35.10.15,2020,907039.9044988711
3510170,35.10.15,2021,3762424.954694988
3510170,35.10.15,2022,1347287.8224374196
3510170,35.10.15,2023,1180964.2123980012
3510170,35.10.15,2024,1268569.0984033947
3510170,35.10.15,2025,2768171.664711435
3510171,35.10.24,2018,745798.4884496492
3510171,35.10.24,2019,785917.1595237007
3510171,35.10.24,2020,1407138.183626798
3510171,35.10.24,2021,1424576.1119362384
3510171,35.10.24,2022,1397521.844569264
3510171,35.10.24,2023,1031652.9716967016
3510171,35.10.24,2024,1485598.310303244
3510171,35.10.24,2025,1797889.8030404048
3510180,35.10.16,2018,2075378.8456914406
3510180,35.10.16,2019,1815263.8899106714
3510180,35.10.16,2020,2273295.265894932
3510180,35.10.16,2021,5793277.847004212
3510180,35.10.16,2022,4193522.271083085
3510180,35.10.16,2023,4076811.466475928
3510180,35.10.16,2024,4845018.950631409
3510180,35.10.16,2025,1190377.9229482815
3510190,35.10.17,2018,1139561.0088291715
3510190,35.10.17,2019,1752890.4370297976
3510190,35.10.17,2020,1101045.8622993145
3510190,35.10.17,2021,1272484.4707526008
3510190,35.10.17,2022,1249095.3527048987
3510190,35.10.17,2023,1114231.4960228452
3510190,35.10.17,2024,1456774.2116936657
3510190,35.10.17,2025,1057913.3351242451
3510200,35.10.21,2018,1921848.089519572
3510200,35.10.21,2019,1252110.3444193166
3510200,35.10.21,2020,1484618.4088545314
3510200,35.10.21,2021,2191729.449635814
3510200,35.10.21,2022,2581827.926178218
3510200,35.10.21,2023,2124513.2300743884
3510200,35.10.21,2024,2211023.456555648
3510200,35.10.21,2025,1433810.7260988445
3510210,35.10.18,2018,1638885.782280827
3510210,35.10.18,2019,1155181.0763604548
3510210,35.10.18,2020,1163310.9744109134
3510210,35.10.18,2021,944774.6828200929
3510210,35.10.18,2022,1843078.2474774043
3510210,35.10.18,2023,1619682.1944257193
3510210,35.10.18,2024,2470357.5004652743
3510210,35.10.18,2025,1463712.9834195022
3511010,35.11.01,2018,1921118.1120400415
3511010,35.11.01,2019,877519.5365355232
3511010,35.11.01,2020,1040613.251467964
3511010,35.11.01,2021,2454405.5306150876
3511010,35.11.01,2022,2228934.9194069672
3511010,35.11.01,2023,2553397.146309336
3511010,35.11.01,2024,2367047.182901816
3511010,35.11.01,2025,674261.024525586
3511020,35.11.06,2018,2569395.369576084
3511020,35.11.06,2019,1061465.561810115
3511020,35.11.06,2020,1196422.7833025442
3511020,35.11.06,2021,2276398.448115557
3511020,35.11.06,2022,2277131.6605167645
3511020,35.11.06,2023,1935177.4623976257
3511020,35.11.06,2024,2561292.335640659
3511020,35.11.06,2025,682501.8952687524
3511030,35.11.02,2018,1084056.7548598729
3511030,35.11.02,2019,790267.1493912772
3511030,35.11.02,2020,675873.166399362
3511030,35.11.02,2021,718197.3086228409
3511030,35.11.02,2022,954055.1217518153
3511030,35.11.02,2023,848396.8736944372
3511030,35.11.02,2024,953109.0575084866
3511030,35.11.02,2025,757972.5931152977
3511031,35.11.23,2018,1757300.8030831842
3511031,35.11.23,2019,733539.1850478563
3511031,35.11.23,2020,733878.066450876
3511031,35.11.23,2021,3014074.745462642
3511031,35.11.23,2022,2166781.7745058825
3511031,35.11.23,2023,1926962.533988799
3511031,35.11.23,2024,2321502.510068357
3511031,35.11.23,2025,693348.7829090703
3511040,35.11.05,2018,1953465.8506659109
3511040,35.11.05,2019,812145.1927021493
3511040,35.11.05,2020,657991.5198128332
3511040,35.11.05,2021,3082372.8742237743
3511040,35.11.05,2022,2150781.0002161814
3511040,35.11.05,2023,1808075.0118549466
3511040,35.11.05,2024,2166713.8964201296
3511040,35.11.05,2025,614162.9289689091
3511050,35.11.03,2018,2692936.227173201
3511050,35.11.03,2019,1482283.2452379444
3511050,35.11.03,2020,1401154.9987994058
3511050,35.11.03,2021,6306434.376701876
3511050,35.11.03,2022,3485378.7161548967
3511050,35.11.03,2023,2527031.907739989
3511050,35.11.03,2024,2657206.6200041026
3511050,35.11.03,2025,1019224.1601298468
3511060,35.11.04,2018,437796.0604551479
3511060,35.11.04,2019,409702.0155072872
3511060,35.11.04,2020,736904.5950331133
3511060,35.11.04,2021,675656.4371154109
3511060,35.11.04,2022,1012115.2057883366
3511060,35.11.04,2023,718631.0301929334
3511060,35.11.04,2024,1010187.5911535326
3511060,35.11.04,2025,1015982.700267119
3511061,35.11.18,2018,1135308.2129104852
3511061,35.11.18,2019,699058.4664722782
3511061,35.11.18,2020,1170997.7546648006
3511061,35.11.18,2021,1745543.5558313106
3511061,35.11.18,2022,1634183.6740180834
3511061,35.11.18,2023,1229080.46655359
3511061,35.11.18,2024,1666894.8794279736
3511061,35.11.18,2025,688382.0401777901
3511070,35.11.10,2018,1095907.0674732083
3511070,35.11.10,2019,809958.703755983
3511070,35.11.10,2020,716338.4379081081
3511070,35.11.10,2021,1696853.8400434463
3511070,35.11.10,2022,1429344.184476651
3511070,35.11.10,2023,1077987.9889128897
3511070,35.11.10,2024,1381885.2364613009
3511070,35.11.10,2025,650668.7710937286
3511080,35.11.09,2018,1948123.1603306518
3511080,35.11.09,2019,1354109.0598794918
3511080,35.11.09,2020,1271567.8707370216
3511080,35.11.09,2021,2656924.7930927235
3511080,35.11.09,2022,2331851.8327403935
3511080,35.11.09,2023,2212546.4637907567
3511080,35.11.09,2024,2785210.7674806407
3511080,35.11.09,2025,663307.0459217513
3511090,35.11.08,2018,1707476.8702900189
3511090,35.11.08,2019,1174342.6520136902
3511090,35.11.08,2020,1185198.8737127397
3511090,35.11.08,2021,2594886.5234377314
3511090,35.11.08,2022,2292924.3743705573
3511090,35.11.08,2023,2276469.901415687
3511090,35.11.08,2024,2625339.283057244
3511090,35.11.08,2025,745304.6149498019
3511100,35.11.11,2018,2143461.078919597
3511100,35.11.11,2019,2041182.7367347856
3511100,35.11.11,2020,2178522.101676337
3511100,35.11.11,2021,3125209.2418360123
3511100,35.11.11,2022,3321803.848414108
3511100,35.11.11,2023,3433332.8014649968
3511100,35.11.11,2024,4280426.303845779
3511100,35.11.11,2025,1758338.1717784137
3511110,35.11.07,2018,851726.649106527
3511110,35.11.07,2019,893306.0183306522
3511110,35.11.07,2020,830676.9205775175
3511110,35.11.07,2021,1519837.890260453
3511110,35.11.07,2022,1670696.9628090768
3511110,35.11.07,2023,1182992.7122557638
3511110,35.11.07,2024,1407207.3762847218
3511110,35.11.07,2025,611799.6288586027
3511111,35.11.20,2018,993346.1617808173
3511111,35.11.20,2019,694056.1366021234
3511111,35.11.20,2020,766594.163394686
3511111,35.11.20,2021,928357.5176672747
3511111,35.11.20,2022,1277951.9645594638
3511111,35.11.20,2023,721392.1406155748
3511111,35.11.20,2024,1147543.6647542084
3511111,35.11.20,2025,631866.462005768
3511120,35.11.17,2018,1015992.3331949611
3511120,35.11.17,2019,644897.3225194211
3511120,35.11.17,2020,786426.7885615574
3511120,35.11.17,2021,990588.0908202734
3511120,35.11.17,2022,1252874.6660822693
3511120,35.11.17,2023,1181896.6765117773
3511120,35.11.17,2024,1368516.605334953
3511120,35.11.17,2025,756414.3074664607
3511130,35.11.12,2018,1200978.1690963989
3511130,35.11.12,2019,886056.4874959592
3511130,35.11.12,2020,893097.3749335379
3511130,35.11.12,2021,1562317.1635779885
3511130,35.11.12,2022,1471287.0346858385
3511130,35.11.12,2023,1143798.751668264
3511130,35.11.12,2024,1520379.8587130185
3511130,35.11.12,2025,781866.692421272
3511140,35.11.13,2018,823990.9974222858
3511140,35.11.13,2019,557896.3637496918
3511140,35.11.13,2020,700708.438118377
3511140,35.11.13,2021,828412.3701501518
3511140,35.11.13,2022,903000.970857393
3511140,35.11.13,2023,999320.2920428538
3511140,35.11.13,2024,1000746.0906754248
3511140,35.11.13,2025,532245.3670368086
3511141,35.11.21,2018,912697.1354932424
3511141,35.11.21,2019,666053.8227740894
3511141,35.11.21,2020,463767.85853207926
3511141,35.11.21,2021,765247.2776266116
3511141,35.11.21,2022,747183.0657895155
3511141,35.11.21,2023,558906.7827311918
3511141,35.11.21,2024,877836.8455140239
3511141,35.11.21,2025,1438386.9970335707
3511150,35.11.14,2018,695464.9012822694
3511150,35.11.14,2019,602683.2587723745
3511150,35.11.14,2020,1611567.7564352488
3511150,35.11.14,2021,1093855.298790992
3511150,35.11.14,2022,987760.762388526
3511150,35.11.14,2023,720821.7831727542
3511150,35.11.14,2024,946754.7982670834
3511150,35.11.14,2025,1071147.545691437
3511151,35.11.19,2018,1016737.0010462421
3511151,35.11.19,2019,732116.7616285427
3511151,35.11.19,2020,1172558.55942324
3511151,35.11.19,2021,1218122.474406826
3511151,35.11.19,2022,1076832.5320448375
3511151,35.11.19,2023,1045863.5994432177
3511151,35.11.19,2024,1312644.6455124295
3511151,35.11.19,2025,1347267.9880538771
3511152,35.11.22,2018,927562.3057062638
3511152,35.11.22,2019,674004.1066011927
3511152,35.11.22,2020,992451.717603932
3511152,35.11.22,2021,1856446.985085864
3511152,35.11.22,2022,1557821.6755951475
3511152,35.11.22,2023,1240698.5815883817
3511152,35.11.22,2024,1398568.8045597714
3511152,35.11.22,2025,760744.5143582566
3511160,35.11.16,2018,660136.3568726488
3511160,35.11.16,2019,689692.7851768079
3511160,35.11.16,2020,759889.2778843334
3511160,35.11.16,2021,677217.2186358286
3511160,35.11.16,2022,1015964.6506707171
3511160,35.11.16,2023,834301.111527582
3511160,35.11.16,2024,1135758.584312605
3511160,35.11.16,2025,654738.0420326133
3511170,35.11.15,2018,1776750.2253804926
3511170,35.11.15,2019,983834.4933931793
3511170,35.11.15,2020,992754.1883275133
3511170,35.11.15,2021,2179312.2800419317
3511170,35.11.15,2022,2064444.1257185135
3511170,35.11.15,2023,1385296.8582120708
3511170,35.11.15,2024,1760776.9317511644
3511170,35.11.15,2025,852877.1246467892
3512010,35.12.15,2018,953749.4033901345
3512010,35.12.15,2019,697379.5261869609
3512010,35.12.15,2020,957009.7782538375
3512010,35.12.15,2021,1167724.6743793506
3512010,35.12.15,2022,1401266.5917103412
3512010,35.12.15,2023,1013656.2827239276
3512010,35.12.15,2024,1358992.0809182993
3512010,35.12.15,2025,682320.0024670741
3512020,35.12.01,2018,712695.3069481747
3512020,35.12.01,2019,757748.1371445509
3512020,35.12.01,2020,988927.903942757
3512020,35.12.01,2021,841736.0933656931
3512020,35.12.01,2022,1162653.175363617
3512020,35.12.01,2023,911027.9636786412
3512020,35.12.01,2024,957950.8753000794
3512020,35.12.01,2025,393454.17175227567
3512030,35.12.16,2018,663798.7519023143
3512030,35.12.16,2019,456823.5476762719
3512030,35.12.16,2020,645826.1694331494
3512030,35.12.16,2021,798505.3675794754
3512030,35.12.16,2022,851759.7994341161
3512030,35.12.16,2023,796091.9187146233
3512030,35.12.16,2024,964305.8970695745
3512030,35.12.16,2025,672962.8166454263
3512040,35.12.02,2018,3073669.7574608633
3512040,35.12.02,2019,1271907.5353751772
3512040,35.12.02,2020,1512313.5342813677
3512040,35.12.02,2021,2642870.385697282
3512040,35.12.02,2022,2645410.3954138546
3512040,35.12.02,2023,2102812.5928245215
3512040,35.12.02,2024,2564943.864062916
3512040,35.12.02,2025,1169627.5405380588
3512050,35.12.03,2018,691881.4249217062
3512050,35.12.03,2019,631688.9632871754
3512050,35.12.03,2020,795679.1876647171
3512050,35.12.03,2021,1375628.0578125427
3512050,35.12.03,2022,1461849.9971405237
3512050,35.12.03,2023,1155891.0252096811
3512050,35.12.03,2024,1470783.8013233326
3512050,35.12.03,2025,673491.5942946229
3512060,35.12.04,2018,1164457.4855178918
3512060,35.12.04,2019,919867.8924363761
3512060,35.12.04,2020,896665.4647537477
3512060,35.12.04,2021,720355.0768800079
3512060,35.12.04,2022,1027014.9661455473
3512060,35.12.04,2023,888586.7461218747
3512060,35.12.04,2024,971214.8362463294
3512060,35.12.04,2025,692609.6350174451
3512070,35.12.17,2018,989333.2888404803
3512070,35.12.17,2019,658910.4990248348
3512070,35.12.17,2020,787208.2583342108
3512070,35.12.17,2021,837135.2382087206
3512070,35.12.17,2022,1208231.2820088174
3512070,35.12.17,2023,1214337.136152153
3512070,35.12.17,2024,1427955.0260098667
3512070,35.12.17,2025,530093.4355459294
3512080,35.12.05,2018,589266.0853550528
3512080,35.12.05,2019,617214.0162380375
3512080,35.12.05,2020,587585.9571758995
3512080,35.12.05,2021,749841.6196937835
3512080,35.12.05,2022,897508.8146852321
3512080,35.12.05,2023,749062.867620683
3512080,35.12.05,2024,948605.7946529038
3512080,35.12.05,2025,467153.2044399355
3512090,35.12.06,2018,1582840.325833745
3512090,35.12.06,2019,1196198.6717919498
3512090,35.12.06,2020,1083487.5342474265
3512090,35.12.06,2021,1030948.4784549151
3512090,35.12.06,2022,1433448.5013331613
3512090,35.12.06,2023,1243476.4140792289
3512090,35.12.06,2024,1659508.5893893505
3512090,35.12.06,2025,1043414.1953511891
3512100,35.12.07,2018,1122280.373734472
3512100,35.12.07,2019,1121629.5331059643
3512100,35.12.07,2020,1103004.4852493636
3512100,35.12.07,2021,1340105.8070172297
3512100,35.12.07,2022,1502549.3806870093
3512100,35.12.07,2023,1230789.2649538955
3512100,35.12.07,2024,1332709.220348206
3512100,35.12.07,2025,826151.9831325794
3512110,35.12.09,2018,1198044.0622553478
3512110,35.12.09,2019,793012.5414288506
3512110,35.12.09,2020,868248.9028766977
3512110,35.12.09,2021,724280.5045255123
3512110,35.12.09,2022,1081744.957003569
3512110,35.12.09,2023,1118856.8490811433
3512110,35.12.09,2024,1464508.614784874
3512110,35.12.09,2025,767017.0166631402
3512120,35.12.08,2018,1030172.4831734009
3512120,35.12.08,2019,1266808.6584291582
3512120,35.12.08,2020,1262470.4819896067
3512120,35.12.08,2021,1886457.8656833863
3512120,35.12.08,2022,1958843.7466056421
3512120,35.12.08,2023,1484967.2175431424
3512120,35.12.08,2024,2299235.099580911
3512120,35.12.08,2025,856863.2233628221
3512130,35.12.10,2018,951721.589517327
3512130,35.12.10,2019,738722.7768545575
3512130,35.12.10,2020,786050.3252484486
3512130,35.12.10,2021,1002245.4752865552
3512130,35.12.10,2022,1321909.6254468267
3512130,35.12.10,2023,1052759.1668234004
3512130,35.12.10,2024,1166447.988153547
3512130,35.12.10,2025,870793.0119073082
3512140,35.12.11,2018,1536786.0191824585
3512140,35.12.11,2019,1000398.5330543185
3512140,35.12.11,2020,1033427.6413449892
3512140,35.12.11,2021,1376859.2013518969
3512140,35.12.11,2022,1590909.7808533793
3512140,35.12.11,2023,1320659.5240961637
3512140,35.12.11,2024,1504517.6973858066
3512140,35.12.11,2025,1240984.7763455864
3512150,35.12.12,2018,916476.5832555396
3512150,35.12.12,2019,631061.0334687227
3512150,35.12.12,2020,703086.5214010731
3512150,35.12.12,2021,753753.0010752839
3512150,35.12.12,2022,952318.2085755718
3512150,35.12.12,2023,760577.99850268
3512150,35.12.12,2024,945776.3574186043
3512150,35.12.12,2025,827111.0161561667
3512160,35.12.13,2018,1559687.9144976712
3512160,35.12.13,2019,1164112.2969756124
3512160,35.12.13,2020,1153218.866450622
3512160,35.12.13,2021,1478982.896254229
3512160,35.12.13,2022,1853676.1067580564
3512160,35.12.13,2023,1391624.420994439
3512160,35.12.13,2024,1518055.6388239071
3512160,35.12.13,2025,808691.615959741
3512170,35.12.14,2018,677806.3531859114
3512170,35.12.14,2019,906891.0201756113
3512170,35.12.14,2020,1205227.4404409502
3512170,35.12.14,2021,1061035.7229756827
3512170,35.12.14,2022,1316706.4013466716
3512170,35.12.14,2023,944576.5069425288
3512170,35.12.14,2024,1115157.2205918005
3512170,35.12.14,2025,1017824.4326818644
3513010,35.13.01,2018,779507.1218192431
3513010,35.13.01,2019,775610.3602458242
3513010,35.13.01,2020,1224522.2588361287
3513010,35.13.01,2021,1311434.6219718605
3513010,35.13.01,2022,1743907.6456113898
3513010,35.13.01,2023,1120226.9182947846
3513010,35.13.01,2024,1547191.365728711
3513010,35.13.01,2025,3263140.6215833114
3513020,35.13.02,2018,1092851.3734779314
3513020,35.13.02,2019,795278.6229245511
3513020,35.13.02,2020,4193890.601103068
3513020,35.13.02,2021,2195268.9752611397
3513020,35.13.02,2022,1437175.089177669
3513020,35.13.02,2023,845718.7532719433
3513020,35.13.02,2024,1106999.7423616315
3513020,35.13.02,2025,1067614.583036507
3513030,35.13.03,2018,655865.1375060598
3513030,35.13.03,2019,660861.8089301804
3513030,35.13.03,2020,603913.4363583894
3513030,35.13.03,2021,704477.9302571078
3513030,35.13.03,2022,949082.0419152757
3513030,35.13.03,2023,682373.052947356
3513030,35.13.03,2024,807726.5123917864
3513030,35.13.03,2025,821316.3194035036
3513040,35.13.04,2018,980983.7506000481
3513040,35.13.04,2019,912286.2405092368
3513040,35.13.04,2020,825479.6484814542
3513040,35.13.04,2021,1362100.2734507897
3513040,35.13.04,2022,1622206.1959295257
3513040,35.13.04,2023,1062923.9485653546
3513040,35.13.04,2024,1165545.7911442395
3513040,35.13.04,2025,715448.2097389797
3513050,35.13.05,2018,1789105.1712819568
3513050,35.13.05,2019,1406532.660374482
3513050,35.13.05,2020,1345349.8024647546
3513050,35.13.05,2021,1406902.6852664526
3513050,35.13.05,2022,1697406.8508356018
3513050,35.13.05,2023,1344271.3651147415
3513050,35.13.05,2024,1731884.3187916665
3513050,35.13.05,2025,711627.9465986878
3513060,35.13.20,2018,1044922.9259215003
3513060,35.13.20,2019,914154.4266738375
3513060,35.13.20,2020,915970.8397797454
3513060,35.13.20,2021,973871.4029057435
3513060,35.13.20,2022,1236016.5377813126
3513060,35.13.20,2023,1062324.542625697
3513060,35.13.20,2024,1724284.857639372
3513060,35.13.20,2025,686333.4641485777
3513070,35.13.06,2018,1296167.1234400875
3513070,35.13.06,2019,1443531.6519870018
3513070,35.13.06,2020,1356985.3614372602
3513070,35.13.06,2021,2601799.347305247
3513070,35.13.06,2022,2417598.3570973217
3513070,35.13.06,2023,2192831.499829257
3513070,35.13.06,2024,2855069.081352197
3513070,35.13.06,2025,810942.4469586546
3513080,35.13.07,2018,5428250.30149182
3513080,35.13.07,2019,3701517.8013505503
3513080,35.13.07,2020,4285374.833310403
3513080,35.13.07,2021,2053474.1723019185
3513080,35.13.07,2022,4153412.1431775778
3513080,35.13.07,2023,3387380.530912137
3513080,35.13.07,2024,4939934.427599979
3513080,35.13.07,2025,1854512.1932058649
3513090,35.13.08,2018,5283985.374061899
3513090,35.13.08,2019,3013425.573766129
3513090,35.13.08,2020,3434625.1090102815
3513090,35.13.08,2021,2268665.6969999163
3513090,35.13.08,2022,4971502.508737803
3513090,35.13.08,2023,3854938.1779376687
3513090,35.13.08,2024,5551952.506835093
3513090,35.13.08,2025,1682360.8332848924
3513100,35.13.09,2018,3483745.669471595
3513100,35.13.09,2019,2136621.3731057756
3513100,35.13.09,2020,1847669.6238914174
3513100,35.13.09,2021,3274053.3934648545
3513100,35.13.09,2022,2838804.597429222
3513100,35.13.09,2023,2584652.5528807812
3513100,35.13.09,2024,3224411.2263991185
3513100,35.13.09,2025,969209.6429996323
3513110,35.13.10,2018,2716860.933929824
3513110,35.13.10,2019,1974923.1203661165
3513110,35.13.10,2020,2166455.603089214
3513110,35.13.10,2021,2805734.5495147137
3513110,35.13.10,2022,2667967.8411103
3513110,35.13.10,2023,2011832.5750728103
3513110,35.13.10,2024,2479192.847913672
3513110,35.13.10,2025,944402.5924391546
3513120,35.13.11,2018,969718.4158596467
3513120,35.13.11,2019,587677.1510522364
3513120,35.13.11,2020,652824.7947124514
3513120,35.13.11,2021,1956914.2925560698
3513120,35.13.11,2022,1437698.1484016108
3513120,35.13.11,2023,1232964.3736652448
3513120,35.13.11,2024,1672281.2552720322
3513120,35.13.11,2025,613188.8947719474
3513130,35.13.12,2018,4261591.8143531
3513130,35.13.12,2019,1988020.439449411
3513130,35.13.12,2020,1605848.6865576294
3513130,35.13.12,2021,3358116.6677726926
3513130,35.13.12,2022,3409444.235624724
3513130,35.13.12,2023,2926445.0174326682
3513130,35.13.12,2024,3742497.646176099
3513130,35.13.12,2025,1442927.8182039193
3513140,35.13.13,2018,1231128.3508807572
3513140,35.13.13,2019,1065032.1450286892
3513140,35.13.13,2020,1118334.3461031483
3513140,35.13.13,2021,1137937.8429611542
3513140,35.13.13,2022,1466928.8315642143
3513140,35.13.13,2023,1276068.6575919618
3513140,35.13.13,2024,1512532.1172665197
3513140,35.13.13,2025,1012746.2918954227
3513150,35.13.14,2018,3059175.349367628
3513150,35.13.14,2019,2133570.612076023
3513150,35.13.14,2020,3185158.820698601
3513150,35.13.14,2021,4082655.6380347447
3513150,35.13.14,2022,3428874.1246406194
3513150,35.13.14,2023,3477974.6093557123
3513150,35.13.14,2024,3543720.477118132
3513150,35.13.14,2025,1775572.4113532116
3513160,35.13.15,2018,1590984.66473598
3513160,35.13.15,2019,1120951.3779259382
3513160,35.13.15,2020,1209950.1437737166
3513160,35.13.15,2021,2353197.348216382
3513160,35.13.15,2022,2218156.6512780683
3513160,35.13.15,2023,1755739.9781657392
3513160,35.13.15,2024,2536879.936159618
3513160,35.13.15,2025,735992.1237823461
3513170,35.13.16,2018,1326082.9485945993
3513170,35.13.16,2019,1094602.8569678434
3513170,35.13.16,2020,910877.6333611371
3513170,35.13.16,2021,1773020.0195374608
3513170,35.13.16,2022,1595684.8307855155
3513170,35.13.16,2023,1383499.3187334673
3513170,35.13.16,2024,1466241.6046244912
3513170,35.13.16,2025,2032601.699805882
3513180,35.13.17,2018,2315108.7014425155
3513180,35.13.17,2019,1742594.3897041366
3513180,35.13.17,2020,1823117.601048876
3513180,35.13.17,2021,2786786.323623334
3513180,35.13.17,2022,2916776.7738958756
3513180,35.13.17,2023,1974182.0225482965
3513180,35.13.17,2024,2993889.1163775143
3513180,35.13.17,2025,867722.9463036037
3513190,35.13.18,2018,1435161.6371015403
3513190,35.13.18,2019,1018195.2141256541
3513190,35.13.18,2020,1179788.3317714205
3513190,35.13.18,2021,1343882.8291812195
3513190,35.13.18,2022,1991201.2960132745
3513190,35.13.18,2023,1447288.390539246
3513190,35.13.18,2024,1756254.649295226
3513190,35.13.18,2025,1830336.7199488797
3513200,35.13.19,2018,990563.9203798672
3513200,35.13.19,2019,915050.2278564211
3513200,35.13.19,2020,1002751.7689310536
3513200,35.13.19,2021,1223334.4128369791
3513200,35.13.19,2022,1072969.8935270526
3513200,35.13.19,2023,969160.0928537567
3513200,35.13.19,2024,1245182.1790702895
3513200,35.13.19,2025,1026889.6414531616
3513210,35.13.22,2018,772351.483306841
3513210,35.13.22,2019,577742.0371419751
3513210,35.13.22,2020,762573.4704192154
3513210,35.13.22,2021,584747.0811079729
3513210,35.13.22,2022,1143342.2753052046
3513210,35.13.22,2023,867256.5830533486
3513210,35.13.22,2024,1223136.7950203705
3513210,35.13.22,2025,736428.624272595
3513220,35.13.24,2018,1225869.634493201
3513220,35.13.24,2019,854260.7591208252
3513220,35.13.24,2020,996189.7161620988
3513220,35.13.24,2021,1841443.532844543
3513220,35.13.24,2022,1887740.5333770697
3513220,35.13.24,2023,1231097.5968595333
3513220,35.13.24,2024,1625104.0088819878
3513220,35.13.24,2025,1375329.1263580096
3513230,35.13.23,2018,1200524.4830770204
3513230,35.13.23,2019,1117209.9096960186
3513230,35.13.23,2020,1458369.8557879482
3513230,35.13.23,2021,1512611.8607397915
3513230,35.13.23,2022,2116358.5974693
3513230,35.13.23,2023,1305838.0888104448
3513230,35.13.23,2024,1717602.1202257932
3513230,35.13.23,2025,726675.5330971419
3513240,35.13.21,2018,1686941.7054758633
3513240,35.13.21,2019,1371876.37709067
3513240,35.13.21,2020,1161384.995105553
3513240,35.13.21,2021,4237435.267883789
3513240,35.13.21,2022,2363570.664727836
3513240,35.13.21,2023,2251585.1598403417
3513240,35.13.21,2024,2566725.8836102593
3513240,35.13.21,2025,650940.4050007227
3514010,35.14.01,2018,2280609.2618119693
3514010,35.14.01,2019,1611682.4136304427
3514010,35.14.01,2020,1546330.9562971487
3514010,35.14.01,2021,3321151.045500115
3514010,35.14.01,2022,2672764.374371387
3514010,35.14.01,2023,1953780.4908164642
3514010,35.14.01,2024,2803376.4286385207
3514010,35.14.01,2025,948863.4671975183
3514020,35.14.02,2018,2737759.1488715783
3514020,35.14.02,2019,1306363.305708708
3514020,35.14.02,2020,1423127.0977982872
3514020,35.14.02,2021,3422736.100449311
3514020,35.14.02,2022,2897279.961567102
3514020,35.14.02,2023,2491757.577238642
3514020,35.14.02,2024,2896486.889873059
3514020,35.14.02,2025,1128788.1629051573
3514030,35.14.03,2018,979001.1745010425
3514030,35.14.03,2019,828714.65474806
3514030,35.14.03,2020,510325.06376763695
3514030,35.14.03,2021,1123644.0582159767
3514030,35.14.03,2022,1515057.0177690207
3514030,35.14.03,2023,1128519.4574826064
3514030,35.14.03,2024,1325168.1450858093
3514030,35.14.03,2025,852084.0877387038
3514040,35.14.24,2018,1011633.7107356053
3514040,35.14.24,2019,947259.0663771023
3514040,35.14.24,2020,1594472.1165604494
3514040,35.14.24,2021,1179045.653707244
3514040,35.14.24,2022,1604019.4995055688
3514040,35.14.24,2023,1181710.0707389258
3514040,35.14.24,2024,1411181.3912985583
3514040,35.14.24,2025,1827206.973220575
3514050,35.14.04,2018,1145297.1851747162
3514050,35.14.04,2019,880765.7659225449
3514050,35.14.04,2020,764234.2801301104
3514050,35.14.04,2021,1334140.5553126016
3514050,35.14.04,2022,1608745.646705744
3514050,35.14.04,2023,1108992.2746614055
3514050,35.14.04,2024,1109204.8246241838
3514050,35.14.04,2025,803243.428258366
3514060,35.14.05,2018,1982102.1373225872
3514060,35.14.05,2019,868228.10700391
3514060,35.14.05,2020,657903.117202652
3514060,35.14.05,2021,5795795.2388313655
3514060,35.14.05,2022,3023164.7039138186
3514060,35.14.05,2023,2441134.0426807036
3514060,35.14.05,2024,2371194.0940619064
3514060,35.14.05,2025,680676.527451011
3514070,35.14.06,2018,2596705.5559483194
3514070,35.14.06,2019,1250535.3345823241
3514070,35.14.06,2020,1117536.4807192455
3514070,35.14.06,2021,3558386.337425194
3514070,35.14.06,2022,2734759.950596353
3514070,35.14.06,2023,2605800.742104143
3514070,35.14.06,2024,3478343.2863435782
3514070,35.14.06,2025,910959.3213611085
3514080,35.14.07,2018,2579854.009390323
3514080,35.14.07,2019,1078068.1279110976
3514080,35.14.07,2020,1188447.5903909572
3514080,35.14.07,2021,3373417.9434736865
3514080,35.14.07,2022,2332943.6246417104
3514080,35.14.07,2023,1776274.2069761856
3514080,35.14.07,2024,1979167.0087782154
3514080,35.14.07,2025,506470.17679039924
3514090,35.14.08,2018,3864926.916821093
3514090,35.14.08,2019,2148617.311102587
3514090,35.14.08,2020,1856853.8280678191
3514090,35.14.08,2021,4786924.799261946
3514090,35.14.08,2022,4448115.332479081
3514090,35.14.08,2023,3420583.941889412
3514090,35.14.08,2024,4843722.147673742
3514090,35.14.08,2025,1037616.2416477831
3514100,35.14.10,2018,4577046.9586032545
3514100,35.14.10,2019,2478715.360571828
3514100,35.14.10,2020,2452527.8722186093
3514100,35.14.10,2021,7522183.424062462
3514100,35.14.10,2022,5398929.539005984
3514100,35.14.10,2023,4763761.762119927
3514100,35.14.10,2024,7398320.945014819
3514100,35.14.10,2025,967215.4115185529
3514110,35.14.09,2018,2902073.8101940877
3514110,35.14.09,2019,1782257.087896812
3514110,35.14.09,2020,1775718.388811492
3514110,35.14.09,2021,5064985.475445353
3514110,35.14.09,2022,3995435.2699324097
3514110,35.14.09,2023,3870111.5122836013
3514110,35.14.09,2024,3536420.328479288
3514110,35.14.09,2025,1004774.7449166095
3514120,35.14.11,2018,3051092.250114685
3514120,35.14.11,2019,2815442.5188374077
3514120,35.14.11,2020,3041840.3552240985
3514120,35.14.11,2021,9925989.427249508
3514120,35.14.11,2022,6248842.217468641
3514120,35.14.11,2023,5209385.2501364425
3514120,35.14.11,2024,7255545.058091349
3514120,35.14.11,2025,918353.7074311879
3514130,35.14.12,2018,4658713.224118665
3514130,35.14.12,2019,2287592.5489488738
3514130,35.14.12,2020,2210717.7692047143
3514130,35.14.12,2021,5067369.5592641495
3514130,35.14.12,2022,4235562.2822125945
3514130,35.14.12,2023,3862647.488564907
3514130,35.14.12,2024,5007128.132558796
3514130,35.14.12,2025,1268153.316814229
3514140,35.14.13,2018,4422519.319279985
3514140,35.14.13,2019,1739678.5158961054
3514140,35.14.13,2020,1590018.7550639797
3514140,35.14.13,2021,3935430.369381327
3514140,35.14.13,2022,3773530.360790072
3514140,35.14.13,2023,3832974.999568865
3514140,35.14.13,2024,5138974.383738768
3514140,35.14.13,2025,777033.3422055123
3514150,35.14.14,2018,2804500.8622710654
3514150,35.14.14,2019,3523292.980857261
3514150,35.14.14,2020,3727704.0449912376
3514150,35.14.14,2021,8629823.888128934
3514150,35.14.14,2022,6972833.14470882
3514150,35.14.14,2023,5470737.2637663465
3514150,35.14.14,2024,7364510.608982363
3514150,35.14.14,2025,1037259.6355332283
3514160,35.14.15,2018,3316363.942488748
3514160,35.14.15,2019,1441913.9244513356
3514160,35.14.15,2020,920366.2161329582
3514160,35.14.15,2021,4081280.915758241
3514160,35.14.15,2022,2708970.3473955584
3514160,35.14.15,2023,2269336.2906880514
3514160,35.14.15,2024,2637296.072259455
3514160,35.14.15,2025,398821.71884178714
3514170,35.14.16,2018,4376935.880018978
3514170,35.14.16,2019,2226833.063840727
3514170,35.14.16,2020,2471660.627483175
3514170,35.14.16,2021,5705452.440712748
3514170,35.14.16,2022,3863268.9537858376
3514170,35.14.16,2023,3919474.056496543
3514170,35.14.16,2024,4165260.7182931877
3514170,35.14.16,2025,663164.150893615
3514180,35.14.17,2018,848566.101497589
3514180,35.14.17,2019,804418.857035602
3514180,35.14.17,2020,805899.9732777221
3514180,35.14.17,2021,1804769.542361713
3514180,35.14.17,2022,1033904.4799754738
3514180,35.14.17,2023,1078377.091259659
3514180,35.14.17,2024,998538.4503105041
3514180,35.14.17,2025,755021.714167336
3514190,35.14.18,2018,2310628.020455011
3514190,35.14.18,2019,1293619.6129072192
3514190,35.14.18,2020,1031355.5570233966
3514190,35.14.18,2021,13530778.757738853
3514190,35.14.18,2022,3837788.3954065028
3514190,35.14.18,2023,3055661.0650990224
3514190,35.14.18,2024,3096631.126969628
3514190,35.14.18,2025,534445.0027908635
3514200,35.14.23,2018,976361.4614761948
3514200,35.14.23,2019,1177880.690277672
3514200,35.14.23,2020,1053009.235703184
3514200,35.14.23,2021,2447854.3386221593
3514200,35.14.23,2022,2398106.0605801684
3514200,35.14.23,2023,2032899.9682825091
3514200,35.14.23,2024,2897400.4363825605
3514200,35.14.23,2025,893653.8598855936
3514210,35.14.19,2018,1696543.9599545274
3514210,35.14.19,2019,961025.9502733644
3514210,35.14.19,2020,1116208.1764249245
3514210,35.14.19,2021,1404221.721648577
3514210,35.14.19,2022,1477765.315126523
3514210,35.14.19,2023,1022955.019395158
3514210,35.14.19,2024,1455736.6558044872
3514210,35.14.19,2025,740877.1944137547
3514220,35.14.20,2018,2564065.374279378
3514220,35.14.20,2019,1039814.5610854279
3514220,35.14.20,2020,1096530.601882511
3514220,35.14.20,2021,3612163.641882965
3514220,35.14.20,2022,3201800.333366661
3514220,35.14.20,2023,2378789.9160130285
3514220,35.14.20,2024,2904389.684839262
3514220,35.14.20,2025,832124.4636955663
3514230,35.14.22,2018,2728926.9014741103
3514230,35.14.22,2019,1500510.169877197
3514230,35.14.22,2020,1570226.4551807311
3514230,35.14.22,2021,5980789.855344038
3514230,35.14.22,2022,3112711.5401606536
3514230,35.14.22,2023,2815930.1726372126
3514230,35.14.22,2024,3122621.77396869
3514230,35.14.22,2025,794285.5116208434
3514240,35.14.21,2018,1419781.1746915497
3514240,35.14.21,2019,770482.0465807212
3514240,35.14.21,2020,1003156.6175798052
3514240,35.14.21,2021,1803221.3949646319
3514240,35.14.21,2022,2092887.229330396
3514240,35.14.21,2023,1524847.0449141278
3514240,35.14.21,2024,1824356.4209963756
3514240,35.14.21,2025,805267.2641815356
3515010,35.15.01,2018,2054425.0662845424
3515010,35.15.01,2019,1537681.0352253849
3515010,35.15.01,2020,1367812.9020324557
3515010,35.15.01,2021,2097694.067401068
3515010,35.15.01,2022,2383220.973761878
3515010,35.15.01,2023,2246766.3783074147
3515010,35.15.01,2024,3202342.1486088037
3515010,35.15.01,2025,1419175.5016463834
3515020,35.15.02,2018,2444663.29140492
3515020,35.15.02,2019,1306232.7913027771
3515020,35.15.02,2020,1267159.2286469215
3515020,35.15.02,2021,2389949.494829859
3515020,35.15.02,2022,2558283.25114107
3515020,35.15.02,2023,2170721.4830198353
3515020,35.15.02,2024,2614718.164986343
3515020,35.15.02,2025,1297561.2762625457
3515030,35.15.03,2018,1977310.0178735538
3515030,35.15.03,2019,1676028.4081641282
3515030,35.15.03,2020,1751091.5751727864
3515030,35.15.03,2021,1488224.5673796034
3515030,35.15.03,2022,1922835.4868422048
3515030,35.15.03,2023,1817969.883463397
3515030,35.15.03,2024,2544266.712424325
3515030,35.15.03,2025,939766.62577089
3515040,35.15.04,2018,1675565.0973532656
3515040,35.15.04,2019,1471314.5404128397
3515040,35.15.04,2020,1364658.8127128792
3515040,35.15.04,2021,2825166.072855412
3515040,35.15.04,2022,2237176.827451301
3515040,35.15.04,2023,1646511.987395104
3515040,35.15.04,2024,2634410.2812048565
3515040,35.15.04,2025,1198756.40715654
3515050,35.15.05,2018,2411701.197849492
3515050,35.15.05,2019,3010984.9503423143
3515050,35.15.05,2020,2022068.468704644
3515050,35.15.05,2021,3195489.602993853
3515050,35.15.05,2022,2736700.136089722
3515050,35.15.05,2023,2172021.4347516657
3515050,35.15.05,2024,3019458.5075613935
3515050,35.15.05,2025,1166123.787378925
3515060,35.15.06,2018,1996947.2242185727
3515060,35.15.06,2019,1699722.8235157158
3515060,35.15.06,2020,1655192.9775971293
3515060,35.15.06,2021,7184824.613566548
3515060,35.15.06,2022,3726109.1128668683
3515060,35.15.06,2023,2731239.717840321
3515060,35.15.06,2024,3880215.7314821905
3515060,35.15.06,2025,905555.9543258123
3515070,35.15.07,2018,3947050.248563129
3515070,35.15.07,2019,3084773.313777752
3515070,35.15.07,2020,3334141.344629723
3515070,35.15.07,2021,7721688.709405301
3515070,35.15.07,2022,6315298.092871921
3515070,35.15.07,2023,6342542.850921663
3515070,35.15.07,2024,7633835.327744897
3515070,35.15.07,2025,1566448.0754084934
3515080,35.15.09,2018,2270365.918588236
3515080,35.15.09,2019,1797250.8092307623
3515080,35.15.09,2020,2009117.568028599
3515080,35.15.09,2021,3203596.2807202036
3515080,35.15.09,2022,3801728.2729081474
3515080,35.15.09,2023,3101050.6594756395
3515080,35.15.09,2024,3604979.8214760344
3515080,35.15.09,2025,1532735.1118483085
3515090,35.15.10,2018,2905550.6766614737
3515090,35.15.10,2019,1764450.0825346739
3515090,35.15.10,2020,1927894.7217615587
3515090,35.15.10,2021,2481133.7011728664
3515090,35.15.10,2022,2819271.331966556
3515090,35.15.10,2023,2198220.104428606
3515090,35.15.10,2024,2613163.527002841
3515090,35.15.10,2025,1477034.9573629722
3515100,35.15.14,2018,3698898.9322330775
3515100,35.15.14,2019,3009876.3744945526
3515100,35.15.14,2020,3356856.881095445
3515100,35.15.14,2021,6208102.693457737
3515100,35.15.14,2022,4716988.625003916
3515100,35.15.14,2023,4101707.8978440715
3515100,35.15.14,2024,6284154.682411759
3515100,35.15.14,2025,1875685.7824127118
3515110,35.15.08,2018,5440066.107557881
3515110,35.15.08,2019,12074117.383823866
3515110,35.15.08,2020,15857232.605254292
3515110,35.15.08,2021,13587515.904442027
3515110,35.15.08,2022,11940072.075132495
3515110,35.15.08,2023,10617883.362100054
3515110,35.15.08,2024,13255918.297305198
3515110,35.15.08,2025,3401197.2912198943
3515120,35.15.15,2018,2902663.459411474
3515120,35.15.15,2019,2666674.6402458716
3515120,35.15.15,2020,2767075.7741736867
3515120,35.15.15,2021,5689998.348247904
3515120,35.15.15,2022,3431727.748610246
3515120,35.15.15,2023,2539612.972019296
3515120,35.15.15,2024,2857238.838971838
3515120,35.15.15,2025,2033356.098984252
3515130,35.15.17,2018,1739942.4696518513
3515130,35.15.17,2019,1616347.5470994902
3515130,35.15.17,2020,1938448.9077081825
3515130,35.15.17,2021,1618917.0648715224
3515130,35.15.17,2022,2097710.2557933815
3515130,35.15.17,2023,2378575.9460898456
3515130,35.15.17,2024,2491413.201866744
3515130,35.15.17,2025,1534404.85020072
3515140,35.15.18,2018,5986154.660372102
3515140,35.15.18,2019,3697540.862450376
3515140,35.15.18,2020,2856866.3256101026
3515140,35.15.18,2021,32512352.192527667
3515140,35.15.18,2022,10678597.823267486
3515140,35.15.18,2023,10217477.845372563
3515140,35.15.18,2024,10677891.877975885
3515140,35.15.18,2025,1869632.8800040735
3515150,35.15.16,2018,2060113.5189184167
3515150,35.15.16,2019,2949009.0132772718
3515150,35.15.16,2020,3398517.211170345
3515150,35.15.16,2021,7211996.692209319
3515150,35.15.16,2022,6208451.048410569
3515150,35.15.16,2023,6208564.561070238
3515150,35.15.16,2024,7023523.642961018
3515150,35.15.16,2025,708769.5609276373
3515160,35.15.13,2018,8079356.510687033
3515160,35.15.13,2019,7295250.633077333
3515160,35.15.13,2020,7431815.610746188
3515160,35.15.13,2021,7141454.777779541
3515160,35.15.13,2022,15419920.791923666
3515160,35.15.13,2023,18784872.565568503
3515160,35.15.13,2024,30069676.681863677
3515160,35.15.13,2025,1682001.4036097836
3515170,35.15.11,2018,4559637.581695563
3515170,35.15.11,2019,3891678.741712985
3515170,35.15.11,2020,3146509.192895011
3515170,35.15.11,2021,11034733.143603757
3515170,35.15.11,2022,9511648.211831681
3515170,35.15.11,2023,11098465.259108668
3515170,35.15.11,2024,13737634.998540161
3515170,35.15.11,2025,1075364.4213088818
3515180,35.15.12,2018,1271922.3314530815
3515180,35.15.12,2019,1192179.9161901819
3515180,35.15.12,2020,1047508.6651347418
3515180,35.15.12,2021,1388665.8066541618
3515180,35.15.12,2022,1667125.319229785
3515180,35.15.12,2023,1391167.8652944483
3515180,35.15.12,2024,2114562.6499669985
3515180,35.15.12,2025,1133082.72913911
3516010,35.16.01,2018,1171553.8486484212
3516010,35.16.01,2019,1341713.1803076626
3516010,35.16.01,2020,1386421.3672832905
3516010,35.16.01,2021,2205342.0298475143
3516010,35.16.01,2022,2329615.3678478696
3516010,35.16.01,2023,1925514.5228799223
3516010,35.16.01,2024,2213449.016301771
3516010,35.16.01,2025,682442.9067933514
3516020,35.16.02,2018,1321783.0140094853
3516020,35.16.02,2019,1211771.0686092116
3516020,35.16.02,2020,1556971.341221156
3516020,35.16.02,2021,1522737.4380440915
3516020,35.16.02,2022,1526202.2792675795
3516020,35.16.02,2023,1019468.4179184311
3516020,35.16.02,2024,1334764.4555423711
3516020,35.16.02,2025,1046671.4127428568
3516030,35.16.03,2018,3007794.2323355163
3516030,35.16.03,2019,1877759.6341156717
3516030,35.16.03,2020,1837695.863262557
3516030,35.16.03,2021,8868887.976722822
3516030,35.16.03,2022,6031255.37005309
3516030,35.16.03,2023,6090790.850650644
3516030,35.16.03,2024,5921400.769440044
3516030,35.16.03,2025,642056.1063496268
3516040,35.16.04,2018,1277199.1738019295
3516040,35.16.04,2019,1238727.9569305365
3516040,35.16.04,2020,1018105.3261865482
3516040,35.16.04,2021,2524993.4578257687
3516040,35.16.04,2022,1720611.8431370636
3516040,35.16.04,2023,1519403.507594018
3516040,35.16.04,2024,1498213.2936107519
3516040,35.16.04,2025,1043143.3426248465
3516050,35.16.05,2018,2201348.403407764
3516050,35.16.05,2019,1741284.7844117333
3516050,35.16.05,2020,1859089.5225107414
3516050,35.16.05,2021,7102401.202671999
3516050,35.16.05,2022,4498666.103594478
3516050,35.16.05,2023,4147640.591400662
3516050,35.16.05,2024,4799021.859753718
3516050,35.16.05,2025,982437.7586371874
3516060,35.16.06,2018,2315527.4206791557
3516060,35.16.06,2019,1286296.7274442501
3516060,35.16.06,2020,1386649.6501402054
3516060,35.16.06,2021,2450934.2026710324
3516060,35.16.06,2022,1907466.3009659627
3516060,35.16.06,2023,1666076.0820705604
3516060,35.16.06,2024,2121490.235744564
3516060,35.16.06,2025,1477061.8241075508
3516070,35.16.07,2018,1970760.466880286
3516070,35.16.07,2019,1344347.7723583945
3516070,35.16.07,2020,1261061.886590286
3516070,35.16.07,2021,2948119.0828233603
3516070,35.16.07,2022,2434952.0533394963
3516070,35.16.07,2023,2486551.123191822
3516070,35.16.07,2024,2805547.5751361367
3516070,35.16.07,2025,1050248.5517402624
3516080,35.16.08,2018,2537248.0860530385
3516080,35.16.08,2019,1675604.5112210265
3516080,35.16.08,2020,1479765.5502557808
3516080,35.16.08,2021,3537856.4925877615
3516080,35.16.08,2022,3219228.2206790205
3516080,35.16.08,2023,2824637.9757133466
3516080,35.16.08,2024,3485429.082852087
3516080,35.16.08,2025,1291697.4815254118
3516090,35.16.10,2018,1220737.2511494325
3516090,35.16.10,2019,1082068.8701547016
3516090,35.16.10,2020,1299938.2287897384
3516090,35.16.10,2021,1578223.598785772
3516090,35.16.10,2022,1727740.961456497
3516090,35.16.10,2023,1523914.5483490708
3516090,35.16.10,2024,2069028.1357695216
3516090,35.16.10,2025,1039062.7065243553
3516091,35.16.18,2018,1402155.7353911416
3516091,35.16.18,2019,1087962.1389277875
3516091,35.16.18,2020,1072050.2040101015
3516091,35.16.18,2021,1400899.261922068
3516091,35.16.18,2022,1654526.779692541
3516091,35.16.18,2023,1618762.7052715095
3516091,35.16.18,2024,2169047.3423499875
3516091,35.16.18,2025,851288.9994844522
3516100,35.16.09,2018,1281768.1132221245
3516100,35.16.09,2019,1087908.0014887464
3516100,35.16.09,2020,1415267.8769873984
3516100,35.16.09,2021,1359723.891093067
3516100,35.16.09,2022,1613282.5088647287
3516100,35.16.09,2023,1784599.0958707589
3516100,35.16.09,2024,1729036.5135026837
3516100,35.16.09,2025,1374475.6812060548
3516110,35.16.11,2018,1118709.6957982548
3516110,35.16.11,2019,1442576.0006493514
3516110,35.16.11,2020,1765216.5555589728
3516110,35.16.11,2021,1618281.6608752033
3516110,35.16.11,2022,2124714.2574938615
3516110,35.16.11,2023,1713341.9184783923
3516110,35.16.11,2024,1961660.9786905237
3516110,35.16.11,2025,1069353.8020223875
3516120,35.16.12,2018,1439629.6909447212
3516120,35.16.12,2019,1184041.4164528558
3516120,35.16.12,2020,1258517.849971093
3516120,35.16.12,2021,1528474.7498169336
3516120,35.16.12,2022,2025105.0234270922
3516120,35.16.12,2023,1867474.199674936
3516120,35.16.12,2024,2836773.1529366197
3516120,35.16.12,2025,677270.6338527005
3516130,35.16.13,2018,2269375.020248301
3516130,35.16.13,2019,1164547.553987401
3516130,35.16.13,2020,1298266.7231067
3516130,35.16.13,2021,4987594.899605203
3516130,35.16.13,2022,3191081.7127309586
3516130,35.16.13,2023,3176362.72702598
3516130,35.16.13,2024,3846947.8285554512
3516130,35.16.13,2025,891586.5584871885
3516140,35.16.14,2018,1224376.0125855312
3516140,35.16.14,2019,1121131.3692545549
3516140,35.16.14,2020,1082277.9824805418
3516140,35.16.14,2021,1820672.2812938546
3516140,35.16.14,2022,1551787.6926466932
3516140,35.16.14,2023,1361766.6145556008
3516140,35.16.14,2024,1722942.8164993003
3516140,35.16.14,2025,947580.3891160451
3516150,35.16.15,2018,1694201.8141503835
3516150,35.16.15,2019,1273395.299003195
3516150,35.16.15,2020,879432.4018213372
3516150,35.16.15,2021,1263956.137314655
3516150,35.16.15,2022,2023388.4553729235
3516150,35.16.15,2023,1535263.1173381573
3516150,35.16.15,2024,2071966.9518986824
3516150,35.16.15,2025,754353.3030783484
3516160,35.16.16,2018,1464601.5992939756
3516160,35.16.16,2019,1399926.4046653449
3516160,35.16.16,2020,1963626.0397599014
3516160,35.16.16,2021,2995339.526447079
3516160,35.16.16,2022,2824436.3468227065
3516160,35.16.16,2023,3052619.2005946864
3516160,35.16.16,2024,4532305.298299477
3516160,35.16.16,2025,753061.4800254105
3516170,35.16.17,2018,1326187.459217116
3516170,35.16.17,2019,994628.960551373
3516170,35.16.17,2020,1040142.0038837079
3516170,35.16.17,2021,1335149.3391088466
3516170,35.16.17,2022,1508546.9074794196
3516170,35.16.17,2023,1344186.3717199797
3516170,35.16.17,2024,1707133.7629475521
3516170,35.16.17,2025,1111641.0286868406
3517010,35.17.18,2018,847952.6019256938
3517010,35.17.18,2019,974319.9730786184
3517010,35.17.18,2020,1055530.5645941517
3517010,35.17.18,2021,1268085.6919308507
3517010,35.17.18,2022,1544223.4432479094
3517010,35.17.18,2023,1343819.26231388
3517010,35.17.18,2024,1427472.7836042724
3517010,35.17.18,2025,866385.6688894243
3517020,35.17.01,2018,1250565.9180510016
3517020,35.17.01,2019,945518.6704144623
3517020,35.17.01,2020,1412345.599797991
3517020,35.17.01,2021,1958577.0438741667
3517020,35.17.01,2022,2266937.7282070764
3517020,35.17.01,2023,2205516.466918968
3517020,35.17.01,2024,3371976.0463958466
3517020,35.17.01,2025,827473.0353501493
3517030,35.17.02,2018,1072015.2431427336
3517030,35.17.02,2019,1257009.804851143
3517030,35.17.02,2020,1419928.9746077782
3517030,35.17.02,2021,1474541.4911750997
3517030,35.17.02,2022,2686345.616610378
3517030,35.17.02,2023,2748667.837464857
3517030,35.17.02,2024,4292982.15319005
3517030,35.17.02,2025,466201.6967961471
3517040,35.17.08,2018,2815161.177742719
3517040,35.17.08,2019,3027304.9395397482
3517040,35.17.08,2020,3372861.3204211504
3517040,35.17.08,2021,7952902.092879286
3517040,35.17.08,2022,16773764.218632616
3517040,35.17.08,2023,22053142.065211255
3517040,35.17.08,2024,39922093.97565605
3517040,35.17.08,2025,403770.5256420634
3517050,35.17.03,2018,2061626.8803744435
3517050,35.17.03,2019,1750446.3121971898
3517050,35.17.03,2020,1421054.844345359
3517050,35.17.03,2021,2998880.7580130417
3517050,35.17.03,2022,3804241.619317489
3517050,35.17.03,2023,3506874.9429880534
3517050,35.17.03,2024,5289841.686141825
3517050,35.17.03,2025,926456.1918262804
3517060,35.17.07,2018,1760439.8794463575
3517060,35.17.07,2019,1478196.113371565
3517060,35.17.07,2020,1430527.2335216803
3517060,35.17.07,2021,3426124.7357523195
3517060,35.17.07,2022,4713321.557785411
3517060,35.17.07,2023,5665492.439194998
3517060,35.17.07,2024,8260070.113482266
3517060,35.17.07,2025,502588.560501045
3517070,35.17.04,2018,1013834.3882311722
3517070,35.17.04,2019,849656.5057390472
3517070,35.17.04,2020,937922.7374241506
3517070,35.17.04,2021,990489.145232988
3517070,35.17.04,2022,1258919.9608265625
3517070,35.17.04,2023,997976.916776914
3517070,35.17.04,2024,1329273.5119743834
3517070,35.17.04,2025,1165980.7891028319
3517080,35.17.05,2018,805209.1554904287
3517080,35.17.05,2019,951946.4587930731
3517080,35.17.05,2020,962851.0072348255
3517080,35.17.05,2021,1011666.289254478
3517080,35.17.05,2022,1813785.5343140138
3517080,35.17.05,2023,2034173.1988213914
3517080,35.17.05,2024,2120030.5959818736
3517080,35.17.05,2025,841736.0307631432
3517090,35.17.06,2018,1568244.7969208132
3517090,35.17.06,2019,1275003.397864132
3517090,35.17.06,2020,1403514.3233006746
3517090,35.17.06,2021,2030861.897709419
3517090,35.17.06,2022,2403599.063148715
3517090,35.17.06,2023,2361493.008185604
3517090,35.17.06,2024,3046162.211016975
3517090,35.17.06,2025,764416.1237180849
3517100,35.17.11,2018,1036957.7852859047
3517100,35.17.11,2019,1586717.2186853033
3517100,35.17.11,2020,1667163.8867140976
3517100,35.17.11,2021,9115921.167742135
3517100,35.17.11,2022,5359622.569462089
3517100,35.17.11,2023,4478677.565960472
3517100,35.17.11,2024,6453294.195072399
3517100,35.17.11,2025,508086.02739025006
3517110,35.17.19,2018,977739.6804354013
3517110,35.17.19,2019,1201673.4969381397
3517110,35.17.19,2020,1113985.8208526082
3517110,35.17.19,2021,2130005.874576755
3517110,35.17.19,2022,2934820.546587063
3517110,35.17.19,2023,3099343.286389496
3517110,35.17.19,2024,4177534.958754986
3517110,35.17.19,2025,576052.8498266961
3517120,35.17.10,2018,1322683.019927358
3517120,35.17.10,2019,1351134.0390827
3517120,35.17.10,2020,1398406.852699805
3517120,35.17.10,2021,2226561.1845654966
3517120,35.17.10,2022,2957238.84014833
3517120,35.17.10,2023,2547062.9139738586
3517120,35.17.10,2024,4162304.0742862867
3517120,35.17.10,2025,612020.7711139135
3517130,35.17.09,2018,4153558.459628667
3517130,35.17.09,2019,5527818.460690706
3517130,35.17.09,2020,5759513.754391582
3517130,35.17.09,2021,12044480.063124847
3517130,35.17.09,2022,27841291.848432694
3517130,35.17.09,2023,42984637.05163582
3517130,35.17.09,2024,85695902.68058047
3517130,35.17.09,2025,167635.35173423885
3517140,35.17.20,2018,741571.9454689228
3517140,35.17.20,2019,1003966.0874195686
3517140,35.17.20,2020,876326.6285791501
3517140,35.17.20,2021,930160.5425604597
3517140,35.17.20,2022,1834129.6396088507
3517140,35.17.20,2023,1947633.905746844
3517140,35.17.20,2024,2835045.260467769
3517140,35.17.20,2025,384620.41340951435
3517150,35.17.13,2018,1054139.3211632564
3517150,35.17.13,2019,1311401.7913343445
3517150,35.17.13,2020,1236812.6496317585
3517150,35.17.13,2021,1307675.6529243719
3517150,35.17.13,2022,2277197.3897726326
3517150,35.17.13,2023,2398591.553858941
3517150,35.17.13,2024,2985785.847619225
3517150,35.17.13,2025,727211.536354739
3517160,35.17.12,2018,1088887.7238376339
3517160,35.17.12,2019,1167850.1485499423
3517160,35.17.12,2020,1219514.469976222
3517160,35.17.12,2021,1444005.8505254441
3517160,35.17.12,2022,2187826.2530658194
3517160,35.17.12,2023,2142960.447312518
3517160,35.17.12,2024,2844463.722632056
3517160,35.17.12,2025,681461.0480665353
3517170,35.17.17,2018,564824.403958192
3517170,35.17.17,2019,543852.057250452
3517170,35.17.17,2020,692116.5563600013
3517170,35.17.17,2021,841465.119593402
3517170,35.17.17,2022,1223606.0871406277
3517170,35.17.17,2023,895703.1293459212
3517170,35.17.17,2024,1536654.039565363
3517170,35.17.17,2025,675645.7072388625
3517171,35.17.21,2018,854807.7317228576
3517171,35.17.21,2019,529081.9262128904
3517171,35.17.21,2020,906689.4099359063
3517171,35.17.21,2021,1547766.6423786967
3517171,35.17.21,2022,2884561.111311342
3517171,35.17.21,2023,1141624.8215080185
3517171,35.17.21,2024,1502315.3650739056
3517171,35.17.21,2025,1402861.1136055272
3517180,35.17.14,2018,765937.5071887905
3517180,35.17.14,2019,1052240.4331574175
3517180,35.17.14,2020,911542.3995559466
3517180,35.17.14,2021,999220.2515740419
3517180,35.17.14,2022,1371412.6967879348
3517180,35.17.14,2023,1363442.2946570753
3517180,35.17.14,2024,1810377.638937096
3517180,35.17.14,2025,858457.1736438561
3517190,35.17.16,2018,606916.7464027511
3517190,35.17.16,2019,575363.5680533859
3517190,35.17.16,2020,585609.2141402152
3517190,35.17.16,2021,848199.1548704213
3517190,35.17.16,2022,1105001.8000717394
3517190,35.17.16,2023,874362.6540661984
3517190,35.17.16,2024,943121.8279728255
3517190,35.17.16,2025,816467.3120306206
3517200,35.17.15,2018,653729.4604039987
3517200,35.17.15,2019,567567.4273238996
3517200,35.17.15,2020,682418.6333264407
3517200,35.17.15,2021,785662.6475759955
3517200,35.17.15,2022,843452.5157618559
3517200,35.17.15,2023,742797.4533919723
3517200,35.17.15,2024,860856.0027794642
3517200,35.17.15,2025,763953.3228783663
3518010,35.18.01,2018,1528450.145661118
3518010,35.18.01,2019,836801.3575130372
3518010,35.18.01,2020,946225.6023329049
3518010,35.18.01,2021,1846226.5317786552
3518010,35.18.01,2022,1948983.0649271274
3518010,35.18.01,2023,1488202.576788435
3518010,35.18.01,2024,1846544.268276583
3518010,35.18.01,2025,751935.8994877111
3518020,35.18.02,2018,1198415.83304708
3518020,35.18.02,2019,721568.9193842808
3518020,35.18.02,2020,634410.4671775216
3518020,35.18.02,2021,928323.3463775492
3518020,35.18.02,2022,1370005.365769038
3518020,35.18.02,2023,987913.4417435395
3518020,35.18.02,2024,1558181.2006526904
3518020,35.18.02,2025,1095508.6633817034
3518030,35.18.03,2018,821738.3021766637
3518030,35.18.03,2019,695225.5565956044
3518030,35.18.03,2020,737128.1207546707
3518030,35.18.03,2021,1833569.866407868
3518030,35.18.03,2022,1397040.4339426719
3518030,35.18.03,2023,1075478.8623557338
3518030,35.18.03,2024,1183881.4258268354
3518030,35.18.03,2025,704319.2570486966
3518040,35.18.04,2018,2056513.3554351695
3518040,35.18.04,2019,1143210.7891592733
3518040,35.18.04,2020,1027159.8523818172
3518040,35.18.04,2021,2243341.2874952923
3518040,35.18.04,2022,2547632.027690108
3518040,35.18.04,2023,1979519.4973310381
3518040,35.18.04,2024,2602983.465127738
3518040,35.18.04,2025,815538.1474296135
3518050,35.18.05,2018,1100564.938388096
3518050,35.18.05,2019,951136.838426367
3518050,35.18.05,2020,1160262.695116501
3518050,35.18.05,2021,2050231.5281450236
3518050,35.18.05,2022,1860609.4189913385
3518050,35.18.05,2023,1437103.3727916302
3518050,35.18.05,2024,1901298.0844325554
3518050,35.18.05,2025,745976.0959615122
3518060,35.18.11,2018,4426065.26613682
3518060,35.18.11,2019,2184018.9765464794
3518060,35.18.11,2020,3236341.436111005
3518060,35.18.11,2021,12118994.62546401
3518060,35.18.11,2022,7435709.569099528
3518060,35.18.11,2023,6929891.4709958285
3518060,35.18.11,2024,6660383.666813094
3518060,35.18.11,2025,839375.5040963364
3518070,35.18.06,2018,1748819.3936894492
3518070,35.18.06,2019,1390764.521677374
3518070,35.18.06,2020,1303198.7052763512
3518070,35.18.06,2021,2453327.697238456
3518070,35.18.06,2022,3031731.3636613274
3518070,35.18.06,2023,2535720.9356005643
3518070,35.18.06,2024,3423104.0413434696
3518070,35.18.06,2025,947743.9342283345
3518080,35.18.07,2018,1000607.7187863074
3518080,35.18.07,2019,1309877.4598742619
3518080,35.18.07,2020,1257532.0879857242
3518080,35.18.07,2021,2722844.849785999
3518080,35.18.07,2022,2112429.566196981
3518080,35.18.07,2023,2258400.017012206
3518080,35.18.07,2024,2851132.0492048124
3518080,35.18.07,2025,895147.9443824145
3518090,35.18.08,2018,2034683.7008922836
3518090,35.18.08,2019,1682924.0420587265
3518090,35.18.08,2020,1914898.0446996915
3518090,35.18.08,2021,2078288.736937182
3518090,35.18.08,2022,2522862.795326766
3518090,35.18.08,2023,2189232.418047891
3518090,35.18.08,2024,3333762.41181329
3518090,35.18.08,2025,1476641.945874539
3518100,35.18.09,2018,1199011.4272101717
3518100,35.18.09,2019,831472.9997015222
3518100,35.18.09,2020,799361.8250543225
3518100,35.18.09,2021,1350272.1206983195
3518100,35.18.09,2022,1352430.9665799357
3518100,35.18.09,2023,1235316.5997604178
3518100,35.18.09,2024,1576965.072277064
3518100,35.18.09,2025,916828.0952248158
3518110,35.18.10,2018,2578452.8564205063
3518110,35.18.10,2019,1008781.834380187
3518110,35.18.10,2020,1075469.7726423177
3518110,35.18.10,2021,2343373.81362261
3518110,35.18.10,2022,1821091.2789493762
3518110,35.18.10,2023,2092501.3586913163
3518110,35.18.10,2024,2568082.785477013
3518110,35.18.10,2025,899382.0707699799
3518120,35.18.17,2018,1784827.4444685592
3518120,35.18.17,2019,862190.1785967388
3518120,35.18.17,2020,1161928.390973638
3518120,35.18.17,2021,1781841.508831657
3518120,35.18.17,2022,2089507.0580148315
3518120,35.18.17,2023,1968763.7504659328
3518120,35.18.17,2024,2284690.830921882
3518120,35.18.17,2025,958154.63423709
3518130,35.18.12,2018,1234509.0554368787
3518130,35.18.12,2019,1078532.192717062
3518130,35.18.12,2020,1053479.8666129063
3518130,35.18.12,2021,1453377.5294215344
3518130,35.18.12,2022,1639617.0920529086
3518130,35.18.12,2023,1519664.719027125
3518130,35.18.12,2024,2018385.17597207
3518130,35.18.12,2025,794407.7344924608
3518140,35.18.13,2018,1642704.623480042
3518140,35.18.13,2019,1557021.6238713802
3518140,35.18.13,2020,1706992.508465106
3518140,35.18.13,2021,1929033.99222699
3518140,35.18.13,2022,2321977.123250552
3518140,35.18.13,2023,2616262.036935597
3518140,35.18.13,2024,3757646.658865806
3518140,35.18.13,2025,1205924.8398173891
3518150,35.18.14,2018,1093825.3048500651
3518150,35.18.14,2019,878805.5464707988
3518150,35.18.14,2020,923018.7356741355
3518150,35.18.14,2021,2722636.205298722
3518150,35.18.14,2022,1855974.113649633
3518150,35.18.14,2023,1431450.8355484062
3518150,35.18.14,2024,1650708.5269693108
3518150,35.18.14,2025,722766.5287215976
3518160,35.18.15,2018,652201.5660214293
3518160,35.18.15,2019,775911.6624465946
3518160,35.18.15,2020,987526.3150255199
3518160,35.18.15,2021,996107.6160764492
3518160,35.18.15,2022,951377.4295693431
3518160,35.18.15,2023,584326.5286349311
3518160,35.18.15,2024,912270.5505469834
3518160,35.18.15,2025,1424039.6625760056
3518170,35.18.16,2018,1917928.3029035942
3518170,35.18.16,2019,1129544.9079269473
3518170,35.18.16,2020,1207251.5469493712
3518170,35.18.16,2021,3341773.0378469895
3518170,35.18.16,2022,2580678.417176458
3518170,35.18.16,2023,2124179.8759775013
3518170,35.18.16,2024,2541846.880234936
3518170,35.18.16,2025,802817.8710326678
3518190,35.18.19,2018,658385.3188325239
3518190,35.18.19,2019,578076.0914997619
3518190,35.18.19,2020,567591.8088515374
3518190,35.18.19,2021,1971062.9368968583
3518190,35.18.19,2022,938501.3505561705
3518190,35.18.19,2023,1233141.3660753912
3518190,35.18.19,2024,1108830.3227874872
3518190,35.18.19,2025,659094.21214247
3518200,35.18.20,2018,449779.82440299715
3518200,35.18.20,2019,442824.393444634
3518200,35.18.20,2020,551837.0679048657
3518200,35.18.20,2021,421825.94796236366
3518200,35.18.20,2022,756066.3441593926
3518200,35.18.20,2023,619534.7209027631
3518200,35.18.20,2024,948628.6027774645
3518200,35.18.20,2025,641185.793777706
3519010,35.19.01,2018,2127413.39539469
3519010,35.19.01,2019,1124170.5619464815
3519010,35.19.01,2020,1014091.9384916684
3519010,35.19.01,2021,2917368.610015125
3519010,35.19.01,2022,2145668.024429008
3519010,35.19.01,2023,2243422.304090667
3519010,35.19.01,2024,2925244.7396857194
3519010,35.19.01,2025,726176.1988804933
3519020,35.19.03,2018,1749516.0789635023
3519020,35.19.03,2019,1345857.7245970496
3519020,35.19.03,2020,1396109.714786821
3519020,35.19.03,2021,4198726.9954346
3519020,35.19.03,2022,2319600.0819346546
3519020,35.19.03,2023,2194909.1394293327
3519020,35.19.03,2024,2274374.6141641275
3519020,35.19.03,2025,833087.1483262433
3519030,35.19.02,2018,1197189.1249687497
3519030,35.19.02,2019,1069096.682608353
3519030,35.19.02,2020,1220032.3227255915
3519030,35.19.02,2021,3262396.725785226
3519030,35.19.02,2022,1802405.4521311147
3519030,35.19.02,2023,1535722.9584920062
3519030,35.19.02,2024,1904887.6456347664
3519030,35.19.02,2025,755856.886614647
3519040,35.19.04,2018,1287847.386966821
3519040,35.19.04,2019,1043778.025747148
3519040,35.19.04,2020,1138857.3565068957
3519040,35.19.04,2021,2107088.4763676673
3519040,35.19.04,2022,2106355.432372414
3519040,35.19.04,2023,1710969.414723579
3519040,35.19.04,2024,2402500.828926989
3519040,35.19.04,2025,767649.059496452
3519050,35.19.07,2018,813062.667280712
3519050,35.19.07,2019,899456.6968013243
3519050,35.19.07,2020,789503.7021782444
3519050,35.19.07,2021,1345936.1180281339
3519050,35.19.07,2022,1033765.8582515944
3519050,35.19.07,2023,1016606.7139872643
3519050,35.19.07,2024,1238337.020334551
3519050,35.19.07,2025,873204.8549169179
3519060,35.19.05,2018,672366.8843433292
3519060,35.19.05,2019,753243.9131308682
3519060,35.19.05,2020,884222.8270396036
3519060,35.19.05,2021,855909.24211121
3519060,35.19.05,2022,1304037.0003494124
3519060,35.19.05,2023,930130.2939512478
3519060,35.19.05,2024,1141760.9855522073
3519060,35.19.05,2025,971449.6887591691
3519070,35.19.06,2018,638411.2577120749
3519070,35.19.06,2019,631506.2756382305
3519070,35.19.06,2020,640345.368117483
3519070,35.19.06,2021,690147.758893193
3519070,35.19.06,2022,853567.558031434
3519070,35.19.06,2023,706972.4142293839
3519070,35.19.06,2024,771505.0368501231
3519070,35.19.06,2025,670934.9425120751
3519080,35.19.12,2018,1011325.715912294
3519080,35.19.12,2019,977748.539774017
3519080,35.19.12,2020,1019806.9139639878
3519080,35.19.12,2021,1454800.035348371
3519080,35.19.12,2022,1333924.8622599193
3519080,35.19.12,2023,1263958.9755984168
3519080,35.19.12,2024,1369085.3995899118
3519080,35.19.12,2025,1037286.0769197854
3519090,35.19.13,2018,877797.7800687851
3519090,35.19.13,2019,759069.0956154534
3519090,35.19.13,2020,999521.379613993
3519090,35.19.13,2021,1074240.583883144
3519090,35.19.13,2022,1188858.7168574072
3519090,35.19.13,2023,980285.1405861608
3519090,35.19.13,2024,1263788.7183297765
3519090,35.19.13,2025,682983.7905609934
3519100,35.19.11,2018,917045.1136123466
3519100,35.19.11,2019,891950.4179374712
3519100,35.19.11,2020,833791.0374693773
3519100,35.19.11,2021,1267882.2504862887
3519100,35.19.11,2022,1229838.152674471
3519100,35.19.11,2023,1291501.396839201
3519100,35.19.11,2024,1474329.2678855928
3519100,35.19.11,2025,863352.0357515747
3519110,35.19.15,2018,878958.5567699055
3519110,35.19.15,2019,805106.8082379029
3519110,35.19.15,2020,712906.7043574218
3519110,35.19.15,2021,1799545.3048385412
3519110,35.19.15,2022,1505885.795071242
3519110,35.19.15,2023,1230966.1361962224
3519110,35.19.15,2024,1006095.2470236205
3519110,35.19.15,2025,652142.1198853931
3519120,35.19.10,2018,906792.8253903415
3519120,35.19.10,2019,918177.6366577211
3519120,35.19.10,2020,833759.7172905392
3519120,35.19.10,2021,805811.3041581097
3519120,35.19.10,2022,1147930.6400788792
3519120,35.19.10,2023,942400.6548909224
3519120,35.19.10,2024,1308817.5717981355
3519120,35.19.10,2025,1028267.8392505497
3519130,35.19.08,2018,815807.8569651421
3519130,35.19.08,2019,1054632.0938550963
3519130,35.19.08,2020,1056495.0754329883
3519130,35.19.08,2021,953256.2758083456
3519130,35.19.08,2022,1115253.6328523443
3519130,35.19.08,2023,896545.3615703069
3519130,35.19.08,2024,1096122.1990547862
3519130,35.19.08,2025,912847.0935646165
3519140,35.19.14,2018,894496.0476916382
3519140,35.19.14,2019,815353.1973272432
3519140,35.19.14,2020,1131578.777604364
3519140,35.19.14,2021,928257.3295528559
3519140,35.19.14,2022,1165536.170099043
3519140,35.19.14,2023,831412.7865325649
3519140,35.19.14,2024,1289957.6196097615
3519140,35.19.14,2025,983305.0130116463
3519150,35.19.09,2018,803178.4613028734
3519150,35.19.09,2019,999248.1135537218
3519150,35.19.09,2020,1097831.2174170688
3519150,35.19.09,2021,1134001.659426417
3519150,35.19.09,2022,1270781.4121088597
3519150,35.19.09,2023,1050328.3873739028
3519150,35.19.09,2024,1682289.5666939416
3519150,35.19.09,2025,956894.7115468294
3520010,35.20.01,2018,1001494.1122613403
3520010,35.20.01,2019,688454.7551245829
3520010,35.20.01,2020,1115774.1957970092
3520010,35.20.01,2021,1500613.6486113388
3520010,35.20.01,2022,1334732.1127607625
3520010,35.20.01,2023,1130980.457227904
3520010,35.20.01,2024,1674073.1333421918
3520010,35.20.01,2025,942445.4810199243
3520020,35.20.02,2018,827049.4253885803
3520020,35.20.02,2019,696475.5671188956
3520020,35.20.02,2020,935096.8169621034
3520020,35.20.02,2021,1458257.3778347927
3520020,35.20.02,2022,1362544.5125090538
3520020,35.20.02,2023,895802.0840316484
3520020,35.20.02,2024,1045478.9346823167
3520020,35.20.02,2025,777849.2308489436
3520030,35.20.03,2018,801959.260526398
3520030,35.20.03,2019,620270.6937187979
3520030,35.20.03,2020,763268.8624229077
3520030,35.20.03,2021,1230622.1079673772
3520030,35.20.03,2022,1512296.0104082043
3520030,35.20.03,2023,1097921.8900929205
3520030,35.20.03,2024,1563131.8291578277
3520030,35.20.03,2025,740113.2099622148
3520040,35.20.04,2018,931184.6018151453
3520040,35.20.04,2019,716890.0372325171
3520040,35.20.04,2020,847368.7707964062
3520040,35.20.04,2021,1286221.7079249597
3520040,35.20.04,2022,1036473.3699512457
3520040,35.20.04,2023,1049460.0880060524
3520040,35.20.04,2024,1256997.3648684379
3520040,35.20.04,2025,656793.7203801918
3520041,35.20.17,2018,726756.3735440974
3520041,35.20.17,2019,684638.717704672
3520041,35.20.17,2020,734231.5410794315
3520041,35.20.17,2021,654334.5609124394
3520041,35.20.17,2022,757146.4856561774
3520041,35.20.17,2023,879450.7363647466
3520041,35.20.17,2024,1141254.606309232
3520041,35.20.17,2025,1026779.6167759572
3520050,35.20.05,2018,775284.0654447629
3520050,35.20.05,2019,851863.2551365411
3520050,35.20.05,2020,817915.5376613489
3520050,35.20.05,2021,980138.0600525957
3520050,35.20.05,2022,1112312.1288022825
3520050,35.20.05,2023,1129275.4940133588
3520050,35.20.05,2024,1294917.2206158196
3520050,35.20.05,2025,803571.9612369718
3520060,35.20.06,2018,1678862.7789622005
3520060,35.20.06,2019,1403783.9565152985
3520060,35.20.06,2020,1751071.23029743
3520060,35.20.06,2021,2104299.444561554
3520060,35.20.06,2022,2152872.856141312
3520060,35.20.06,2023,2386359.783128451
3520060,35.20.06,2024,3378101.9134562374
3520060,35.20.06,2025,1472920.7005379598
3520061,35.20.16,2018,840632.7957027922
3520061,35.20.16,2019,709048.7277796539
3520061,35.20.16,2020,887628.3098359384
3520061,35.20.16,2021,1068456.9826962573
3520061,35.20.16,2022,1069441.3449069716
3520061,35.20.16,2023,840584.0394224745
3520061,35.20.16,2024,1135429.83703749
3520061,35.20.16,2025,830933.8674084727
3520070,35.20.07,2018,1649256.397192642
3520070,35.20.07,2019,1637500.3854517178
3520070,35.20.07,2020,1825552.095471161
3520070,35.20.07,2021,2908676.3272951003
3520070,35.20.07,2022,2771725.418631991
3520070,35.20.07,2023,2148948.3699705773
3520070,35.20.07,2024,2524691.9200883713
3520070,35.20.07,2025,1445472.6871548428
3520071,35.20.18,2018,1038393.916256446
3520071,35.20.18,2019,1119874.1153199482
3520071,35.20.18,2020,949884.3323051638
3520071,35.20.18,2021,1510849.625472853
3520071,35.20.18,2022,1450889.1903762314
3520071,35.20.18,2023,1303724.3492008778
3520071,35.20.18,2024,1338865.7062456275
3520071,35.20.18,2025,1010820.4095649383
3520080,35.20.08,2018,1607973.4832026067
3520080,35.20.08,2019,990693.4261794358
3520080,35.20.08,2020,1026999.5693069964
3520080,35.20.08,2021,2191496.658665136
3520080,35.20.08,2022,2018228.3076589003
3520080,35.20.08,2023,1704042.953373622
3520080,35.20.08,2024,1947425.2116035013
3520080,35.20.08,2025,944013.5877691506
3520090,35.20.09,2018,775819.3925855323
3520090,35.20.09,2019,820629.5353413603
3520090,35.20.09,2020,921154.8044165359
3520090,35.20.09,2021,1215144.5670210666
3520090,35.20.09,2022,1035425.3281643476
3520090,35.20.09,2023,863993.4414380275
3520090,35.20.09,2024,925900.4023115968
3520090,35.20.09,2025,839252.9397805111
3520100,35.20.10,2018,815917.9629775585
3520100,35.20.10,2019,730713.2049887468
3520100,35.20.10,2020,779266.6683149745
3520100,35.20.10,2021,1297860.3562454483
3520100,35.20.10,2022,1149254.1143175967
3520100,35.20.10,2023,860210.4854673775
3520100,35.20.10,2024,1192425.7617392717
3520100,35.20.10,2025,1013609.8235559253
3520110,35.20.11,2018,947976.8963012121
3520110,35.20.11,2019,716499.0290765234
3520110,35.20.11,2020,1071633.7406800154
3520110,35.20.11,2021,1187639.204708
3520110,35.20.11,2022,1213435.1286828185
3520110,35.20.11,2023,1261859.1190976351
3520110,35.20.11,2024,1442172.6666598956
3520110,35.20.11,2025,946472.4112265409
3520120,35.20.13,2018,837358.051696115
3520120,35.20.13,2019,831434.9120340756
3520120,35.20.13,2020,973697.4462395657
3520120,35.20.13,2021,960538.3260720707
3520120,35.20.13,2022,858713.4938776572
3520120,35.20.13,2023,865744.6596983171
3520120,35.20.13,2024,897355.227915034
3520120,35.20.13,2025,1421377.893435497
3520121,35.20.14,2018,1067016.0075848852
3520121,35.20.14,2019,797068.0556163226
3520121,35.20.14,2020,654855.5104272023
3520121,35.20.14,2021,1674257.328000471
3520121,35.20.14,2022,1363909.4364990331
3520121,35.20.14,2023,1233385.9743354945
3520121,35.20.14,2024,1579486.9550825688
3520121,35.20.14,2025,798867.3120618005
3520130,35.20.12,2018,1120226.3847815632
3520130,35.20.12,2019,904280.5350779733
3520130,35.20.12,2020,733615.7386347669
3520130,35.20.12,2021,1646987.45070862
3520130,35.20.12,2022,1256794.218970368
3520130,35.20.12,2023,937198.9923058253
3520130,35.20.12,2024,1506335.582588762
3520130,35.20.12,2025,768561.2973417595
3520131,35.20.15,2018,840635.1968077366
3520131,35.20.15,2019,576927.0945221613
3520131,35.20.15,2020,644054.1805621483
3520131,35.20.15,2021,1239604.8391698506
3520131,35.20.15,2022,978802.896102874
3520131,35.20.15,2023,1001803.969084889
3520131,35.20.15,2024,1342798.282399041
3520131,35.20.15,2025,871359.6143160763
3521010,35.21.01,2018,979074.5058415764
3521010,35.21.01,2019,1083331.986955054
3521010,35.21.01,2020,1339948.8722161145
3521010,35.21.01,2021,1354225.517125105
3521010,35.21.01,2022,1439598.4778221375
3521010,35.21.01,2023,1168837.2955018869
3521010,35.21.01,2024,1530325.547302551
3521010,35.21.01,2025,1087949.5932814502
3521020,35.21.02,2018,999815.247593165
3521020,35.21.02,2019,1046937.5364521878
3521020,35.21.02,2020,982982.312881279
3521020,35.21.02,2021,1202306.085374362
3521020,35.21.02,2022,1361429.806650196
3521020,35.21.02,2023,1128571.7018266204
3521020,35.21.02,2024,1785875.4655266472
3521020,35.21.02,2025,1130147.9056045169
3521030,35.21.03,2018,648106.7364054713
3521030,35.21.03,2019,754117.5114723394
3521030,35.21.03,2020,1284898.4693254794
3521030,35.21.03,2021,2636365.6471911552
3521030,35.21.03,2022,2089323.1647584229
3521030,35.21.03,2023,1475659.3377820828
3521030,35.21.03,2024,1743449.5547369998
3521030,35.21.03,2025,721920.7587245101
3521040,35.21.04,2018,1040324.7173573315
3521040,35.21.04,2019,809993.9076077908
3521040,35.21.04,2020,781267.0206847115
3521040,35.21.04,2021,1286127.7406037024
3521040,35.21.04,2022,1674436.5586555563
3521040,35.21.04,2023,1291689.1576697803
3521040,35.21.04,2024,1902027.3841964286
3521040,35.21.04,2025,911047.5789682559
3521050,35.21.05,2018,1097487.8688562948
3521050,35.21.05,2019,986396.9186241535
3521050,35.21.05,2020,1148850.4107516403
3521050,35.21.05,2021,1273007.4376579116
3521050,35.21.05,2022,1333710.941086919
3521050,35.21.05,2023,1365282.9230891522
3521050,35.21.05,2024,1463841.459827001
3521050,35.21.05,2025,1140083.3485733066
3521051,35.21.18,2018,649388.8057315513
3521051,35.21.18,2019,671689.9431802571
3521051,35.21.18,2020,855342.3855781419
3521051,35.21.18,2021,950767.5539223332
3521051,35.21.18,2022,932675.5697520381
3521051,35.21.18,2023,802062.5450065259
3521051,35.21.18,2024,1095950.1837875
3521051,35.21.18,2025,954201.5978124646
3521060,35.21.06,2018,656491.727220626
3521060,35.21.06,2019,716027.4949194671
3521060,35.21.06,2020,833757.686697639
3521060,35.21.06,2021,1116020.1308636367
3521060,35.21.06,2022,973814.5473329165
3521060,35.21.06,2023,737103.8707623335
3521060,35.21.06,2024,978555.424737662
3521060,35.21.06,2025,868726.6224694942
3521070,35.21.14,2018,584137.5669067235
3521070,35.21.14,2019,549829.0750678751
3521070,35.21.14,2020,759346.5150072079
3521070,35.21.14,2021,1072412.9754057317
3521070,35.21.14,2022,915230.1612765269
3521070,35.21.14,2023,779389.7731876262
3521070,35.21.14,2024,942636.1491908262
3521070,35.21.14,2025,994189.4763594207
3521080,35.21.07,2018,747541.0015017119
3521080,35.21.07,2019,620288.3933118324
3521080,35.21.07,2020,626506.4034080033
3521080,35.21.07,2021,1294321.1227943806
3521080,35.21.07,2022,1171852.6355263628
3521080,35.21.07,2023,943948.784684078
3521080,35.21.07,2024,996408.184416597
3521080,35.21.07,2025,722410.0580084617
3521090,35.21.15,2018,608128.8606373059
3521090,35.21.15,2019,587818.5069747178
3521090,35.21.15,2020,582996.4784986085
3521090,35.21.15,2021,888545.6527269025
3521090,35.21.15,2022,918923.7624942269
3521090,35.21.15,2023,898969.0258583439
3521090,35.21.15,2024,1199715.9355527028
3521090,35.21.15,2025,968380.0087244029
3521100,35.21.08,2018,677053.8426854585
3521100,35.21.08,2019,567033.0702965776
3521100,35.21.08,2020,604620.3348832305
3521100,35.21.08,2021,879281.2561333986
3521100,35.21.08,2022,962673.3641441865
3521100,35.21.08,2023,929571.2712419339
3521100,35.21.08,2024,1154623.0458862318
3521100,35.21.08,2025,933408.0510155647
3521101,35.21.19,2018,506720.29531429557
3521101,35.21.19,2019,528060.9675988029
3521101,35.21.19,2020,588414.0487503724
3521101,35.21.19,2021,1013520.7730737365
3521101,35.21.19,2022,803758.1441741248
3521101,35.21.19,2023,734040.9388736591
3521101,35.21.19,2024,1961868.708612914
3521101,35.21.19,2025,861912.3917412258
3521110,35.21.09,2018,2032805.3276531778
3521110,35.21.09,2019,1888181.1963458464
3521110,35.21.09,2020,2077429.0215293104
3521110,35.21.09,2021,2064535.7654118186
3521110,35.21.09,2022,2424456.487755162
3521110,35.21.09,2023,2064286.8699093366
3521110,35.21.09,2024,2816436.8074560245
3521110,35.21.09,2025,1428127.9633330693
3521120,35.21.10,2018,2022625.6444198203
3521120,35.21.10,2019,1408399.9459916628
3521120,35.21.10,2020,1551484.304003378
3521120,35.21.10,2021,2393397.9960798514
3521120,35.21.10,2022,2256036.884557059
3521120,35.21.10,2023,2108286.654770249
3521120,35.21.10,2024,2597234.9065147266
3521120,35.21.10,2025,1242383.5652600748
3521130,35.21.11,2018,1147034.4149775426
3521130,35.21.11,2019,1232350.6200397883
3521130,35.21.11,2020,1325716.7953162915
3521130,35.21.11,2021,1471694.12076356
3521130,35.21.11,2022,1494228.821671789
3521130,35.21.11,2023,1378557.9940292174
3521130,35.21.11,2024,1667226.9173081473
3521130,35.21.11,2025,1181322.7450786286
3521140,35.21.16,2018,599309.8918407388
3521140,35.21.16,2019,499364.2687531201
3521140,35.21.16,2020,621721.2315183212
3521140,35.21.16,2021,515430.4792994937
3521140,35.21.16,2022,726695.6062095568
3521140,35.21.16,2023,549474.6314996267
3521140,35.21.16,2024,762710.2996395767
3521140,35.21.16,2025,748174.1849305675
3521150,35.21.12,2018,1166274.4928694929
3521150,35.21.12,2019,902771.2617711293
3521150,35.21.12,2020,1001868.9574232368
3521150,35.21.12,2021,1585130.3675105518
3521150,35.21.12,2022,1593104.5049886308
3521150,35.21.12,2023,1381395.6405854677
3521150,35.21.12,2024,1545002.8441384805
3521150,35.21.12,2025,1307762.2922985489
3521160,35.21.13,2018,1397617.486406645
3521160,35.21.13,2019,949701.2291105473
3521160,35.21.13,2020,860038.5243758874
3521160,35.21.13,2021,1940016.312617026
3521160,35.21.13,2022,1638407.8619077078
3521160,35.21.13,2023,1532530.634079242
3521160,35.21.13,2024,2309980.652853989
3521160,35.21.13,2025,670832.0855953682
3521170,35.21.17,2018,464070.21812990593
3521170,35.21.17,2019,426150.9936386765
3521170,35.21.17,2020,463367.7305587071
3521170,35.21.17,2021,580119.265585902
3521170,35.21.17,2022,712104.9615325793
3521170,35.21.17,2023,607939.129190635
3521170,35.21.17,2024,698078.4437004331
3521170,35.21.17,2025,764435.7928028029
3522010,35.22.22,2018,547691.067581824
3522010,35.22.22,2019,558450.3094980753
3522010,35.22.22,2020,705004.9696838644
3522010,35.22.22,2021,532265.0954499731
3522010,35.22.22,2022,786399.7819122887
3522010,35.22.22,2023,617151.8351403013
3522010,35.22.22,2024,863218.6910406448
3522010,35.22.22,2025,1685459.486981677
3522020,35.22.01,2018,745524.0050493584
3522020,35.22.01,2019,718730.1773482709
3522020,35.22.01,2020,812171.4266355145
3522020,35.22.01,2021,1954743.508697122
3522020,35.22.01,2022,1472036.327415333
3522020,35.22.01,2023,1031692.1218129045
3522020,35.22.01,2024,1396609.2820491053
3522020,35.22.01,2025,480358.3677541929
3522030,35.22.02,2018,693103.4115419087
3522030,35.22.02,2019,709934.3546243112
3522030,35.22.02,2020,760428.1937743999
3522030,35.22.02,2021,984398.3386143051
3522030,35.22.02,2022,1157757.2646387063
3522030,35.22.02,2023,922021.0597370621
3522030,35.22.02,2024,1259217.688630528
3522030,35.22.02,2025,648047.4389114904
3522040,35.22.03,2018,408919.774350292
3522040,35.22.03,2019,435570.16437961697
3522040,35.22.03,2020,504687.36093901476
3522040,35.22.03,2021,1096849.7191688449
3522040,35.22.03,2022,1128225.091466842
3522040,35.22.03,2023,1055759.188276936
3522040,35.22.03,2024,1018335.0940203769
3522040,35.22.03,2025,1617790.8759573824
3522041,35.22.27,2018,569732.9667242422
3522041,35.22.27,2019,1168691.0259495713
3522041,35.22.27,2020,794679.5702393986
3522041,35.22.27,2021,486910.32643520075
3522041,35.22.27,2022,732096.7211279648
3522041,35.22.27,2023,565412.3113012703
3522041,35.22.27,2024,750608.0312999953
3522041,35.22.27,2025,1105993.8884555101
3522050,35.22.05,2018,475653.2425559364
3522050,35.22.05,2019,583476.9911649177
3522050,35.22.05,2020,650956.3577047942
3522050,35.22.05,2021,648111.5351936397
3522050,35.22.05,2022,750295.1080891057
3522050,35.22.05,2023,561978.8912359381
3522050,35.22.05,2024,732050.7471484655
3522050,35.22.05,2025,1223114.9499424337
3522051,35.22.26,2018,796276.3553737467
3522051,35.22.26,2019,1237523.8003380736
3522051,35.22.26,2020,870927.9754755296
3522051,35.22.26,2021,718152.7226601728
3522051,35.22.26,2022,994565.6196065071
3522051,35.22.26,2023,966584.5774156079
3522051,35.22.26,2024,1221022.2919827923
3522051,35.22.26,2025,846929.4034366404
3522060,35.22.21,2018,985997.1559430625
3522060,35.22.21,2019,663166.5958873555
3522060,35.22.21,2020,523176.81082633353
3522060,35.22.21,2021,995066.1346222098
3522060,35.22.21,2022,1113902.7238852372
3522060,35.22.21,2023,849899.1670560252
3522060,35.22.21,2024,1028786.3708984789
3522060,35.22.21,2025,538537.3498219518
3522070,35.22.07,2018,1291777.3335326156
3522070,35.22.07,2019,927696.6654440087
3522070,35.22.07,2020,707552.5495272895
3522070,35.22.07,2021,2700659.6183500416
3522070,35.22.07,2022,2069372.6078281228
3522070,35.22.07,2023,1513937.0569214672
3522070,35.22.07,2024,2159398.683384623
3522070,35.22.07,2025,457305.4344412111
3522080,35.22.08,2018,2048269.699942482
3522080,35.22.08,2019,1561001.6286627934
3522080,35.22.08,2020,1485434.910527514
3522080,35.22.08,2021,6667375.18260987
3522080,35.22.08,2022,4952721.2314129
3522080,35.22.08,2023,4005681.0842606532
3522080,35.22.08,2024,5916671.98551332
3522080,35.22.08,2025,370704.85080899816
3522090,35.22.09,2018,2769934.248404588
3522090,35.22.09,2019,1406899.7750432808
3522090,35.22.09,2020,1364187.5948924436
3522090,35.22.09,2021,2969834.956457979
3522090,35.22.09,2022,2765871.518493957
3522090,35.22.09,2023,2447394.764759082
3522090,35.22.09,2024,3912298.0763018373
3522090,35.22.09,2025,737879.8293362533
3522100,35.22.10,2018,6851768.6463341825
3522100,35.22.10,2019,2058924.3679672075
3522100,35.22.10,2020,1694657.6639645058
3522100,35.22.10,2021,12855110.036757203
3522100,35.22.10,2022,9106556.294667974
3522100,35.22.10,2023,5956470.813869171
3522100,35.22.10,2024,8212551.159822019
3522100,35.22.10,2025,584066.32169195
3522110,35.22.11,2018,2538164.378207112
3522110,35.22.11,2019,1611589.0447263606
3522110,35.22.11,2020,1318889.0656226894
3522110,35.22.11,2021,4366103.379705836
3522110,35.22.11,2022,3148328.511385002
3522110,35.22.11,2023,2938631.4784494457
3522110,35.22.11,2024,3604845.581616792
3522110,35.22.11,2025,633313.1762481868
3522120,35.22.12,2018,2554791.0477677807
3522120,35.22.12,2019,1459262.2073614604
3522120,35.22.12,2020,1600851.8225391277
3522120,35.22.12,2021,4795400.482118666
3522120,35.22.12,2022,3536769.4584673163
3522120,35.22.12,2023,2849397.874590593
3522120,35.22.12,2024,3682072.019806583
3522120,35.22.12,2025,836733.4943648617
3522130,35.22.13,2018,2094428.4862067648
3522130,35.22.13,2019,1825789.6213349279
3522130,35.22.13,2020,2282977.6757002985
3522130,35.22.13,2021,9933844.664070897
3522130,35.22.13,2022,5973749.103115988
3522130,35.22.13,2023,4934531.955291832
3522130,35.22.13,2024,6820993.722673922
3522130,35.22.13,2025,427720.7648481091
3522140,35.22.24,2018,1359980.9612032787
3522140,35.22.24,2019,827200.6436098324
3522140,35.22.24,2020,703787.0521585573
3522140,35.22.24,2021,2866133.8529916885
3522140,35.22.24,2022,1796976.4203642115
3522140,35.22.24,2023,1226084.2931154117
3522140,35.22.24,2024,1708413.7857809055
3522140,35.22.24,2025,587274.0841465803
3522150,35.22.14,2018,1624800.4299629852
3522150,35.22.14,2019,1195134.6941302407
3522150,35.22.14,2020,1145650.0661473046
3522150,35.22.14,2021,2304699.99729533
3522150,35.22.14,2022,2464317.835617751
3522150,35.22.14,2023,1977005.7834434751
3522150,35.22.14,2024,2470622.802019647
3522150,35.22.14,2025,657079.3727203062
3522160,35.22.15,2018,2836581.3727725064
3522160,35.22.15,2019,3101233.6775247157
3522160,35.22.15,2020,2763977.914453134
3522160,35.22.15,2021,5478464.890254657
3522160,35.22.15,2022,5061305.916745586
3522160,35.22.15,2023,3615926.4097791165
3522160,35.22.15,2024,4378976.661317534
3522160,35.22.15,2025,1260745.3439944752
3522170,35.22.23,2018,763929.3919682711
3522170,35.22.23,2019,785490.6843255964
3522170,35.22.23,2020,826959.3735842046
3522170,35.22.23,2021,840723.3407237486
3522170,35.22.23,2022,986332.2347763793
3522170,35.22.23,2023,823369.8737893045
3522170,35.22.23,2024,1041105.3432429674
3522170,35.22.23,2025,701514.5600246658
3522180,35.22.06,2018,1445249.9908870873
3522180,35.22.06,2019,1564349.238569051
3522180,35.22.06,2020,1861596.465816504
3522180,35.22.06,2021,3748201.17322019
3522180,35.22.06,2022,3211799.9041266246
3522180,35.22.06,2023,2436425.685000913
3522180,35.22.06,2024,3581845.748122797
3522180,35.22.06,2025,630793.6968078298
3522190,35.22.04,2018,2130516.4846980926
3522190,35.22.04,2019,1085870.5179528326
3522190,35.22.04,2020,1036994.3347570978
3522190,35.22.04,2021,4213388.585257767
3522190,35.22.04,2022,3024386.556727629
3522190,35.22.04,2023,3191901.4212175277
3522190,35.22.04,2024,4007387.11303248
3522190,35.22.04,2025,516442.0845218556
3522191,35.22.28,2018,754159.1039990989
3522191,35.22.28,2019,975640.0386489764
3522191,35.22.28,2020,1024509.1667555855
3522191,35.22.28,2021,1380951.941245184
3522191,35.22.28,2022,1543358.5087536918
3522191,35.22.28,2023,1113034.774385282
3522191,35.22.28,2024,1465066.8979952387
3522191,35.22.28,2025,785144.7998400024
3522200,35.22.16,2018,1243246.1960519147
3522200,35.22.16,2019,1402819.215985465
3522200,35.22.16,2020,1459230.6860320903
3522200,35.22.16,2021,3045033.9126836327
3522200,35.22.16,2022,2340476.8294131896
3522200,35.22.16,2023,1940007.1457294412
3522200,35.22.16,2024,2773617.897324238
3522200,35.22.16,2025,681485.8111388572
3522210,35.22.17,2018,657063.5665362802
3522210,35.22.17,2019,697810.4572514605
3522210,35.22.17,2020,885180.4657389609
3522210,35.22.17,2021,897445.3845569149
3522210,35.22.17,2022,1318432.3401405397
3522210,35.22.17,2023,1000856.8687401108
3522210,35.22.17,2024,1554562.569998111
3522210,35.22.17,2025,895069.0534748127
3522220,35.22.18,2018,1376487.444210893
3522220,35.22.18,2019,1128232.706528944
3522220,35.22.18,2020,999971.1841109268
3522220,35.22.18,2021,1025289.7610689328
3522220,35.22.18,2022,1341382.9832920346
3522220,35.22.18,2023,1149872.5602640412
3522220,35.22.18,2024,1434825.5192867008
3522220,35.22.18,2025,1117308.47771814
3522230,35.22.19,2018,998739.3711428817
3522230,35.22.19,2019,939730.3073221557
3522230,35.22.19,2020,820865.5861425803
3522230,35.22.19,2021,1902093.923676578
3522230,35.22.19,2022,1694297.6028987293
3522230,35.22.19,2023,1278734.2176558261
3522230,35.22.19,2024,1671792.8461175056
3522230,35.22.19,2025,805088.9211128441
3522240,35.22.20,2018,545741.3819321173
3522240,35.22.20,2019,555742.3431991226
3522240,35.22.20,2020,658071.1574665469
3522240,35.22.20,2021,998179.5086993303
3522240,35.22.20,2022,1233364.2205989202
3522240,35.22.20,2023,1052542.9194204803
3522240,35.22.20,2024,1062146.0871960027
3522240,35.22.20,2025,849479.3799465197
3523010,35.23.01,2018,548052.6195241396
3523010,35.23.01,2019,576617.3324181985
3523010,35.23.01,2020,459843.2711195126
3523010,35.23.01,2021,489106.76333724434
3523010,35.23.01,2022,664290.3298661935
3523010,35.23.01,2023,621352.2041807729
3523010,35.23.01,2024,692182.6886699109
3523010,35.23.01,2025,651662.7689570262
3523020,35.23.03,2018,1536730.1393907487
3523020,35.23.03,2019,1046205.4935424452
3523020,35.23.03,2020,843923.3885435541
3523020,35.23.03,2021,1003450.2656862385
3523020,35.23.03,2022,1278628.4998764768
3523020,35.23.03,2023,1130701.4495330264
3523020,35.23.03,2024,1432891.6034877575
3523020,35.23.03,2025,914792.7201164531
3523030,35.23.05,2018,862007.3727720636
3523030,35.23.05,2019,730338.5102227707
3523030,35.23.05,2020,808328.9338611477
3523030,35.23.05,2021,1812276.272269678
3523030,35.23.05,2022,1581777.239856546
3523030,35.23.05,2023,1061478.8031226413
3523030,35.23.05,2024,1270823.3904742752
3523030,35.23.05,2025,696067.4474099128
3523040,35.23.07,2018,1220633.021871145
3523040,35.23.07,2019,867139.2549374189
3523040,35.23.07,2020,956668.5331149142
3523040,35.23.07,2021,1288382.5035548708
3523040,35.23.07,2022,1698502.6366735385
3523040,35.23.07,2023,1424666.624169712
3523040,35.23.07,2024,1950213.6659011922
3523040,35.23.07,2025,956865.0158821401
3523050,35.23.10,2018,1053769.0417140678
3523050,35.23.10,2019,597303.6760610183
3523050,35.23.10,2020,763279.6932499033
3523050,35.23.10,2021,790884.0963329823
3523050,35.23.10,2022,1201358.5133601371
3523050,35.23.10,2023,844789.1661324399
3523050,35.23.10,2024,1190494.4344926344
3523050,35.23.10,2025,628434.0814525314
3523060,35.23.09,2018,933632.5511977723
3523060,35.23.09,2019,1034861.6941696284
3523060,35.23.09,2020,1122623.950872931
3523060,35.23.09,2021,1311376.1191704907
3523060,35.23.09,2022,1811375.5944225348
3523060,35.23.09,2023,1530158.0288487796
3523060,35.23.09,2024,2135765.3073304575
3523060,35.23.09,2025,841680.4938206533
3523070,35.23.11,2018,2819781.5383828147
3523070,35.23.11,2019,1621033.2914255776
3523070,35.23.11,2020,1215229.5754914654
3523070,35.23.11,2021,7989895.360869716
3523070,35.23.11,2022,5341922.280213867
3523070,35.23.11,2023,3748498.2397132497
3523070,35.23.11,2024,5094943.482010911
3523070,35.23.11,2025,611654.7981644061
3523080,35.23.14,2018,1237321.6398468735
3523080,35.23.14,2019,958337.7456921692
3523080,35.23.14,2020,1060243.3259972364
3523080,35.23.14,2021,3435315.9497601003
3523080,35.23.14,2022,2287551.6763843047
3523080,35.23.14,2023,2564847.468513436
3523080,35.23.14,2024,2857791.9019503393
3523080,35.23.14,2025,723671.7451343179
3523081,35.23.20,2018,625055.9891111915
3523081,35.23.20,2019,1058355.1350134457
3523081,35.23.20,2020,632779.824644288
3523081,35.23.20,2021,1167361.3321936156
3523081,35.23.20,2022,1130058.080800221
3523081,35.23.20,2023,939144.6889864769
3523081,35.23.20,2024,1542054.6991339852
3523081,35.23.20,2025,1932548.6796240986
3523090,35.23.17,2018,1986431.8577120153
3523090,35.23.17,2019,1631356.4042352934
3523090,35.23.17,2020,1553938.710126337
3523090,35.23.17,2021,3957804.4549613944
3523090,35.23.17,2022,3196744.2564391163
3523090,35.23.17,2023,3301860.6434735395
3523090,35.23.17,2024,3797180.539256861
3523090,35.23.17,2025,789861.8456004654
3523100,35.23.19,2018,1912419.9078687723
3523100,35.23.19,2019,1181513.869351758
3523100,35.23.19,2020,1290746.6712133456
3523100,35.23.19,2021,1937014.8680478341
3523100,35.23.19,2022,1999440.6200767057
3523100,35.23.19,2023,1980822.1617359011
3523100,35.23.19,2024,1989550.7757756389
3523100,35.23.19,2025,1034929.7974993313
3523110,35.23.18,2018,1817610.390257402
3523110,35.23.18,2019,1998343.7762093535
3523110,35.23.18,2020,1851871.6515522646
3523110,35.23.18,2021,2301673.3969330047
3523110,35.23.18,2022,2393682.151120733
3523110,35.23.18,2023,2249631.46888484
3523110,35.23.18,2024,2892059.802748771
3523110,35.23.18,2025,1001849.0091401426
3523120,35.23.15,2018,1099334.370684883
3523120,35.23.15,2019,1394726.9511523563
3523120,35.23.15,2020,1496762.9702669007
3523120,35.23.15,2021,2932064.3380672573
3523120,35.23.15,2022,2516654.3452922157
3523120,35.23.15,2023,1968980.695379909
3523120,35.23.15,2024,2437323.556030368
3523120,35.23.15,2025,1312983.3821857264
3523130,35.23.16,2018,3197763.880360573
3523130,35.23.16,2019,2459542.1259991084
3523130,35.23.16,2020,1831130.5733191893
3523130,35.23.16,2021,6420646.207518417
3523130,35.23.16,2022,5298200.55806543
3523130,35.23.16,2023,5016926.900363088
3523130,35.23.16,2024,5940003.3067334015
3523130,35.23.16,2025,1358455.5715986153
3523140,35.23.12,2018,1511254.4412528642
3523140,35.23.12,2019,1327642.162502438
3523140,35.23.12,2020,1437838.9912643146
3523140,35.23.12,2021,2236217.84928905
3523140,35.23.12,2022,1961408.7781235715
3523140,35.23.12,2023,2523471.2939936067
3523140,35.23.12,2024,2173624.753920951
3523140,35.23.12,2025,1193290.2819698341
3523150,35.23.13,2018,852220.529907683
3523150,35.23.13,2019,863037.5183427356
3523150,35.23.13,2020,894061.6049782144
3523150,35.23.13,2021,1682737.591035429
3523150,35.23.13,2022,1764593.0451300961
3523150,35.23.13,2023,1702750.8146744308
3523150,35.23.13,2024,1898667.486185878
3523150,35.23.13,2025,1020566.1370962345
3523160,35.23.08,2018,1140158.2980607525
3523160,35.23.08,2019,688446.1120681855
3523160,35.23.08,2020,687123.9872444043
3523160,35.23.08,2021,1200978.2254807267
3523160,35.23.08,2022,1448712.1355580308
3523160,35.23.08,2023,1319725.4533936172
3523160,35.23.08,2024,1745733.066267549
3523160,35.23.08,2025,751468.4178597556
3523170,35.23.06,2018,1246054.257437101
3523170,35.23.06,2019,877867.8237670234
3523170,35.23.06,2020,1110806.604251396
3523170,35.23.06,2021,1241000.2942435383
3523170,35.23.06,2022,1468813.8483528742
3523170,35.23.06,2023,1359396.9909115497
3523170,35.23.06,2024,1419096.2057234957
3523170,35.23.06,2025,954931.4858277969
3523180,35.23.02,2018,1149487.6240438004
3523180,35.23.02,2019,872318.353780453
3523180,35.23.02,2020,945883.2772704223
3523180,35.23.02,2021,1597284.8534352167
3523180,35.23.02,2022,1738947.7018398668
3523180,35.23.02,2023,1497305.0186649438
3523180,35.23.02,2024,1826314.6167064481
3523180,35.23.02,2025,837324.0448282377
3523190,35.23.04,2018,819512.7362092983
3523190,35.23.04,2019,846443.5699554263
3523190,35.23.04,2020,1014653.0583607241
3523190,35.23.04,2021,1548199.47528719
3523190,35.23.04,2022,1483813.7854552327
3523190,35.23.04,2023,1359472.4776189297
3523190,35.23.04,2024,1421252.652572761
3523190,35.23.04,2025,732398.2683276634
3524010,35.24.01,2018,657317.8208051835
3524010,35.24.01,2019,584559.2749027067
3524010,35.24.01,2020,1335518.579429488
3524010,35.24.01,2021,2131226.0605852893
3524010,35.24.01,2022,1798133.4911942442
3524010,35.24.01,2023,1704164.311794883
3524010,35.24.01,2024,1335081.6281649931
3524010,35.24.01,2025,960020.8886755604
3524020,35.24.02,2018,679190.079436341
3524020,35.24.02,2019,1028417.9353647339
3524020,35.24.02,2020,1084665.146583511
3524020,35.24.02,2021,789558.2630647969
3524020,35.24.02,2022,1092903.369736604
3524020,35.24.02,2023,664867.1836963196
3524020,35.24.02,2024,964575.3800072494
3524020,35.24.02,2025,1753159.109543195
3524030,35.24.04,2018,1501692.9759929413
3524030,35.24.04,2019,915438.937606381
3524030,35.24.04,2020,796939.1178322849
3524030,35.24.04,2021,1381301.725650507
3524030,35.24.04,2022,1766102.1143337025
3524030,35.24.04,2023,1193458.3566687342
3524030,35.24.04,2024,1687366.3050290323
3524030,35.24.04,2025,756356.0262985075
3524040,35.24.11,2018,1404562.7257555602
3524040,35.24.11,2019,917411.8316482308
3524040,35.24.11,2020,951679.1647455454
3524040,35.24.11,2021,1576681.261591846
3524040,35.24.11,2022,1889638.6343501746
3524040,35.24.11,2023,1527750.6396684418
3524040,35.24.11,2024,2030481.6772364667
3524040,35.24.11,2025,880181.5242138886
3524050,35.24.16,2018,2185727.5191803663
3524050,35.24.16,2019,1142034.4035975146
3524050,35.24.16,2020,750363.1722404064
3524050,35.24.16,2021,1219845.8171913358
3524050,35.24.16,2022,1841480.4805912874
3524050,35.24.16,2023,1851465.675400581
3524050,35.24.16,2024,2334681.897303328
3524050,35.24.16,2025,786168.1462599298
3524060,35.24.19,2018,2110692.1666582082
3524060,35.24.19,2019,1105506.5770817085
3524060,35.24.19,2020,870625.4004378811
3524060,35.24.19,2021,4752517.973933286
3524060,35.24.19,2022,3066344.240842147
3524060,35.24.19,2023,2524985.651800843
3524060,35.24.19,2024,3174922.60346648
3524060,35.24.19,2025,694207.3841799273
3524070,35.24.12,2018,1965337.2808241916
3524070,35.24.12,2019,2076163.1913530587
3524070,35.24.12,2020,2178548.811335255
3524070,35.24.12,2021,3257659.649892841
3524070,35.24.12,2022,3417480.623243365
3524070,35.24.12,2023,2653125.97636279
3524070,35.24.12,2024,3703726.0665753745
3524070,35.24.12,2025,834812.8323113186
3524080,35.24.06,2018,1469888.3976456246
3524080,35.24.06,2019,1855160.2276790289
3524080,35.24.06,2020,1567719.8538767826
3524080,35.24.06,2021,2748120.3573285327
3524080,35.24.06,2022,3056919.2233982184
3524080,35.24.06,2023,2246621.9808844384
3524080,35.24.06,2024,3422492.5563188815
3524080,35.24.06,2025,601397.7220409125
3524090,35.24.03,2018,1991102.8236244498
3524090,35.24.03,2019,1186942.3437725557
3524090,35.24.03,2020,1032888.8066447804
3524090,35.24.03,2021,3722836.284108965
3524090,35.24.03,2022,2824603.7061983226
3524090,35.24.03,2023,2215574.3410699693
3524090,35.24.03,2024,3063029.168670996
3524090,35.24.03,2025,536096.8395135744
3524100,35.24.05,2018,5309603.9455196485
3524100,35.24.05,2019,3452369.295735745
3524100,35.24.05,2020,3066109.449090269
3524100,35.24.05,2021,11478258.962962525
3524100,35.24.05,2022,6864609.19214853
3524100,35.24.05,2023,5769638.750474553
3524100,35.24.05,2024,7813282.277852787
3524100,35.24.05,2025,861232.9545845279
3524110,35.24.13,2018,1666260.2355444324
3524110,35.24.13,2019,1252664.5126340496
3524110,35.24.13,2020,1105080.1898292457
3524110,35.24.13,2021,3135291.054629159
3524110,35.24.13,2022,2448728.5971756713
3524110,35.24.13,2023,2374211.367698889
3524110,35.24.13,2024,2439099.9904541783
3524110,35.24.13,2025,1221444.8721279935
3524120,35.24.17,2018,2223663.0264374157
3524120,35.24.17,2019,1401871.4063212022
3524120,35.24.17,2020,1274629.034807374
3524120,35.24.17,2021,2291391.1391478144
3524120,35.24.17,2022,2709464.996575265
3524120,35.24.17,2023,2166380.8072618246
3524120,35.24.17,2024,3415185.4926854186
3524120,35.24.17,2025,903209.7501632216
3524130,35.24.22,2018,3248695.6937160445
3524130,35.24.22,2019,3277992.463211665
3524130,35.24.22,2020,2804439.7606453663
3524130,35.24.22,2021,7250862.205060716
3524130,35.24.22,2022,5100965.7716213055
3524130,35.24.22,2023,4318769.904505668
3524130,35.24.22,2024,5545383.307232698
3524130,35.24.22,2025,1265792.4760145028
3524140,35.24.23,2018,1592219.644894072
3524140,35.24.23,2019,1674031.2578263846
3524140,35.24.23,2020,1726433.7895532344
3524140,35.24.23,2021,894812.9238907011
3524140,35.24.23,2022,1942881.8036267902
3524140,35.24.23,2023,1775096.9804973877
3524140,35.24.23,2024,2164312.9837283166
3524140,35.24.23,2025,618490.5929004245
3524141,35.24.27,2018,1213805.2346816582
3524141,35.24.27,2019,957104.5113846291
3524141,35.24.27,2020,826704.6613547399
3524141,35.24.27,2021,1610946.392162474
3524141,35.24.27,2022,1895878.759352791
3524141,35.24.27,2023,1364251.5758717174
3524141,35.24.27,2024,1592182.933870791
3524141,35.24.27,2025,783785.6809246943
3524150,35.24.25,2018,966874.1331579924
3524150,35.24.25,2019,1440983.1559807472
3524150,35.24.25,2020,2162910.18695086
3524150,35.24.25,2021,2422663.39561521
3524150,35.24.25,2022,2458218.9779048557
3524150,35.24.25,2023,1562477.8504744049
3524150,35.24.25,2024,3121367.5557621964
3524150,35.24.25,2025,1117933.916160442
3524160,35.24.26,2018,2950975.1444048923
3524160,35.24.26,2019,1816685.6082971229
3524160,35.24.26,2020,1859845.2415993165
3524160,35.24.26,2021,3189641.6891384777
3524160,35.24.26,2022,3344809.85689212
3524160,35.24.26,2023,2764449.9121992067
3524160,35.24.26,2024,3331675.2966644443
3524160,35.24.26,2025,2499872.594601078
3524170,35.24.24,2018,3008808.1725818985
3524170,35.24.24,2019,1663406.2177751572
3524170,35.24.24,2020,1452967.0143097776
3524170,35.24.24,2021,2330910.2256184104
3524170,35.24.24,2022,2275442.897889228
3524170,35.24.24,2023,1782973.2537586996
3524170,35.24.24,2024,3096881.060085206
3524170,35.24.24,2025,1158255.4610769392
3524180,35.24.21,2018,3070573.4016969306
3524180,35.24.21,2019,1416249.6938005048
3524180,35.24.21,2020,1496453.2532472648
3524180,35.24.21,2021,5307299.644551774
3524180,35.24.21,2022,3837981.370483584
3524180,35.24.21,2023,3991423.279796375
3524180,35.24.21,2024,4865179.159230902
3524180,35.24.21,2025,824919.7433689332
3524190,35.24.20,2018,2081269.630381003
3524190,35.24.20,2019,933122.3801236033
3524190,35.24.20,2020,1227635.0394538154
3524190,35.24.20,2021,2645813.0925396783
3524190,35.24.20,2022,2314110.4247643235
3524190,35.24.20,2023,2445495.3822529186
3524190,35.24.20,2024,2514252.689406923
3524190,35.24.20,2025,999569.7249091879
3524200,35.24.18,2018,1825779.5727154748
3524200,35.24.18,2019,1032583.9485247496
3524200,35.24.18,2020,1250072.9731750442
3524200,35.24.18,2021,2960871.2721535927
3524200,35.24.18,2022,2550522.131807869
3524200,35.24.18,2023,2169298.8068077
3524200,35.24.18,2024,2660052.7956867977
3524200,35.24.18,2025,917582.2101266878
3524210,35.24.09,2018,1677812.935592232
3524210,35.24.09,2019,1211441.9259526923
3524210,35.24.09,2020,1060516.1172855005
3524210,35.24.09,2021,2714790.037567515
3524210,35.24.09,2022,2608347.363023043
3524210,35.24.09,2023,2338111.471139922
3524210,35.24.09,2024,3199684.4776720935
3524210,35.24.09,2025,725024.6693386568
3524220,35.24.10,2018,1800811.8348009645
3524220,35.24.10,2019,1302573.2977459552
3524220,35.24.10,2020,1826883.9017247693
3524220,35.24.10,2021,2798202.428668188
3524220,35.24.10,2022,2454395.420288947
3524220,35.24.10,2023,2372737.9333594204
3524220,35.24.10,2024,3000393.180244303
3524220,35.24.10,2025,1078466.1303243332
3524230,35.24.08,2018,1156726.6247953987
3524230,35.24.08,2019,1797608.14544079
3524230,35.24.08,2020,1669223.4753542794
3524230,35.24.08,2021,7435806.596106514
3524230,35.24.08,2022,4539843.266201266
3524230,35.24.08,2023,4272718.201263022
3524230,35.24.08,2024,5108340.376578973
3524230,35.24.08,2025,485737.05743681896
3524240,35.24.15,2018,1261398.8214564878
3524240,35.24.15,2019,1152385.4244571554
3524240,35.24.15,2020,1161904.4581560753
3524240,35.24.15,2021,1677177.1107196545
3524240,35.24.15,2022,2273767.407078795
3524240,35.24.15,2023,1712431.1354338347
3524240,35.24.15,2024,2327822.2560583903
3524240,35.24.15,2025,855984.3389680468
3524250,35.24.14,2018,3791190.8360911575
3524250,35.24.14,2019,3973190.036474074
3524250,35.24.14,2020,3735520.5348651656
3524250,35.24.14,2021,6330155.146297164
3524250,35.24.14,2022,6302972.257180686
3524250,35.24.14,2023,5859630.661390986
3524250,35.24.14,2024,6112982.412397468
3524250,35.24.14,2025,1534256.8810659237
3524260,35.24.07,2018,2743180.336625728
3524260,35.24.07,2019,2120862.219705404
3524260,35.24.07,2020,2124943.2994371294
3524260,35.24.07,2021,5536277.578711579
3524260,35.24.07,2022,5600363.896075753
3524260,35.24.07,2023,4503899.916366334
3524260,35.24.07,2024,5767949.808068415
3524260,35.24.07,2025,886966.5203085417
3525010,35.25.06,2018,1828341.2379700504
3525010,35.25.06,2019,1702901.5642063492
3525010,35.25.06,2020,1546874.5053395175
3525010,35.25.06,2021,2299650.3846063036
3525010,35.25.06,2022,3053802.9129918166
3525010,35.25.06,2023,3633575.710165291
3525010,35.25.06,2024,3446469.657895963
3525010,35.25.06,2025,764472.030954726
3525020,35.25.15,2018,8715731.921250848
3525020,35.25.15,2019,2874486.5301410207
3525020,35.25.15,2020,2262773.5862020706
3525020,35.25.15,2021,9603134.868588539
3525020,35.25.15,2022,7870116.6335270805
3525020,35.25.15,2023,6478916.290073526
3525020,35.25.15,2024,9789528.453563625
3525020,35.25.15,2025,1644835.001541156
3525030,35.25.08,2018,1146021.458557663
3525030,35.25.08,2019,888995.4514283435
3525030,35.25.08,2020,1285522.781344961
3525030,35.25.08,2021,2091015.5890712477
3525030,35.25.08,2022,1948748.4139589756
3525030,35.25.08,2023,1471171.9664197231
3525030,35.25.08,2024,2162305.9687469844
3525030,35.25.08,2025,921649.3364413243
3525040,35.25.13,2018,4440522.289165095
3525040,35.25.13,2019,2527812.6635413924
3525040,35.25.13,2020,2166040.095421994
3525040,35.25.13,2021,10979675.179161604
3525040,35.25.13,2022,7246518.238653257
3525040,35.25.13,2023,5418584.909881901
3525040,35.25.13,2024,6778491.156149982
3525040,35.25.13,2025,2699701.5684037805
3525050,35.25.11,2018,2048735.764818034
3525050,35.25.11,2019,2305211.284648008
3525050,35.25.11,2020,2625459.336412396
3525050,35.25.11,2021,2725711.439847969
3525050,35.25.11,2022,2830148.985574079
3525050,35.25.11,2023,2370483.254735031
3525050,35.25.11,2024,2823924.030828846
3525050,35.25.11,2025,1575574.0421498562
3525060,35.25.04,2018,1463489.3164972933
3525060,35.25.04,2019,1308557.1959450468
3525060,35.25.04,2020,1421519.5416865125
3525060,35.25.04,2021,2113994.7977516614
3525060,35.25.04,2022,2295847.5540188863
3525060,35.25.04,2023,1450381.0837037961
3525060,35.25.04,2024,2022482.5175095547
3525060,35.25.04,2025,1130417.5759551458
3525070,35.25.02,2018,1184613.669302169
3525070,35.25.02,2019,1305558.8133859143
3525070,35.25.02,2020,1043534.5370653613
3525070,35.25.02,2021,1524601.6230821009
3525070,35.25.02,2022,1673415.4527569595
3525070,35.25.02,2023,1284894.482643231
3525070,35.25.02,2024,1774086.506440462
3525070,35.25.02,2025,1606055.823314538
3525080,35.25.05,2018,1861053.1052803588
3525080,35.25.05,2019,1496929.3561149256
3525080,35.25.05,2020,1586897.127382644
3525080,35.25.05,2021,2544437.7459947104
3525080,35.25.05,2022,2141523.441676111
3525080,35.25.05,2023,1679061.4342720595
3525080,35.25.05,2024,2168267.7709937072
3525080,35.25.05,2025,1897962.4192052162
3525090,35.25.14,2018,3055192.0552561153
3525090,35.25.14,2019,2600973.1048599607
3525090,35.25.14,2020,2334171.6270394335
3525090,35.25.14,2021,3916709.1735850526
3525090,35.25.14,2022,3472648.3005505023
3525090,35.25.14,2023,3311867.2784002987
3525090,35.25.14,2024,3769883.2899326533
3525090,35.25.14,2025,1825801.720010427
3525100,35.25.16,2018,2191869.9755165563
3525100,35.25.16,2019,1723259.9131836845
3525100,35.25.16,2020,2109006.842924355
3525100,35.25.16,2021,2326682.626241788
3525100,35.25.16,2022,2665649.234721817
3525100,35.25.16,2023,2658531.220136686
3525100,35.25.16,2024,3087621.962860266
3525100,35.25.16,2025,1904871.5525999477
3525110,35.25.10,2018,4239177.574867312
3525110,35.25.10,2019,3545526.0661875713
3525110,35.25.10,2020,3597182.795853778
3525110,35.25.10,2021,4768702.36985046
3525110,35.25.10,2022,4971226.362300895
3525110,35.25.10,2023,4376605.604905999
3525110,35.25.10,2024,5490446.606047755
3525110,35.25.10,2025,1742673.7179474526
3525120,35.25.12,2018,2856262.4310702356
3525120,35.25.12,2019,2065553.4163742412
3525120,35.25.12,2020,1766784.09100011
3525120,35.25.12,2021,6076220.530897837
3525120,35.25.12,2022,3652101.7245269152
3525120,35.25.12,2023,3313492.167957726
3525120,35.25.12,2024,4194831.632026295
3525120,35.25.12,2025,943193.2571846906
3525130,35.25.09,2018,1974027.9257984767
3525130,35.25.09,2019,1622459.660229373
3525130,35.25.09,2020,1638811.7728829351
3525130,35.25.09,2021,3534245.2211463265
3525130,35.25.09,2022,2731288.131536569
3525130,35.25.09,2023,2493144.3074329332
3525130,35.25.09,2024,3008810.654716001
3525130,35.25.09,2025,1129968.2897205525
3525140,35.25.01,2018,3200504.8700214853
3525140,35.25.01,2019,1789551.2261791762
3525140,35.25.01,2020,1518052.113326186
3525140,35.25.01,2021,3180114.610935894
3525140,35.25.01,2022,3158614.3811906753
3525140,35.25.01,2023,2927683.121284581
3525140,35.25.01,2024,3196902.3146886374
3525140,35.25.01,2025,1096280.4719132765
3525150,35.25.03,2018,1582041.0673423219
3525150,35.25.03,2019,1209610.9460065586
3525150,35.25.03,2020,1102369.2893499364
3525150,35.25.03,2021,2161174.807075319
3525150,35.25.03,2022,2723629.6319815265
3525150,35.25.03,2023,2206909.248423406
3525150,35.25.03,2024,3930808.9616604275
3525150,35.25.03,2025,1112126.2841666935
3525160,35.25.07,2018,1776537.5973585579
3525160,35.25.07,2019,1179048.090752948
3525160,35.25.07,2020,1182351.690588592
3525160,35.25.07,2021,2770295.408988635
3525160,35.25.07,2022,2688054.542822052
3525160,35.25.07,2023,2055218.5022551762
3525160,35.25.07,2024,2517128.220231904
3525160,35.25.07,2025,819776.1449689294
3526010,35.26.04,2018,1173085.1562319784
3526010,35.26.04,2019,1323941.2239878841
3526010,35.26.04,2020,1423872.721117915
3526010,35.26.04,2021,1249955.2461356425
3526010,35.26.04,2022,1805730.6341710538
3526010,35.26.04,2023,1549459.7711663833
3526010,35.26.04,2024,1869884.1914761716
3526010,35.26.04,2025,1441030.5329243748
3526020,35.26.12,2018,947694.9722791128
3526020,35.26.12,2019,645560.9594261921
3526020,35.26.12,2020,860633.4389681395
3526020,35.26.12,2021,1431888.0325632154
3526020,35.26.12,2022,1331731.0942648714
3526020,35.26.12,2023,1064756.4999835552
3526020,35.26.12,2024,1050179.9911880414
3526020,35.26.12,2025,641696.6847347992
3526030,35.26.11,2018,1027338.3497538976
3526030,35.26.11,2019,1118781.173277984
3526030,35.26.11,2020,1584989.0820246649
3526030,35.26.11,2021,1283594.093024452
3526030,35.26.11,2022,1810283.506561836
3526030,35.26.11,2023,1347020.529090761
3526030,35.26.11,2024,1946228.1602221373
3526030,35.26.11,2025,720531.832846621
3526040,35.26.16,2018,932632.3961366717
3526040,35.26.16,2019,1021735.864757453
3526040,35.26.16,2020,1707014.8931276577
3526040,35.26.16,2021,2238047.534236035
3526040,35.26.16,2022,1730835.060268853
3526040,35.26.16,2023,1763587.082708953
3526040,35.26.16,2024,2153758.8650001944
3526040,35.26.16,2025,1055572.17389526
3526050,35.26.15,2018,2321631.3575284174
3526050,35.26.15,2019,1091233.2718309143
3526050,35.26.15,2020,818230.0303204921
3526050,35.26.15,2021,5244753.178450729
3526050,35.26.15,2022,4649500.163091401
3526050,35.26.15,2023,4396146.788179608
3526050,35.26.15,2024,6044053.680827335
3526050,35.26.15,2025,1022558.5448633304
3526060,35.26.17,2018,224902.54755080355
3526060,35.26.17,2019,715166.3940926967
3526060,35.26.17,2020,977915.8185638281
3526060,35.26.17,2021,2272078.060929393
3526060,35.26.17,2022,1727290.4643252606
3526060,35.26.17,2023,1370998.081221651
3526060,35.26.17,2024,1760177.7660306958
3526060,35.26.17,2025,565807.1806792318
3526070,35.26.18,2018,1709954.4433829768
3526070,35.26.18,2019,1515489.8806827907
3526070,35.26.18,2020,1860068.7552897523
3526070,35.26.18,2021,2541076.6058993894
3526070,35.26.18,2022,3269388.0648935046
3526070,35.26.18,2023,2645917.6608263124
3526070,35.26.18,2024,3398073.5494981427
3526070,35.26.18,2025,1006668.8895960499
3526080,35.26.13,2018,2254543.540477742
3526080,35.26.13,2019,1542655.1945229743
3526080,35.26.13,2020,1965499.6020253329
3526080,35.26.13,2021,7232464.595138622
3526080,35.26.13,2022,4993810.082560293
3526080,35.26.13,2023,3013798.5789644755
3526080,35.26.13,2024,4276177.127807128
3526080,35.26.13,2025,716334.8493059468
3526090,35.26.14,2018,852217.1204013873
3526090,35.26.14,2019,743435.0752772592
3526090,35.26.14,2020,852524.834418556
3526090,35.26.14,2021,639314.171120203
3526090,35.26.14,2022,1041234.8254288438
3526090,35.26.14,2023,929812.9551095495
3526090,35.26.14,2024,1127348.445115159
3526090,35.26.14,2025,775131.6466137047
3526100,35.26.02,2018,1205435.688426216
3526100,35.26.02,2019,1487124.4392835703
3526100,35.26.02,2020,1848909.3720808441
3526100,35.26.02,2021,1159238.4668428549
3526100,35.26.02,2022,2007766.3374315856
3526100,35.26.02,2023,1524146.759848076
3526100,35.26.02,2024,1920103.3584883553
3526100,35.26.02,2025,960908.1222864919
3526110,35.26.01,2018,3953514.6797081134
3526110,35.26.01,2019,2446091.7383683342
3526110,35.26.01,2020,2910077.715296675
3526110,35.26.01,2021,3691981.146687317
3526110,35.26.01,2022,4436469.2095042495
3526110,35.26.01,2023,3540588.4136504857
3526110,35.26.01,2024,3933557.684576826
3526110,35.26.01,2025,2360073.5354176173
3526120,35.26.03,2018,2279395.064981528
3526120,35.26.03,2019,1333242.5216994043
3526120,35.26.03,2020,1616736.5529254968
3526120,35.26.03,2021,4340006.224078462
3526120,35.26.03,2022,3292889.035666444
3526120,35.26.03,2023,2478761.446282249
3526120,35.26.03,2024,3477904.8183782003
3526120,35.26.03,2025,1226832.1248273116
3526130,35.26.05,2018,1592607.8903025952
3526130,35.26.05,2019,1067432.0924203703
3526130,35.26.05,2020,1115501.0692844142
3526130,35.26.05,2021,665256.8537702387
3526130,35.26.05,2022,537545.094436965
3526130,35.26.05,2023,1447788.6949064897
3526130,35.26.05,2024,1442890.9785158653
3526130,35.26.05,2025,1478893.5826923286
3526140,35.26.06,2018,1497575.743038135
3526140,35.26.06,2019,1616289.177643556
3526140,35.26.06,2020,2440376.570840954
3526140,35.26.06,2021,651679.7418771661
3526140,35.26.06,2022,2332561.5444344734
3526140,35.26.06,2023,2678559.1166464025
3526140,35.26.06,2024,4280857.350666146
3526140,35.26.06,2025,1316809.221954153
3526150,35.26.10,2018,906575.9352108343
3526150,35.26.10,2019,1180394.7750922886
3526150,35.26.10,2020,1852846.7060180774
3526150,35.26.10,2021,1026372.0966349967
3526150,35.26.10,2022,1506190.7665119744
3526150,35.26.10,2023,1444077.704014378
3526150,35.26.10,2024,1203492.429054294
3526150,35.26.10,2025,1038652.3864148019
3526160,35.26.09,2018,801725.6798336181
3526160,35.26.09,2019,1412226.8695666348
3526160,35.26.09,2020,1576557.952595275
3526160,35.26.09,2021,892270.1721273975
3526160,35.26.09,2022,2001676.7984576426
3526160,35.26.09,2023,1260071.7454906867
3526160,35.26.09,2024,1528722.7246412523
3526160,35.26.09,2025,1011470.6235739517
3526170,35.26.08,2018,517984.8648675429
3526170,35.26.08,2019,683541.5008911346
3526170,35.26.08,2020,852172.938685289
3526170,35.26.08,2021,1010419.6197143262
3526170,35.26.08,2022,1000043.8267339738
3526170,35.26.08,2023,730093.7891577566
3526170,35.26.08,2024,842311.3648450285
3526170,35.26.08,2025,880095.6252065614
3526180,35.26.07,2018,2429962.7653529984
3526180,35.26.07,2019,1488654.7572151811
3526180,35.26.07,2020,1705360.1208363648
3526180,35.26.07,2021,1061542.9175911504
3526180,35.26.07,2022,1498463.3377645286
3526180,35.26.07,2023,1297567.730917558
3526180,35.26.07,2024,1498536.8918531106
3526180,35.26.07,2025,2027250.3940076623
3527010,35.27.01,2018,1129855.412543055
3527010,35.27.01,2019,694366.3358192076
3527010,35.27.01,2020,767552.7317932076
3527010,35.27.01,2021,1449585.5146074868
3527010,35.27.01,2022,1511008.0627458019
3527010,35.27.01,2023,1131865.524134541
3527010,35.27.01,2024,1306047.4093497954
3527010,35.27.01,2025,807492.7810382512
3527020,35.27.02,2018,1938077.7677248127
3527020,35.27.02,2019,636948.0861062852
3527020,35.27.02,2020,512922.4243320267
3527020,35.27.02,2021,2283671.2212621924
3527020,35.27.02,2022,2647387.0082276175
3527020,35.27.02,2023,1872686.4597689402
3527020,35.27.02,2024,2750637.7189258663
3527020,35.27.02,2025,431889.13951307343
3527021,35.27.13,2018,889742.4439286292
3527021,35.27.13,2019,703856.1536257663
3527021,35.27.13,2020,576896.458718154
3527021,35.27.13,2021,957709.7275259948
3527021,35.27.13,2022,1104299.6906092744
3527021,35.27.13,2023,896426.1631814118
3527021,35.27.13,2024,1167012.085158588
3527021,35.27.13,2025,817530.767300748
3527030,35.27.03,2018,27417794.321418118
3527030,35.27.03,2019,3263483.8864823193
3527030,35.27.03,2020,1802068.85012005
3527030,35.27.03,2021,26264186.980174016
3527030,35.27.03,2022,12001794.582085177
3527030,35.27.03,2023,8706475.898489738
3527030,35.27.03,2024,11097447.62041748
3527030,35.27.03,2025,792960.2876749901
3527040,35.27.04,2018,4394200.689033986
3527040,35.27.04,2019,1862571.5947275918
3527040,35.27.04,2020,1284952.9084564527
3527040,35.27.04,2021,7053460.077692068
3527040,35.27.04,2022,4925248.688386447
3527040,35.27.04,2023,3688846.0981803127
3527040,35.27.04,2024,4466704.518734864
3527040,35.27.04,2025,630573.4072169239
3527050,35.27.05,2018,18906178.51995213
3527050,35.27.05,2019,1505465.0919475297
3527050,35.27.05,2020,921192.2292218135
3527050,35.27.05,2021,7936814.361270983
3527050,35.27.05,2022,6361079.19415224
3527050,35.27.05,2023,4242560.022857219
3527050,35.27.05,2024,6525412.9678189205
3527050,35.27.05,2025,1296728.765938465
3527060,35.27.06,2018,7622346.05225011
3527060,35.27.06,2019,1804760.489261699
3527060,35.27.06,2020,1381510.2872274097
3527060,35.27.06,2021,9927884.402575497
3527060,35.27.06,2022,7203637.177243788
3527060,35.27.06,2023,4969254.941274222
3527060,35.27.06,2024,6648767.933492063
3527060,35.27.06,2025,1648489.4761191844
3527070,35.27.07,2018,857503.7801703389
3527070,35.27.07,2019,783201.0263350272
3527070,35.27.07,2020,798005.0153776556
3527070,35.27.07,2021,2693148.0600469946
3527070,35.27.07,2022,2359573.9791649543
3527070,35.27.07,2023,1656906.3316898912
3527070,35.27.07,2024,2024436.618270814
3527070,35.27.07,2025,474819.5195303518
3527080,35.27.08,2018,2432647.388735805
3527080,35.27.08,2019,1115656.7622050843
3527080,35.27.08,2020,922516.4347704214
3527080,35.27.08,2021,5574588.5536384
3527080,35.27.08,2022,3943965.9416397233
3527080,35.27.08,2023,3134452.1150854863
3527080,35.27.08,2024,3905086.622396547
3527080,35.27.08,2025,722886.644265616
3527090,35.27.09,2018,10037443.01527732
3527090,35.27.09,2019,1427700.6459126521
3527090,35.27.09,2020,1140529.7372634609
3527090,35.27.09,2021,9452711.825153818
3527090,35.27.09,2022,4791886.617134831
3527090,35.27.09,2023,3328488.896184199
3527090,35.27.09,2024,3791249.1923684175
3527090,35.27.09,2025,1363322.1780303672
3527100,35.27.10,2018,1403855.4372207315
3527100,35.27.10,2019,966287.3040860735
3527100,35.27.10,2020,1133946.03402969
3527100,35.27.10,2021,3859426.540518651
3527100,35.27.10,2022,3031071.118110869
3527100,35.27.10,2023,2141765.756397155
3527100,35.27.10,2024,3253556.4377206047
3527100,35.27.10,2025,1730727.460594007
3527101,35.27.14,2018,6805725.481774242
3527101,35.27.14,2019,1924163.7360537553
3527101,35.27.14,2020,1929551.1465426565
3527101,35.27.14,2021,8375891.306746379
3527101,35.27.14,2022,6910982.064969279
3527101,35.27.14,2023,5453788.825984186
3527101,35.27.14,2024,7223673.2514891
3527101,35.27.14,2025,2400752.331852044
3527110,35.27.12,2018,21538597.839559887
3527110,35.27.12,2019,1955400.0693660628
3527110,35.27.12,2020,1354577.8099897406
3527110,35.27.12,2021,21471904.353869714
3527110,35.27.12,2022,10290990.074468173
3527110,35.27.12,2023,6848901.9842244405
3527110,35.27.12,2024,8381852.025899915
3527110,35.27.12,2025,1146084.7710601368
3527120,35.27.11,2018,3681770.7670456255
3527120,35.27.11,2019,1356948.2377760408
3527120,35.27.11,2020,1239916.6590222858
3527120,35.27.11,2021,5901364.343908368
3527120,35.27.11,2022,4396523.249932246
3527120,35.27.11,2023,3308289.6480617705
3527120,35.27.11,2024,3536982.0763352076
3527120,35.27.11,2025,1121891.925138822
3528010,35.28.01,2018,2798890.121521166
3528010,35.28.01,2019,1199939.1901003309
3528010,35.28.01,2020,1129869.3459498717
3528010,35.28.01,2021,2888878.9496072456
3528010,35.28.01,2022,3407413.3173390557
3528010,35.28.01,2023,2752198.2901740028
3528010,35.28.01,2024,4092908.345936876
3528010,35.28.01,2025,559150.8893123887
3528020,35.28.02,2018,3186264.87005701
3528020,35.28.02,2019,2234397.3580083116
3528020,35.28.02,2020,2578291.5546476473
3528020,35.28.02,2021,11380818.938502576
3528020,35.28.02,2022,7789943.7433214635
3528020,35.28.02,2023,6264787.66054608
3528020,35.28.02,2024,8163565.620937328
3528020,35.28.02,2025,855522.8352599501
3528030,35.28.03,2018,755261.8857589986
3528030,35.28.03,2019,571008.7295700586
3528030,35.28.03,2020,930804.0480840188
3528030,35.28.03,2021,924484.95082962
3528030,35.28.03,2022,1279372.6250871462
3528030,35.28.03,2023,1001041.4360376372
3528030,35.28.03,2024,1182459.102424067
3528030,35.28.03,2025,754529.0555674431
3528040,35.28.08,2018,2945726.0078311074
3528040,35.28.08,2019,1822215.4749704986
3528040,35.28.08,2020,1888942.1221442528
3528040,35.28.08,2021,2613949.8128654603
3528040,35.28.08,2022,3176129.6456136107
3528040,35.28.08,2023,2487802.529429624
3528040,35.28.08,2024,2915610.553303154
3528040,35.28.08,2025,1163014.5135828985
3528050,35.28.04,2018,2697540.619167543
3528050,35.28.04,2019,2101004.1098921415
3528050,35.28.04,2020,2272085.140024989
3528050,35.28.04,2021,4732516.30682504
3528050,35.28.04,2022,4661592.60153413
3528050,35.28.04,2023,5133764.261961635
3528050,35.28.04,2024,7055378.004484051
3528050,35.28.04,2025,1168559.314714337
3528060,35.28.05,2018,5110877.4524225965
3528060,35.28.05,2019,1769966.2741137133
3528060,35.28.05,2020,1559515.3929265477
3528060,35.28.05,2021,16590123.634785052
3528060,35.28.05,2022,7275442.325763194
3528060,35.28.05,2023,5244039.526560817
3528060,35.28.05,2024,7348451.181030395
3528060,35.28.05,2025,590364.1788468342
3528070,35.28.06,2018,6901329.992671646
3528070,35.28.06,2019,4517146.5755194295
3528070,35.28.06,2020,4623096.363574017
3528070,35.28.06,2021,20490184.12353043
3528070,35.28.06,2022,18998171.175622787
3528070,35.28.06,2023,14872919.434373168
3528070,35.28.06,2024,21474945.14362271
3528070,35.28.06,2025,706996.7012993683
3528080,35.28.07,2018,8268188.470502391
3528080,35.28.07,2019,3124152.7879514066
3528080,35.28.07,2020,2588168.700872386
3528080,35.28.07,2021,22924739.509162277
3528080,35.28.07,2022,13464839.521450818
3528080,35.28.07,2023,9328996.86210595
3528080,35.28.07,2024,14535872.72880695
3528080,35.28.07,2025,678350.932382983
3528090,35.28.12,2018,2414858.167425922
3528090,35.28.12,2019,1462775.8972362431
3528090,35.28.12,2020,1365530.2455649248
3528090,35.28.12,2021,4973698.230951472
3528090,35.28.12,2022,3398429.3419412496
3528090,35.28.12,2023,2660874.661682364
3528090,35.28.12,2024,3826856.8011366194
3528090,35.28.12,2025,718063.5674421007
3528100,35.28.09,2018,1798725.6439955283
3528100,35.28.09,2019,1176529.5732161775
3528100,35.28.09,2020,938154.354638182
3528100,35.28.09,2021,2457978.7002878417
3528100,35.28.09,2022,2401654.147867062
3528100,35.28.09,2023,1811423.3904680384
3528100,35.28.09,2024,2296739.723039336
3528100,35.28.09,2025,587213.9556438505
3528110,35.28.10,2018,4626120.650862956
3528110,35.28.10,2019,1454445.8810560575
3528110,35.28.10,2020,1008405.1751134665
3528110,35.28.10,2021,6159689.133541673
3528110,35.28.10,2022,3375631.7640680405
3528110,35.28.10,2023,2642226.6222810964
3528110,35.28.10,2024,3374264.365202258
3528110,35.28.10,2025,715882.8417748823
3528120,35.28.11,2018,5296085.897253632
3528120,35.28.11,2019,2098458.61697905
3528120,35.28.11,2020,1809461.172607949
3528120,35.28.11,2021,4007990.833093315
3528120,35.28.11,2022,4044293.1824821173
3528120,35.28.11,2023,2872341.7893649037
3528120,35.28.11,2024,3931563.338776706
3528120,35.28.11,2025,1268104.0056289656
3528130,35.28.13,2018,3277142.3957521454
3528130,35.28.13,2019,1537999.0470487957
3528130,35.28.13,2020,1793225.224095907
3528130,35.28.13,2021,14369225.780851375
3528130,35.28.13,2022,9205092.97289829
3528130,35.28.13,2023,7289556.826017475
3528130,35.28.13,2024,8762006.802450793
3528130,35.28.13,2025,625807.456978309
3529010,35.29.11,2018,8269121.903729128
3529010,35.29.11,2019,4552471.58302807
3529010,35.29.11,2020,5352046.378117522
3529010,35.29.11,2021,20011522.37413318
3529010,35.29.11,2022,15756441.313374165
3529010,35.29.11,2023,12280076.34873823
3529010,35.29.11,2024,18080667.954782486
3529010,35.29.11,2025,939087.9599132587
3529020,35.29.05,2018,4417902.02346534
3529020,35.29.05,2019,2674016.0164326834
3529020,35.29.05,2020,2387793.912433609
3529020,35.29.05,2021,2366399.903826219
3529020,35.29.05,2022,5414013.155826818
3529020,35.29.05,2023,5105382.248769635
3529020,35.29.05,2024,5245221.726023208
3529020,35.29.05,2025,2200236.011196421
3529030,35.29.06,2018,811858.4781188418
3529030,35.29.06,2019,861715.919250312
3529030,35.29.06,2020,876378.1139530215
3529030,35.29.06,2021,1434999.192721401
3529030,35.29.06,2022,1462460.496838683
3529030,35.29.06,2023,1307148.7252645842
3529030,35.29.06,2024,1474164.3585856585
3529030,35.29.06,2025,1081010.2394219786
3529040,35.29.08,2018,869893.7017982717
3529040,35.29.08,2019,950989.1194075021
3529040,35.29.08,2020,817360.4058051168
3529040,35.29.08,2021,811374.8298042583
3529040,35.29.08,2022,1281013.312094323
3529040,35.29.08,2023,1551629.4071424897
3529040,35.29.08,2024,1242473.0221499533
3529040,35.29.08,2025,3180738.9774300084
3529050,35.29.04,2018,1923576.7911687696
3529050,35.29.04,2019,870735.6719783121
3529050,35.29.04,2020,1261825.516829854
3529050,35.29.04,2021,664159.159647396
3529050,35.29.04,2022,1687850.7821533473
3529050,35.29.04,2023,1635837.9993205965
3529050,35.29.04,2024,2634836.4580653105
3529050,35.29.04,2025,1356941.4278100522
3529060,35.29.02,2018,1220142.2991120296
3529060,35.29.02,2019,906911.22792856
3529060,35.29.02,2020,978853.1127199826
3529060,35.29.02,2021,1334971.157687083
3529060,35.29.02,2022,1844912.7973280763
3529060,35.29.02,2023,2024240.5477737559
3529060,35.29.02,2024,2092380.452372249
3529060,35.29.02,2025,1046933.5714727247
3529070,35.29.01,2018,2177447.9397031073
3529070,35.29.01,2019,1784512.2489215054
3529070,35.29.01,2020,2328892.4446608583
3529070,35.29.01,2021,5003122.322407379
3529070,35.29.01,2022,4673142.009539214
3529070,35.29.01,2023,3947532.003759388
3529070,35.29.01,2024,5607323.22575645
3529070,35.29.01,2025,1528400.985340445
3529071,35.29.26,2018,777835.9073033631
3529071,35.29.26,2019,1114878.5203433605
3529071,35.29.26,2020,1451921.1336300205
3529071,35.29.26,2021,1788963.7465466848
3529071,35.29.26,2022,1091389.8442050698
3529071,35.29.26,2023,2308804.9046853245
3529071,35.29.26,2024,2328637.4049433344
3529071,35.29.26,2025,3211765.4672826347
3529080,35.29.07,2018,5230009.679613993
3529080,35.29.07,2019,2856817.129351099
3529080,35.29.07,2020,2784750.6969649973
3529080,35.29.07,2021,8327752.064971699
3529080,35.29.07,2022,8028982.636254559
3529080,35.29.07,2023,7318473.94560204
3529080,35.29.07,2024,10744734.217399476
3529080,35.29.07,2025,1057035.857962947
3529090,35.29.10,2018,2645532.3666955032
3529090,35.29.10,2019,1388819.3466846247
3529090,35.29.10,2020,1828222.7456424418
3529090,35.29.10,2021,4524651.332547542
3529090,35.29.10,2022,4299336.337425136
3529090,35.29.10,2023,3979280.1862831544
3529090,35.29.10,2024,4070456.4904534793
3529090,35.29.10,2025,1037398.9694989802
3529100,35.29.09,2018,3433514.427562522
3529100,35.29.09,2019,2415017.41336089
3529100,35.29.09,2020,2318706.8824684573
3529100,35.29.09,2021,5103179.621223015
3529100,35.29.09,2022,5909606.934489112
3529100,35.29.09,2023,5376897.493484211
3529100,35.29.09,2024,6764290.5959816845
3529100,35.29.09,2025,1168908.7934284683
3529110,35.29.13,2018,2232701.0314400736
3529110,35.29.13,2019,1097045.9867908764
3529110,35.29.13,2020,1164007.303327254
3529110,35.29.13,2021,6281016.44644185
3529110,35.29.13,2022,3725204.1724709426
3529110,35.29.13,2023,2470485.572402315
3529110,35.29.13,2024,2547435.851531917
3529110,35.29.13,2025,1596325.4685200308
3529120,35.29.12,2018,1177639.8345297521
3529120,35.29.12,2019,827514.0313745666
3529120,35.29.12,2020,720296.0808338413
3529120,35.29.12,2021,2006418.445244813
3529120,35.29.12,2022,2181568.3544955594
3529120,35.29.12,2023,1719134.9496353157
3529120,35.29.12,2024,1946201.391799628
3529120,35.29.12,2025,1147665.381082907
3529130,35.29.15,2018,2656500.895088704
3529130,35.29.15,2019,955052.3096927443
3529130,35.29.15,2020,760586.8494105116
3529130,35.29.15,2021,3481166.8777543386
3529130,35.29.15,2022,2920173.8526227125
3529130,35.29.15,2023,2635540.7574006785
3529130,35.29.15,2024,2856029.7617246346
3529130,35.29.15,2025,1127002.6367193277
3529140,35.29.14,2018,656858.3844587619
3529140,35.29.14,2019,845281.0028129631
3529140,35.29.14,2020,965061.5711328869
3529140,35.29.14,2021,1298516.1997395256
3529140,35.29.14,2022,1294298.0131000457
3529140,35.29.14,2023,1471411.535765574
3529140,35.29.14,2024,1258321.2104303886
3529140,35.29.14,2025,936708.0372302445
3529150,35.29.03,2018,1056170.9108519987
3529150,35.29.03,2019,711946.2238822463
3529150,35.29.03,2020,773834.1931695258
3529150,35.29.03,2021,1257790.057040778
3529150,35.29.03,2022,1627768.7867528105
3529150,35.29.03,2023,1292308.3612021108
3529150,35.29.03,2024,1590058.274782562
3529150,35.29.03,2025,1051876.219706571
3529160,35.29.17,2018,1731897.6276647584
3529160,35.29.17,2019,1069278.929105129
3529160,35.29.17,2020,1056347.0227387897
3529160,35.29.17,2021,5218228.733157286
3529160,35.29.17,2022,3056448.785141911
3529160,35.29.17,2023,3226631.7179401643
3529160,35.29.17,2024,3723681.482665513
3529160,35.29.17,2025,642727.3207246694
3529170,35.29.19,2018,2130206.647591975
3529170,35.29.19,2019,1227213.7689330801
3529170,35.29.19,2020,1082064.2710360603
3529170,35.29.19,2021,2220502.229053608
3529170,35.29.19,2022,2349526.0145645943
3529170,35.29.19,2023,2251102.3442163486
3529170,35.29.19,2024,2491425.814032446
3529170,35.29.19,2025,917100.2892122588
3529180,35.29.16,2018,2086378.6950178642
3529180,35.29.16,2019,1333737.2062720521
3529180,35.29.16,2020,1579371.8570606452
3529180,35.29.16,2021,3316661.13992823
3529180,35.29.16,2022,3439541.680896134
3529180,35.29.16,2023,4084215.3628948196
3529180,35.29.16,2024,4678803.416986952
3529180,35.29.16,2025,1157169.383806869
3529190,35.29.18,2018,1827100.6129367715
3529190,35.29.18,2019,1024130.3760529176
3529190,35.29.18,2020,1093637.396077023
3529190,35.29.18,2021,1574036.6553109034
3529190,35.29.18,2022,1886198.5827992475
3529190,35.29.18,2023,1824748.404369019
3529190,35.29.18,2024,2171538.1633695555
3529190,35.29.18,2025,1695757.419724293
3529200,35.29.21,2018,1002529.4619661532
3529200,35.29.21,2019,1410438.7916674016
3529200,35.29.21,2020,1574070.8835458842
3529200,35.29.21,2021,1239082.550333322
3529200,35.29.21,2022,1272085.9495271146
3529200,35.29.21,2023,1901635.4037735588
3529200,35.29.21,2024,1644958.3120708938
3529200,35.29.21,2025,2498967.2821762837
3529210,35.29.20,2018,1545716.0951375822
3529210,35.29.20,2019,1230810.2518042987
3529210,35.29.20,2020,1157779.5638477597
3529210,35.29.20,2021,1707583.7328739127
3529210,35.29.20,2022,2072684.4441821687
3529210,35.29.20,2023,1807333.6934087428
3529210,35.29.20,2024,2264208.914434426
3529210,35.29.20,2025,1816043.2009126374
3529220,35.29.22,2018,1545520.93236103
3529220,35.29.22,2019,746467.727844267
3529220,35.29.22,2020,1017870.9660574276
3529220,35.29.22,2021,2068101.52492859
3529220,35.29.22,2022,1902651.5645741883
3529220,35.29.22,2023,1542616.1396537777
3529220,35.29.22,2024,2309005.8457947704
3529220,35.29.22,2025,1097032.7784702398
3529230,35.29.25,2018,5699095.913154516
3529230,35.29.25,2019,3000746.296607844
3529230,35.29.25,2020,3010018.936166998
3529230,35.29.25,2021,1147175.6950115466
3529230,35.29.25,2022,3630243.9177025654
3529230,35.29.25,2023,5152327.631668992
3529230,35.29.25,2024,6788811.626604769
3529230,35.29.25,2025,2438958.821071763
3529240,35.29.24,2018,11353267.257498216
3529240,35.29.24,2019,2447597.9504510798
3529240,35.29.24,2020,2059320.5115761387
3529240,35.29.24,2021,3050849.9497355768
3529240,35.29.24,2022,4034891.305611623
3529240,35.29.24,2023,5127421.477120563
3529240,35.29.24,2024,7512743.9823200945
3529240,35.29.24,2025,1494359.7486392735
3529241,35.29.27,2018,1555957.1365355197
3529241,35.29.27,2019,1555957.1365355197
3529241,35.29.27,2020,1158200.0717163074
3529241,35.29.27,2021,1200565.4039359395
3529241,35.29.27,2022,1217585.0848699044
3529241,35.29.27,2023,1589278.9295251835
3529241,35.29.27,2024,2123918.2509548003
3529241,35.29.27,2025,1319198.5394981324
3529250,35.29.23,2018,884483.6834714488
3529250,35.29.23,2019,768021.3698816658
3529250,35.29.23,2020,879971.0523008575
3529250,35.29.23,2021,1225243.0639366629
3529250,35.29.23,2022,1329448.2436523081
3529250,35.29.23,2023,1616914.141896035
3529250,35.29.23,2024,1706664.1228099512
3529250,35.29.23,2025,2595537.099323609
3571010,35.71.01,2018,7003589.241159059
3571010,35.71.01,2019,2611769.3916984578
3571010,35.71.01,2020,2280472.0499201226
3571010,35.71.01,2021,5438829.52879737
3571010,35.71.01,2022,5118211.187149705
3571010,35.71.01,2023,4641848.322910136
3571010,35.71.01,2024,5875806.860844667
3571010,35.71.01,2025,2093220.9763695325
3571020,35.71.02,2018,2396962.177266
3571020,35.71.02,2019,2277914.4214929664
3571020,35.71.02,2020,2744525.3787868395
3571020,35.71.02,2021,3809547.9836143763
3571020,35.71.02,2022,4357235.536330693
3571020,35.71.02,2023,4803436.072845662
3571020,35.71.02,2024,6019775.66773721
3571020,35.71.02,2025,1655395.099812523
3571030,35.71.03,2018,1376976.6224067376
3571030,35.71.03,2019,1195194.6210002864
3571030,35.71.03,2020,1332994.3670833483
3571030,35.71.03,2021,1796566.198084735
3571030,35.71.03,2022,2144447.8186514582
3571030,35.71.03,2023,2111966.935198884
3571030,35.71.03,2024,2454327.449761545
3571030,35.71.03,2025,1007272.5300567856
3572010,35.72.02,2018,1018257.045499505
3572010,35.72.02,2019,928238.7548248828
3572010,35.72.02,2020,998484.218877869
3572010,35.72.02,2021,1716734.304724953
3572010,35.72.02,2022,1495738.9865432375
3572010,35.72.02,2023,1489664.1979003886
3572010,35.72.02,2024,1807760.4600774145
3572010,35.72.02,2025,886275.1057852521
3572020,35.72.01,2018,1392011.9517629526
3572020,35.72.01,2019,1258887.0478310343
3572020,35.72.01,2020,1463900.6048721815
3572020,35.72.01,2021,2531523.954323769
3572020,35.72.01,2022,2426465.5849714354
3572020,35.72.01,2023,2427265.296680482
3572020,35.72.01,2024,2821802.304646515
3572020,35.72.01,2025,931507.4492827372
3572030,35.72.03,2018,2366556.866721437
3572030,35.72.03,2019,1574087.4028455822
3572030,35.72.03,2020,1535645.8006494192
3572030,35.72.03,2021,1960517.3670426356
3572030,35.72.03,2022,2447352.776504058
3572030,35.72.03,2023,2089739.8279122892
3572030,35.72.03,2024,2498988.3011966697
3572030,35.72.03,2025,1402062.5007010698
3573010,35.73.03,2018,5281895.6588069955
3573010,35.73.03,2019,6456060.733429668
3573010,35.73.03,2020,7835175.248241372
3573010,35.73.03,2021,22218515.282463025
3573010,35.73.03,2022,12397160.956402682
3573010,35.73.03,2023,11591168.062036062
3573010,35.73.03,2024,13926623.15934112
3573010,35.73.03,2025,2593036.44035858
3573020,35.73.04,2018,6821993.463996459
3573020,35.73.04,2019,4830272.3946558945
3573020,35.73.04,2020,4189601.897800513
3573020,35.73.04,2021,5815046.369011755
3573020,35.73.04,2022,10245311.886742504
3573020,35.73.04,2023,13674298.785189642
3573020,35.73.04,2024,20867413.999424987
3573020,35.73.04,2025,2132807.6199623914
3573030,35.73.02,2018,5051373.440420509
3573030,35.73.02,2019,4039588.0217882246
3573030,35.73.02,2020,4469682.221251301
3573030,35.73.02,2021,7965168.271063296
3573030,35.73.02,2022,7016406.241365811
3573030,35.73.02,2023,7354956.895847143
3573030,35.73.02,2024,9286696.52943473
3573030,35.73.02,2025,2517789.304858556
3573040,35.73.01,2018,3581921.672743757
3573040,35.73.01,2019,4346046.362514621
3573040,35.73.01,2020,4823093.230890604
3573040,35.73.01,2021,6251508.471038808
3573040,35.73.01,2022,6736232.511857775
3573040,35.73.01,2023,7607733.734496159
3573040,35.73.01,2024,8478436.469847402
3573040,35.73.01,2025,2540796.4244751236
3573050,35.73.05,2018,12017570.911439758
3573050,35.73.05,2019,11355787.130703434
3573050,35.73.05,2020,10496762.32376786
3573050,35.73.05,2021,12586543.93916747
3573050,35.73.05,2022,12778667.942774724
3573050,35.73.05,2023,13033459.699183967
3573050,35.73.05,2024,14587672.230159823
3573050,35.73.05,2025,5122180.730857059
3574010,35.74.01,2018,1387025.266637434
3574010,35.74.01,2019,882097.2547840116
3574010,35.74.01,2020,1107863.6881401972
3574010,35.74.01,2021,1945751.7094513467
3574010,35.74.01,2022,1570122.8203720907
3574010,35.74.01,2023,1439552.535349256
3574010,35.74.01,2024,1728019.920565051
3574010,35.74.01,2025,1396834.1434211123
3574011,35.74.05,2018,1107617.7604067347
3574011,35.74.05,2019,980739.8942387684
3574011,35.74.05,2020,1072217.0930788207
3574011,35.74.05,2021,1201013.5517226325
3574011,35.74.05,2022,1409225.9809722228
3574011,35.74.05,2023,1270744.3602334247
3574011,35.74.05,2024,1491180.144814317
3574011,35.74.05,2025,1113367.090709772
3574020,35.74.02,2018,858750.990898235
3574020,35.74.02,2019,819233.2072088991
3574020,35.74.02,2020,901606.6684367259
3574020,35.74.02,2021,1116015.9872432542
3574020,35.74.02,2022,1118362.6198987623
3574020,35.74.02,2023,1067063.3990446322
3574020,35.74.02,2024,1193941.4791263968
3574020,35.74.02,2025,905593.4906715456
3574030,35.74.03,2018,1366792.836494392
3574030,35.74.03,2019,1613757.0482840142
3574030,35.74.03,2020,1770684.0804975226
3574030,35.74.03,2021,1575217.16428664
3574030,35.74.03,2022,1776814.7973738685
3574030,35.74.03,2023,1646914.0557803207
3574030,35.74.03,2024,1756154.2695679043
3574030,35.74.03,2025,1475378.6941037867
3574031,35.74.04,2018,1587057.0805554364
3574031,35.74.04,2019,1487116.4564927267
3574031,35.74.04,2020,1598825.3144652694
3574031,35.74.04,2021,1763772.0833300783
3574031,35.74.04,2022,1864626.1948965087
3574031,35.74.04,2023,1797008.04050777
3574031,35.74.04,2024,1891916.358916597
3574031,35.74.04,2025,1584107.7753248836
3575010,35.75.01,2018,1273586.484289573
3575010,35.75.01,2019,908326.0841804066
3575010,35.75.01,2020,1020884.3792459996
3575010,35.75.01,2021,1448094.1025002552
3575010,35.75.01,2022,1618906.358675721
3575010,35.75.01,2023,1406168.973047773
3575010,35.75.01,2024,1575488.5020400998
3575010,35.75.01,2025,1256955.1856709525
3575020,35.75.02,2018,1930729.8293500147
3575020,35.75.02,2019,1666839.4982508034
3575020,35.75.02,2020,1473992.4179787906
3575020,35.75.02,2021,2277556.36116947
3575020,35.75.02,2022,2327396.694583983
3575020,35.75.02,2023,2556387.4991608397
3575020,35.75.02,2024,2778704.937885831
3575020,35.75.02,2025,1058359.2951660142
3575030,35.75.03,2018,1449810.9410234145
3575030,35.75.03,2019,1090905.178796485
3575030,35.75.03,2020,1078910.5293137145
3575030,35.75.03,2021,748752.3965243184
3575030,35.75.03,2022,1297771.777123737
3575030,35.75.03,2023,1464763.1266817837
3575030,35.75.03,2024,1834755.554143342
3575030,35.75.03,2025,1052766.067263899
3575031,35.75.04,2018,1437558.0893062416
3575031,35.75.04,2019,1122686.2742242783
3575031,35.75.04,2020,1440311.3257930845
3575031,35.75.04,2021,2107223.7664182927
3575031,35.75.04,2022,2465216.0496284524
3575031,35.75.04,2023,2607931.8644369277
3575031,35.75.04,2024,2814516.2952821176
3575031,35.75.04,2025,744492.4453547669
3576010,35.76.01,2018,876306.5982093991
3576010,35.76.01,2019,957288.3256427543
3576010,35.76.01,2020,1011317.616518944
3576010,35.76.01,2021,1159200.9506434598
3576010,35.76.01,2022,1365202.3504173507
3576010,35.76.01,2023,1289601.5616571289
3576010,35.76.01,2024,1580150.0852993028
3576010,35.76.01,2025,1332407.6582396452
3576020,35.76.02,2018,1297855.849475455
3576020,35.76.02,2019,1509348.5765649772
3576020,35.76.02,2020,1765525.801407455
3576020,35.76.02,2021,1606222.5889336108
3576020,35.76.02,2022,1786655.8618317654
3576020,35.76.02,2023,1712375.6736369322
3576020,35.76.02,2024,2048267.0126324012
3576020,35.76.02,2025,1437608.4545158078
3576021,35.76.03,2018,1247311.556959501
3576021,35.76.03,2019,1186111.549776429
3576021,35.76.03,2020,1340934.5016514044
3576021,35.76.03,2021,1683640.9430042594
3576021,35.76.03,2022,1801965.0757123483
3576021,35.76.03,2023,1710729.7912063412
3576021,35.76.03,2024,1956248.25671827
3576021,35.76.03,2025,1781346.1658955198
3577010,35.77.02,2018,1250199.8057098242
3577010,35.77.02,2019,1447673.7332007526
3577010,35.77.02,2020,1656861.933084832
3577010,35.77.02,2021,1877383.8658204486
3577010,35.77.02,2022,1892379.3227544262
3577010,35.77.02,2023,1701781.1417764483
3577010,35.77.02,2024,2235295.370346743
3577010,35.77.02,2025,1575020.3576185314
3577020,35.77.03,2018,2049877.0141279863
3577020,35.77.03,2019,1767798.437471178
3577020,35.77.03,2020,1863371.192495576
3577020,35.77.03,2021,1801218.074096643
3577020,35.77.03,2022,2169550.253665463
3577020,35.77.03,2023,2150556.2567444057
3577020,35.77.03,2024,2558400.212456472
3577020,35.77.03,2025,2399795.773927881
3577030,35.77.01,2018,1339478.3335137856
3577030,35.77.01,2019,1334512.8044560996
3577030,35.77.01,2020,1438360.3467488484
3577030,35.77.01,2021,1787156.647307287
3577030,35.77.01,2022,1642378.3334563475
3577030,35.77.01,2023,1653730.507962288
3577030,35.77.01,2024,2039536.9235997868
3577030,35.77.01,2025,1438342.5929889283
3578010,35.78.01,2018,1677818.8572182108
3578010,35.78.01,2019,1494617.2038233762
3578010,35.78.01,2020,1405229.889654854
3578010,35.78.01,2021,1519742.7341852442
3578010,35.78.01,2022,1475905.145112164
3578010,35.78.01,2023,1347290.7456889173
3578010,35.78.01,2024,1994060.8513047253
3578010,35.78.01,2025,1646896.0808339464
3578020,35.78.23,2018,1526336.5885106681
3578020,35.78.23,2019,1364796.6633950926
3578020,35.78.23,2020,3727620.000738144
3578020,35.78.23,2021,1690871.4225092866
3578020,35.78.23,2022,1699579.2521477903
3578020,35.78.23,2023,1561800.5707124262
3578020,35.78.23,2024,2321362.997584848
3578020,35.78.23,2025,2026184.3763470487
3578030,35.78.22,2018,2444327.0465139165
3578030,35.78.22,2019,2697768.0013674023
3578030,35.78.22,2020,1550607.1910397424
3578030,35.78.22,2021,1538660.1926598558
3578030,35.78.22,2022,2668702.7939636176
3578030,35.78.22,2023,2267968.4764120467
3578030,35.78.22,2024,3709515.3427146296
3578030,35.78.22,2025,7591156.868559771
3578040,35.78.02,2018,1978386.13045254
3578040,35.78.02,2019,1408779.4128288426
3578040,35.78.02,2020,1893072.4625654714
3578040,35.78.02,2021,1914613.8793123972
3578040,35.78.02,2022,2385665.398278218
3578040,35.78.02,2023,2014899.2377039907
3578040,35.78.02,2024,3450032.342447085
3578040,35.78.02,2025,2313805.5069892607
3578050,35.78.24,2018,1124779.068536038
3578050,35.78.24,2019,1257358.0661441095
3578050,35.78.24,2020,1281889.8391847687
3578050,35.78.24,2021,1550830.5569013546
3578050,35.78.24,2022,1261951.0200181766
3578050,35.78.24,2023,1319664.8196878494
3578050,35.78.24,2024,1323629.777193326
3578050,35.78.24,2025,1594852.6088151948
3578060,35.78.25,2018,1525283.6908741922
3578060,35.78.25,2019,1521245.927867795
3578060,35.78.25,2020,1914579.3813939781
3578060,35.78.25,2021,2200316.3143368354
3578060,35.78.25,2022,1861310.6186359315
3578060,35.78.25,2023,1677778.0914459638
3578060,35.78.25,2024,2691336.1441643653
3578060,35.78.25,2025,2076579.0926798335
3578070,35.78.03,2018,2346956.8705297206
3578070,35.78.03,2019,3358916.36282382
3578070,35.78.03,2020,3607032.648213962
3578070,35.78.03,2021,3597857.327254042
3578070,35.78.03,2022,3590708.671645243
3578070,35.78.03,2023,3987977.820768171
3578070,35.78.03,2024,4720185.452092031
3578070,35.78.03,2025,3220026.076729924
3578080,35.78.09,2018,4248089.569941222
3578080,35.78.09,2019,2746923.2555669267
3578080,35.78.09,2020,2085047.8907172107
3578080,35.78.09,2021,3180754.7311928975
3578080,35.78.09,2022,2556042.2717004465
3578080,35.78.09,2023,2420992.3556318744
3578080,35.78.09,2024,2751161.404921538
3578080,35.78.09,2025,2219518.1776522687
3578090,35.78.26,2018,3595898.2763330084
3578090,35.78.26,2019,2666816.2951665763
3578090,35.78.26,2020,2824654.2019779044
3578090,35.78.26,2021,2059816.0085644873
3578090,35.78.26,2022,2984419.8211452505
3578090,35.78.26,2023,2513531.089252178
3578090,35.78.26,2024,3202031.785123767
3578090,35.78.26,2025,2818680.878073533
3578100,35.78.08,2018,4455041.950474833
3578100,35.78.08,2019,2915760.441713443
3578100,35.78.08,2020,2668318.586267455
3578100,35.78.08,2021,3425997.235955099
3578100,35.78.08,2022,3616053.615924771
3578100,35.78.08,2023,3812263.210609077
3578100,35.78.08,2024,4876379.85170698
3578100,35.78.08,2025,2836741.3409311012
3578110,35.78.04,2018,3115165.3771600276
3578110,35.78.04,2019,5458150.899926183
3578110,35.78.04,2020,6315218.349007794
3578110,35.78.04,2021,3149804.7037984654
3578110,35.78.04,2022,4294414.034084405
3578110,35.78.04,2023,3933006.7804222894
3578110,35.78.04,2024,5589229.067776133
3578110,35.78.04,2025,3567449.565498849
3578120,35.78.21,2018,1642709.251022573
3578120,35.78.21,2019,1991241.4838093945
3578120,35.78.21,2020,1775561.7153985915
3578120,35.78.21,2021,1566491.2249195527
3578120,35.78.21,2022,2008398.9645391451
3578120,35.78.21,2023,1547549.2302975995
3578120,35.78.21,2024,2772789.1013107426
3578120,35.78.21,2025,2401812.8812770247
3578130,35.78.20,2018,2091615.7376849977
3578130,35.78.20,2019,1534551.3256951687
3578130,35.78.20,2020,3142017.1370459073
3578130,35.78.20,2021,1662674.1891116416
3578130,35.78.20,2022,2454759.1045614835
3578130,35.78.20,2023,2820792.678477584
3578130,35.78.20,2024,4071376.8698189836
3578130,35.78.20,2025,3214592.5897669536
3578140,35.78.18,2018,1245020.0076415846
3578140,35.78.18,2019,1657525.5407707258
3578140,35.78.18,2020,1519860.511325206
3578140,35.78.18,2021,1661761.189927533
3578140,35.78.18,2022,2134205.5597931435
3578140,35.78.18,2023,1941236.6219860706
3578140,35.78.18,2024,2120721.341546803
3578140,35.78.18,2025,2343363.360806303
3578141,35.78.31,2018,1525286.8887177783
3578141,35.78.31,2019,2044869.3763801183
3578141,35.78.31,2020,1854891.1905479652
3578141,35.78.31,2021,929683.5091356987
3578141,35.78.31,2022,1566168.5710898566
3578141,35.78.31,2023,1404872.0191737947
3578141,35.78.31,2024,1465029.0247415053
3578141,35.78.31,2025,2528440.768017038
3578150,35.78.14,2018,2314688.141696587
3578150,35.78.14,2019,3188526.509312209
3578150,35.78.14,2020,2883527.8740648273
3578150,35.78.14,2021,3247280.6073167897
3578150,35.78.14,2022,3199236.579229137
3578150,35.78.14,2023,2182847.765861073
3578150,35.78.14,2024,3492554.105694176
3578150,35.78.14,2025,2417579.144818088
3578160,35.78.27,2018,2213735.6011819965
3578160,35.78.27,2019,1667622.6825301081
3578160,35.78.27,2020,2129173.858922659
3578160,35.78.27,2021,1227326.3922041869
3578160,35.78.27,2022,2442073.9634320987
3578160,35.78.27,2023,2443867.0827286574
3578160,35.78.27,2024,3338578.707582941
3578160,35.78.27,2025,3000583.2826148453
3578170,35.78.06,2018,3246426.3007053332
3578170,35.78.06,2019,2611879.766263042
3578170,35.78.06,2020,3369979.4164769338
3578170,35.78.06,2021,2820216.215447805
3578170,35.78.06,2022,3214915.9173870767
3578170,35.78.06,2023,2353643.3597964495
3578170,35.78.06,2024,3131694.209641067
3578170,35.78.06,2025,2798128.528418111
3578180,35.78.05,2018,1957556.7914355204
3578180,35.78.05,2019,1540085.5887858123
3578180,35.78.05,2020,1966235.2640370142
3578180,35.78.05,2021,1301347.741306854
3578180,35.78.05,2022,1830316.979788014
3578180,35.78.05,2023,1852508.4710359925
3578180,35.78.05,2024,2550248.911649427
3578180,35.78.05,2025,2243715.8029876105
3578190,35.78.07,2018,2454840.2696594405
3578190,35.78.07,2019,1536561.342182456
3578190,35.78.07,2020,1718380.72816537
3578190,35.78.07,2021,1946435.0307608498
3578190,35.78.07,2022,2041724.0074892011
3578190,35.78.07,2023,2216889.480484649
3578190,35.78.07,2024,3064984.468771324
3578190,35.78.07,2025,2169745.859705563
3578200,35.78.10,2018,5024176.394154872
3578200,35.78.10,2019,3629741.126315472
3578200,35.78.10,2020,3665766.349528004
3578200,35.78.10,2021,1640505.1886287052
3578200,35.78.10,2022,4203053.052752226
3578200,35.78.10,2023,3940272.6163797025
3578200,35.78.10,2024,4434055.132097317
3578200,35.78.10,2025,2294746.766260271
3578210,35.78.17,2018,1172217.2107351806
3578210,35.78.17,2019,2219831.962854864
3578210,35.78.17,2020,3028469.9336348847
3578210,35.78.17,2021,2829763.7989397836
3578210,35.78.17,2022,2839028.8089397997
3578210,35.78.17,2023,2791156.467780884
3578210,35.78.17,2024,3860131.1950199525
3578210,35.78.17,2025,2115797.614069452
3578211,35.78.29,2018,1038564.0477383628
3578211,35.78.29,2019,982295.7562148941
3578211,35.78.29,2020,1443498.2891907762
3578211,35.78.29,2021,1200461.3510162085
3578211,35.78.29,2022,1648170.9438380117
3578211,35.78.29,2023,1715932.0689362367
3578211,35.78.29,2024,1974232.7722529678
3578211,35.78.29,2025,1716791.6012182438
3578220,35.78.11,2018,1665970.700180634
3578220,35.78.11,2019,2141885.691540978
3578220,35.78.11,2020,2052154.4541999612
3578220,35.78.11,2021,1725262.023876815
3578220,35.78.11,2022,2359133.3648852627
3578220,35.78.11,2023,2111481.771814611
3578220,35.78.11,2024,2783221.021831559
3578220,35.78.11,2025,1460511.7118516287
3578230,35.78.16,2018,2751717.5268313573
3578230,35.78.16,2019,3440419.4937766744
3578230,35.78.16,2020,4488559.735779949
3578230,35.78.16,2021,5231539.016454494
3578230,35.78.16,2022,5821038.57672329
3578230,35.78.16,2023,5457686.376622897
3578230,35.78.16,2024,6939335.923006071
3578230,35.78.16,2025,2178032.0048474027
3578240,35.78.12,2018,1767077.7168994355
3578240,35.78.12,2019,1586624.4192804077
3578240,35.78.12,2020,1330188.386604515
3578240,35.78.12,2021,1886512.7352842805
3578240,35.78.12,2022,1989911.0253634579
3578240,35.78.12,2023,1741878.8224526506
3578240,35.78.12,2024,2277940.662676536
3578240,35.78.12,2025,2512010.9398944518
3578250,35.78.13,2018,3242166.4491259432
3578250,35.78.13,2019,1938124.8481061072
3578250,35.78.13,2020,1362490.6540089902
3578250,35.78.13,2021,2002131.2014209782
3578250,35.78.13,2022,2301578.1214764453
3578250,35.78.13,2023,2320546.5523005137
3578250,35.78.13,2024,3078426.1679063775
3578250,35.78.13,2025,1999843.7216221003
3578260,35.78.15,2018,2024998.4511695206
3578260,35.78.15,2019,2011756.238474127
3578260,35.78.15,2020,2434774.0442761723
3578260,35.78.15,2021,1370209.1606130206
3578260,35.78.15,2022,2199252.9142901218
3578260,35.78.15,2023,2687024.4515676876
3578260,35.78.15,2024,2881387.866228364
3578260,35.78.15,2025,2217814.864254932
3578270,35.78.28,2018,1058726.4338138227
3578270,35.78.28,2019,747348.2632904008
3578270,35.78.28,2020,864685.689232424
3578270,35.78.28,2021,623002.0450961329
3578270,35.78.28,2022,965437.2822429885
3578270,35.78.28,2023,735900.2278446709
3578270,35.78.28,2024,1165800.6953685777
3578270,35.78.28,2025,1180962.0312665377
3578280,35.78.19,2018,2143311.1376267616
3578280,35.78.19,2019,1645423.6973910506
3578280,35.78.19,2020,2189443.1810440235
3578280,35.78.19,2021,1857462.1574414147
3578280,35.78.19,2022,1963794.0279759057
3578280,35.78.19,2023,1803754.728760824
3578280,35.78.19,2024,2203781.3502492597
3578280,35.78.19,2025,1913518.3236930615
3578281,35.78.30,2018,2293327.2647344344
3578281,35.78.30,2019,2460414.9908027677
3578281,35.78.30,2020,2667281.67059073
3578281,35.78.30,2021,2220018.574022691
3578281,35.78.30,2022,2883357.21835179
3578281,35.78.30,2023,2373978.9455298083
3578281,35.78.30,2024,3020182.9747471963
3578281,35.78.30,2025,1824947.105515997
3579010,35.79.01,2018,2681249.9824005268
3579010,35.79.01,2019,3065714.9660686967
3579010,35.79.01,2020,3260641.2124980753
3579010,35.79.01,2021,5210994.158029649
3579010,35.79.01,2022,5341284.430244126
3579010,35.79.01,2023,4737995.927726409
3579010,35.79.01,2024,6107558.481697816
3579010,35.79.01,2025,1934379.7910352338
3579020,35.79.03,2018,1974642.1538807715
3579020,35.79.03,2019,1578259.9200072126
3579020,35.79.03,2020,1547680.151226352
3579020,35.79.03,2021,2159264.540039498
3579020,35.79.03,2022,2555468.6286680596
3579020,35.79.03,2023,2140349.965764602
3579020,35.79.03,2024,2492040.801203056
3579020,35.79.03,2025,1485197.6560475822
3579030,35.79.02,2018,2069290.403547822
3579030,35.79.02,2019,1935130.5778058616
3579030,35.79.02,2020,1824755.8240292182
3579030,35.79.02,2021,2534550.0478949086
3579030,35.79.02,2022,2571024.088377298
3579030,35.79.02,2023,2147736.607053672
3579030,35.79.02,2024,2583660.2181819286
3579030,35.79.02,2025,1735269.0886486678
