kode_kecamatan_bps,kode_kecamatan_kemendagri,tahun,Direct_Estimate,MSE_Direct,RMSE_Direct,RRMSE_Direct,STSAE_M87,MSE_M87,RMSE_M87,RRMSE_M87
3501010,35.01.01,2018,661473.3105,4034212782.0,63515.45309607733,9.602118798726247,741981.4962545484,4134102475.0755243,64296.98651628647,8.665578163451718
3501010,35.01.01,2019,727571.1022,4407176756.0,66386.57059978321,9.124410026600312,742516.5542610422,5018611001.560365,70842.15554004807,9.540818333747549
3501010,35.01.01,2020,670954.6408,2615010385.0,51137.17224289978,7.621554294926307,985906.9092364064,2220445782.7598643,47121.606326184,4.779518825228652
3501010,35.01.01,2021,749145.0514,6772045604.0,82292.43953122303,10.984847243859539,1196835.8106175582,8228743712.002009,90712.42314039466,7.579354021299525
3501010,35.01.01,2022,648363.9275,1702271611.0,41258.594389532955,6.3634931925686065,1194663.1689442901,1789365901.0673642,42300.897166222894,3.540822071513572
3501010,35.01.01,2023,607533.3423,2675707930.0,51727.24552883132,8.514305623622613,918258.2385497477,3294817045.8219976,57400.49691267488,6.251018994757991
3501010,35.01.01,2024,609835.5636,4149777768.0,64418.76875569728,10.563301421028717,938088.3814173706,3914984368.448985,62569.83593113366,6.669929739093031
3501010,35.01.01,2025,978634.4793,9259513516.0,96226.36601264749,9.832717735581573,693982.8951572804,9534704821.239273,97645.81312703209,14.070348679833412
3501020,35.01.03,2018,1228464.312,739922799.0,27201.52199785887,2.214270429522976,1346443.488103902,695258825.2642037,26367.761096919163,1.9583266085716644
3501020,35.01.03,2019,883763.3139,5941958508.0,77084.10022825719,8.722256176044375,1143756.140269282,5607224620.430614,74881.40370232527,6.546972826278813
3501020,35.01.03,2020,1085134.428,46405120472.0,215418.47755473532,19.851777991393273,1100495.1420344263,45468064150.236725,213232.41815032891,19.376043564911843
3501020,35.01.03,2021,751219.9452,1630953384.0,40385.06387267451,5.375930728506237,2261586.151730318,1683942257.6244154,41035.865503537454,1.814472796985483
3501020,35.01.03,2022,668810.4792,3527678299.0,59394.2614989024,8.880581771079164,1587369.9699571074,3442181841.7306294,58670.1102924703,3.696057718293337
3501020,35.01.03,2023,962090.4275,18174229891.0,134811.831420688,14.012386732814466,1269459.0302577033,19217051025.62585,138625.57854027464,10.920051394816051
3501020,35.01.03,2024,880315.1958,23165430579.0,152201.94012889586,17.289482318952818,1663519.909730681,21503928367.287933,146642.17799558194,8.815174206079858
3501020,35.01.03,2025,1067735.573,76033062679.0,275740.93399239803,25.82483350420301,639554.6381403514,76884289176.16148,277280.1636903756,43.35519549926647
3501030,35.01.02,2018,707224.3392,16949479921.0,130190.16829622735,18.40860969851465,814730.492303519,19396520654.298607,139271.39208860736,17.094167139226613
3501030,35.01.02,2019,508042.8873,2963229380.0,54435.55253692204,10.71475536764631,780391.3604957819,2716624737.218912,52121.25034205254,6.678860502625242
3501030,35.01.02,2020,633138.2175,486669451.1,22060.585919236142,3.484323850539972,773087.3064889361,538467401.039131,23204.900366929633,3.001588588010496
3501030,35.01.02,2021,924704.1413,1043842406.0,32308.55004484107,3.4939337461406774,1093080.9451655063,1134481316.7292852,33682.06223985232,3.081387740662923
3501030,35.01.02,2022,473534.1866,402345147.2,20058.54299793482,4.235922889106739,1391516.7016567215,377661159.9526064,19433.50611579409,1.3965700945347486
3501030,35.01.02,2023,794708.7709,10127532490.0,100635.64224468387,12.663210213562257,892771.2520487023,11136222789.005674,105528.3032603371,11.82030705157387
3501030,35.01.02,2024,745165.0635,31063686366.0,176248.93294996143,23.652334440121187,1283030.5807553825,30601770797.248035,174933.61825917862,13.634407541259591
3501030,35.01.02,2025,1025136.692,14786049661.0,121597.90154850535,11.861628063597331,548214.3837438179,14484085430.569878,120349.84599312904,21.953062444521496
3501040,35.01.04,2018,1203583.246,33069672560.0,181850.68754337993,15.109107587509566,2866862.176651143,36686439703.663216,191537.04525146884,6.681069177703139
3501040,35.01.04,2019,1491861.973,76108627737.0,275877.9218005674,18.492188070576113,2029842.1758918988,81956709001.82469,286280.8219246003,14.103600039683403
3501040,35.01.04,2020,1279871.943,18636012589.0,136513.7816815577,10.666206289480144,2437662.5794489672,19825216368.5176,140802.04674832537,5.776108963372348
3501040,35.01.04,2021,1121252.06,27652070744.0,166289.1179362017,14.830663315454842,6708510.917982591,24196126302.024437,155551.04082591165,2.318711897881051
3501040,35.01.04,2022,1235116.693,50800610422.0,225389.90754246296,18.248470676483926,3051887.1450310317,59674354886.19445,244283.3495885351,8.004337578021785
3501040,35.01.04,2023,1378488.431,79452647977.0,281873.4609306098,20.44801063191583,2668139.7960836883,78848977465.55139,280800.6008995554,10.524208713190973
3501040,35.01.04,2024,1489064.249,25482819637.0,159633.39135970268,10.720383050422875,2596871.5961413244,21088924135.04259,145220.2607594498,5.592123267674523
3501040,35.01.04,2025,1616461.439,25766409589.0,160519.18760385003,9.93028251284193,1200544.9948083542,24772845142.430008,157393.91710746006,13.110205597299185
3501050,35.01.05,2018,552957.3887,7351846298.0,85742.90814988724,15.506241511930671,1722790.1020842537,6383228248.248266,79895.1077866991,4.637541607073373
3501050,35.01.05,2019,854488.0144,26378184224.0,162413.62080810833,19.007126849187124,1112713.9225835328,25111585659.822002,158466.35497739576,14.24142825583271
3501050,35.01.05,2020,675846.648,12472256593.0,111679.2576667664,16.524348829317027,1575777.0514433074,10539440649.9968,102661.77794094937,6.5149938468083395
3501050,35.01.05,2021,725529.7038,2119569839.0,46038.78624594701,6.345541196289614,2022162.0690397106,2430572114.2043476,49300.83279422719,2.438025791752651
3501050,35.01.05,2022,759516.6272,20925052563.0,144654.94309908667,19.04565850419432,1930163.4046781678,17737720065.941597,133183.0321998324,6.900091042915567
3501050,35.01.05,2023,934261.4382,23565868022.0,153511.78463557773,16.431351906308162,1882712.961981272,27216154423.969776,164973.19304653644,8.762524950852146
3501050,35.01.05,2024,1067146.51,32987877043.0,181625.65083985246,17.019748379241054,2154042.3554990953,38059171038.188286,195087.5983710607,9.056813477832407
3501050,35.01.05,2025,983210.6848,21520116961.0,146697.3652149213,14.920237084767013,815958.5714206701,24720642612.468704,157227.9956383999,19.26911501948553
3501060,35.01.06,2018,443909.9881,887944129.4,29798.391389469332,6.712710276470873,1254682.2625057332,879164661.9973814,29650.71098637234,2.3632047628661565
3501060,35.01.06,2019,433349.3898,4666513852.0,68311.88660840805,15.76369742667353,772712.4494939183,4099754631.917636,64029.32634283791,8.286307071249258
3501060,35.01.06,2020,608004.2181,2703651492.0,51996.64885355594,8.552021072492613,853024.6973356992,3025766694.2484174,55006.969506130925,6.448461536686727
3501060,35.01.06,2021,771714.7662,8922646697.0,94459.762317084,12.240242956891084,1472956.3818314108,9575965181.09563,97856.8606746386,6.643568124737515
3501060,35.01.06,2022,652177.8452,1787747926.0,42281.76824590003,6.4831653753791185,1638297.2127697556,1822127372.8477862,42686.383927990275,2.60553357444974
3501060,35.01.06,2023,826671.3725,14941080350.0,122233.71200286769,14.786251958043664,1378410.356669869,15755992145.054987,125522.87498721095,9.106350251928195
3501060,35.01.06,2024,747596.6142,3884808483.0,62328.231829565004,8.337147419569602,1658790.9392859743,4307933163.3127775,65634.84717215983,3.9567883822907977
3501060,35.01.06,2025,700167.5647,5219324574.0,72244.8930651849,10.318229050804371,693309.2378933418,5462405763.803048,73908.08997534064,10.660191143552973
3501070,35.01.07,2018,598667.5279,1781731178.0,42210.557660376864,7.050751158734572,921885.8114352728,1974363859.7112184,44433.81437274115,4.8198826602573135
3501070,35.01.07,2019,454774.1963,3267645789.0,57163.325559312936,12.569606196742992,912133.9430321391,3271466811.313928,57196.73776810989,6.270651169714727
3501070,35.01.07,2020,685989.9206,8378334999.0,91533.24532103076,13.343234728721868,996221.1768393533,9267815998.885033,96269.49672084628,9.6634662019808
3501070,35.01.07,2021,856536.241,5329806992.0,73005.52713322465,8.52334362968591,1315520.6504995842,6043410684.505298,77739.37666656003,5.9093999502811
3501070,35.01.07,2022,626540.791,3665984402.0,60547.37320478899,9.663755987563306,1558280.7060419538,4004256638.221509,63279.19593532703,4.060834205927937
3501070,35.01.07,2023,677122.8378,1201488359.0,34662.49210602146,5.119084776204171,1142157.4626271243,1097127866.0877917,33122.920554923774,2.9000310061220764
3501070,35.01.07,2024,688976.8093,7921205237.0,89001.15300938522,12.917873549301367,1343715.7286714595,7137676182.816135,84484.76893982805,6.287398974138577
3501070,35.01.07,2025,593575.4805,486192910.5,22049.782549948195,3.7147394517331644,789535.1845332778,494105650.778476,22228.48737045497,2.815389080297291
3501080,35.01.08,2018,777190.1729,9647959230.0,98224.02572690655,12.638351481001664,1022463.8192779841,9793606304.95629,98962.65106067182,9.678841362871363
3501080,35.01.08,2019,766980.9079,23649346761.0,153783.4411144451,20.05049141777276,963878.5909415022,22434719221.482643,149782.2393392576,15.539533790552658
3501080,35.01.08,2020,683026.3734,3119661197.0,55853.92731939268,8.177418836897973,1160676.9447838082,3203377548.1284533,56598.388211400976,4.8763257050774955
3501080,35.01.08,2021,779441.4495,7015503304.0,83758.60137323212,10.74597731836843,2080949.088308105,6677485719.180873,81715.88413020367,3.9268564805034205
3501080,35.01.08,2022,479304.7434,360274293.9,18980.892863614186,3.960088675311488,1738895.3163570194,363516566.08347124,19066.110407827582,1.0964495808621204
3501080,35.01.08,2023,764821.4558,8352418225.0,91391.56539309303,11.949398738755027,1158743.685226987,7321442034.459162,85565.42546180182,7.3843272289367725
3501080,35.01.08,2024,895320.1936,8403134585.0,91668.61286721863,10.238640156057196,1631747.6330065117,8434440197.348476,91839.20838807615,5.628272811945894
3501080,35.01.08,2025,709016.3549,6056613771.0,77824.24924790474,10.976368698699638,669878.2479637988,6948381233.514107,83356.95072106528,12.443597172238679
3501090,35.01.09,2018,508668.9942,1842726856.0,42926.99449064656,8.439082189029277,1244982.2597559402,1611412978.90093,40142.40873317058,3.224335802265961
3501090,35.01.09,2019,498320.4948,1581601983.0,39769.359851523885,7.980679154584089,902044.0621708794,1705814665.5108912,41301.50924011,4.578657625738687
3501090,35.01.09,2020,598391.8642,3437628758.0,58631.29503942413,9.798143749465792,1051620.6655303137,3252809513.3529334,57033.40699408491,5.423382105687698
3501090,35.01.09,2021,746039.9077,2837040135.0,53263.872699983054,7.13954738214912,1665885.6291300752,2683310309.1751213,51800.67865554583,3.109497900080699
3501090,35.01.09,2022,516092.0229,4145606350.0,64386.38326540791,12.475756339656439,1786065.224689324,3803487324.5123262,61672.419479961434,3.452976891741958
3501090,35.01.09,2023,836262.9306,6161454265.0,78494.93146057267,9.386393751096238,1307871.1421394432,6215849180.504223,78840.65690051182,6.028167023514458
3501090,35.01.09,2024,875838.6444,14479183088.0,120329.47721984003,13.738772317162674,1876071.2032748756,13990932160.24625,118283.27083846748,6.304839103760659
3501090,35.01.09,2025,746498.3035,16881516128.0,129928.88873533861,17.40511507208517,832050.9729239182,17340176238.673668,131682.10295508523,15.8262062349786
3501100,35.01.10,2018,864163.5672,4963816596.0,70454.358247024,8.15289615544718,2953370.421106221,4939595967.800569,70282.2592679018,2.3797305873191723
3501100,35.01.10,2019,643653.4862,6490741492.0,80565.13819264508,12.516849503649139,2827110.4165243665,6042693790.607793,77734.7656496615,2.7496190171881643
3501100,35.01.10,2020,827977.6145,5920743821.0,76946.36977141937,9.293291077426751,2963808.8803682365,6360337822.968427,79751.72614413073,2.690852526706177
3501100,35.01.10,2021,959966.5975,6113318236.0,78187.7115408809,8.144836679161735,7010175.265026853,7020546022.188563,83788.69865434457,1.195243991578342
3501100,35.01.10,2022,967254.9939,4062821383.0,63740.2650057246,6.589809864792945,5134024.720460677,3726791136.6298842,61047.44987818807,1.189075884946465
3501100,35.01.10,2023,1321344.811,34321782435.0,185261.38948793404,14.020669544063017,4758882.226268225,28542676147.14739,168945.778719527,3.550114726247581
3501100,35.01.10,2024,1237669.229,9252595791.0,96190.41423655477,7.771899953776323,5553517.765394654,8800620324.723335,93811.62148008814,1.6892287995304818
3501100,35.01.10,2025,1142276.82,15816713676.0,125764.51676049171,11.009985894705602,1208943.4332883745,15486682240.424646,124445.49907660238,10.29374043896377
3501110,35.01.11,2018,611356.4882,16598038806.0,128833.3761336712,21.073363679020034,1529201.0897112037,15613586898.429707,124954.33925410396,8.171216990023341
3501110,35.01.11,2019,632426.2938,6217631726.0,78851.96082533395,12.468166108582178,1135636.6333687198,6112130548.219266,78180.11606680605,6.884254502683204
3501110,35.01.11,2020,634316.1895,9302901238.0,96451.54865527044,15.20559466270259,1307148.8097953836,9824630204.224434,99119.27261751084,7.582860641018112
3501110,35.01.11,2021,757016.8334,3010513677.0,54868.148109809576,7.247942937197251,1576606.0667075536,2941470710.186838,54235.32714188086,3.440004975697016
3501110,35.01.11,2022,765758.2589,9051053989.0,95137.02743411736,12.423898316262399,1661063.25290426,8401046609.371116,91657.22344349689,5.517985138930757
3501110,35.01.11,2023,848693.7199,5566229570.0,74607.16835532628,8.790823662995539,1562580.3864757488,4777609050.362481,69120.25065320931,4.423468466099427
3501110,35.01.11,2024,746538.9764,8461131632.0,91984.40972251765,12.321447724818036,1593930.6225501406,8421799090.521956,91770.36063197069,5.757487768516967
3501110,35.01.11,2025,1103983.986,35201904721.0,187621.70642279106,16.994966304048457,816738.2882432615,41064283734.95492,202643.242509971,24.8112823198041
3501120,35.01.12,2018,760103.2127,25218746672.0,158804.11415325486,20.892440855388436,1069684.913404824,27850211001.047,166883.8248634271,15.601213289269754
3501120,35.01.12,2019,839532.3767,14065961476.0,118600.0062225968,14.126912733108032,847469.8864642818,12940165467.860903,113754.84810706269,13.422877900907821
3501120,35.01.12,2020,544381.4452,7620799618.0,87297.19135229953,16.036033579400833,971695.4096089675,7158923434.473632,84610.42154766535,8.707504503053537
3501120,35.01.12,2021,751103.7776,1639918058.0,40495.90174326286,5.391518848788021,1113456.4001064023,1705932857.028804,41302.94005308586,3.7094348776601347
3501120,35.01.12,2022,1021616.815,49681683868.0,222893.88477030947,21.817758037812784,1209949.9280224817,53120841435.97289,230479.59006379044,19.04868827427278
3501120,35.01.12,2023,1002239.695,23978550696.0,154850.091042918,15.450404909667641,1319682.592384564,24308636969.62728,155912.27331299894,11.814376745795938
3501120,35.01.12,2024,813608.8451,11040904445.0,105075.70815845116,12.914769645300057,1319916.5979758156,10222548900.597912,101106.6214478454,7.660076523236353
3501120,35.01.12,2025,964837.3872,50030233776.0,223674.3923116815,23.182600019345674,633438.0820091566,45125999032.586006,212428.8093281747,33.53584436451738
3502010,35.02.02,2018,391364.8804,7381290771.0,85914.43866428972,21.95251617275409,1884239.3031044716,6740183265.330467,82098.61914387152,4.357122739590767
3502010,35.02.02,2019,695822.5229,28824189891.0,169776.8826754691,24.399452028066726,897958.0707703108,31463437067.620026,177379.35919272012,19.75363493760413
3502010,35.02.02,2020,938881.1147,46610643233.0,215894.98195418995,22.994922208353792,1322334.621879964,58651240555.55508,242180.18200413318,18.314591329373613
3502010,35.02.02,2021,755631.4522,1108040017.0,33287.235045885085,4.405220951162134,2247642.878337788,1252921081.0925155,35396.62527830182,1.5748331560785533
3502010,35.02.02,2022,671154.3457,2827870391.0,53177.724575239205,7.923322692602988,1858940.895981461,2822206940.247898,53124.44767005016,2.8577803514297404
3502010,35.02.02,2023,870639.4253,10256452931.0,101274.14739705292,11.63215729199909,1588941.3741973436,10310442576.952206,101540.3495018222,6.390440273676899
3502010,35.02.02,2024,864045.8735,7926332135.0,89029.95077500604,10.30384537505763,1956721.5782258378,7701305825.672067,87757.08419080517,4.484903992849848
3502010,35.02.02,2025,1026241.189,14375675287.0,119898.60419120817,11.683277330550428,1275287.496723729,13871949163.222284,117779.23910104991,9.235504888398113
3502020,35.02.01,2018,783791.9179,3338396932.0,57778.862328709794,7.3717093796419455,1712203.8128051665,3595968304.7578588,59966.393127799995,3.502292932612669
3502020,35.02.01,2019,700935.2348,1148670601.0,33892.04332878146,4.835260327361341,1074386.614434236,975860206.3775166,31238.761281099425,2.9075903274864907
3502020,35.02.01,2020,1055600.791,86743945517.0,294523.25123324303,27.901007061034218,1117277.1732930765,91402795505.47337,302328.95247639343,27.059440549143716
3502020,35.02.01,2021,1053293.564,5796266865.0,76133.21788155286,7.228110042980654,1675666.177665648,6544416959.04867,80897.57078583182,4.827785621270301
3502020,35.02.01,2022,1007240.477,16182849848.0,127211.83061335137,12.629737735743454,2103994.3659711527,15704152518.209084,125316.21011748274,5.956109585856225
3502020,35.02.01,2023,1181171.764,21870123405.0,147885.50775853597,12.520237298741927,1929257.3583536586,23746360607.937294,154098.54187479286,7.987453887764026
3502020,35.02.01,2024,1121193.352,7413372118.0,86100.94144665319,7.679401710067685,2529423.594241351,8049338260.251935,89718.10441740249,3.5469782373209657
3502020,35.02.01,2025,1210366.946,7020734698.0,83789.82454928521,6.922679508573197,954333.5161795403,6568895440.976474,81048.72263630362,8.492704202694668
3502030,35.02.03,2018,802127.1712,13737505039.0,117207.10319344985,14.612035024085449,1020557.1772760743,13233455356.671621,115036.7565462084,11.271956055734977
3502030,35.02.03,2019,616660.3858,18456984911.0,135856.48645169652,22.031005976725496,696446.940597738,16774959568.065044,129518.18238403843,18.596992079953303
3502030,35.02.03,2020,824405.1634,3925903162.0,62657.02803357338,7.600271179181382,648607.0444502919,3247956967.4388366,56990.84985713792,8.78665292718781
3502030,35.02.03,2021,905009.9868,5119897803.0,71553.46115318252,7.906372548018663,1256078.5246078637,4873162208.671497,69808.03828121441,5.557617371334953
3502030,35.02.03,2022,596882.6426,1227131567.0,35030.4377220725,5.868898711726836,1251196.570816087,1116002564.4311097,33406.62455907675,2.669974114242292
3502030,35.02.03,2023,1136627.857,12580319271.0,112162.02240954823,9.867963530788971,907502.8260949125,11889287294.054642,109038.00848353129,12.015170129302428
3502030,35.02.03,2024,878809.3418,4272182644.0,65361.93574244875,7.437555864912945,1510518.9536048577,3788949149.445042,61554.44053392933,4.075052510068112
3502030,35.02.03,2025,1020820.059,48747312305.0,220787.9351436577,21.628487136111193,687556.9957463369,47600904889.31627,218176.3160595491,31.73210619764267
3502040,35.02.04,2018,719964.4934,2733134427.0,52279.38816589192,7.261384227297773,956475.4184796198,2814379396.2755613,53050.7247478822,5.546480727357301
3502040,35.02.04,2019,506056.2114,12582219797.0,112170.49432448803,22.16561950977133,712025.0360437674,15520686880.318968,124582.0487884148,17.496863520506444
3502040,35.02.04,2020,832170.4211,24774603698.0,157399.50348714573,18.914335272706285,645718.4018240203,21327001381.164013,146037.67110291787,22.616309321585355
3502040,35.02.04,2021,932833.9822,10523259463.0,102582.93943439133,10.996912783179194,1363058.7746627938,11165256866.876638,105665.77907192394,7.752107321862517
3502040,35.02.04,2022,819087.7232,10167354999.0,100833.3030253398,12.310440038266686,1278422.1593063872,8762703825.103783,93609.31484154653,7.322253776665965
3502040,35.02.04,2023,855923.4932,42986562259.0,207332.00973076976,24.223194173071185,1034099.5954684333,39660859763.12876,199150.3446221692,19.258333094304785
3502040,35.02.04,2024,956905.8786,1340702607.0,36615.60605807311,3.8264584717196555,1227010.9552654496,1550776180.0565865,39379.89563288083,3.209416791585324
3502040,35.02.04,2025,1354654.07,38744393982.0,196835.95703529374,14.530348477474675,959180.9871832452,43702983610.98358,209052.5857553156,21.794905085558945
3502050,35.02.05,2018,733524.5924,7667292938.0,87563.0797653897,11.937306625111825,794300.5729877391,7677553160.852221,87621.64778667553,11.031296056741995
3502050,35.02.05,2019,663288.4138,1927921921.0,43908.10769094929,6.61976099347166,815787.527740058,1944724267.6499496,44099.02796717802,5.405700193694271
3502050,35.02.05,2020,618659.6039,4422650058.0,66503.00788686179,10.749531320233302,887410.6431187546,4715653326.972761,68670.61472691766,7.7383131765896636
3502050,35.02.05,2021,777944.1835,1741991959.0,41737.17718054253,5.365060638767862,2730336.613087447,1614031575.9842138,40175.01183552052,1.4714307255357382
3502050,35.02.05,2022,700197.2637,1561893567.0,39520.79916955122,5.644237876725541,1714726.2174892537,1404201512.813903,37472.67688348276,2.1853446049452265
3502050,35.02.05,2023,890450.4853,2739288138.0,52338.20915927483,5.877722571136751,1397305.816829353,2853025064.1979766,53413.716068047324,3.822621749993796
3502050,35.02.05,2024,996447.1058,5836324617.0,76395.8416211249,7.666823575124974,1807348.4616250414,5603895358.029222,74859.1701665816,4.14193343209939
3502050,35.02.05,2025,1065411.394,3031209708.0,55056.4229495524,5.167621001578325,761052.5260169946,3036028900.93673,55100.17151458542,7.239995878202368
3502060,35.02.06,2018,553803.418,9.63e-22,3.10322412983658e-11,5.6034759428598906e-15,683010.352412594,1.4408752123093758,1.200364616401773,0.0001757461819080386
3502060,35.02.06,2019,724651.6618,3899753652.0,62448.00759031468,8.617658784525082,534955.2636265316,4563665546.353367,67554.90764077297,12.628141497815992
3502060,35.02.06,2020,781635.2998,2277349294.0,47721.5810090152,6.1053513091368705,773527.6578478812,2409140806.313011,49082.999157681996,6.345345077154883
3502060,35.02.06,2021,880960.688,3.39e-21,5.822370651203855e-11,6.609115174505784e-15,1086496.1291598978,1.2963188738873663,1.1385600001261973,0.00010479190579413812
3502060,35.02.06,2022,915941.0575,1.28e-20,1.1313708498984761e-10,1.235200497493231e-14,1129637.7092281475,1.3056656311191375,1.142657267565011,0.00010115254282240272
3502060,35.02.06,2023,830790.1221,8.419999999999999e-23,9.176055797563569e-12,1.1044974601249618e-15,1024620.3537812446,1.4118934613174952,1.188231232259738,0.00011596795123917907
3502060,35.02.06,2024,652963.42,2.7600000000000002e-22,1.661324772583615e-11,2.544284598030951e-15,805305.2059832758,1.2583121683346077,1.1217451441101083,0.00013929441108485822
3502060,35.02.06,2025,800987.7914,22360457.08,4728.684497828122,0.5903566257312274,636115.8311180415,26136196.247314423,5112.357210457269,0.8036833797190293
3502061,35.02.21,2018,547978.8805,3.37e-24,1.835755975068582e-12,3.350048770845982e-16,675826.9019657146,1.126979179320796,1.0615927558724183,0.0001570805708953968
3502061,35.02.21,2019,547978.8805,3.37e-24,1.835755975068582e-12,3.350048770845982e-16,675826.9019657146,1.2129704043898455,1.1013493561944119,0.0001629632311159884
3502061,35.02.21,2020,648687.591,6.06e-22,2.461706725018234e-11,3.794903369776707e-15,800031.7905849161,1.4312490252084615,1.1963482039976745,0.0001495375831406656
3502061,35.02.21,2021,749396.3014,1.21e-21,3.478505426185217e-11,4.641743520333335e-15,924236.6790807855,1.292270112504737,1.1367805911893187,0.00012299669737408846
3502061,35.02.21,2022,816342.0296,1.57e-21,3.96232255123179e-11,4.853752970643066e-15,1006801.401370744,1.4657172911737348,1.21066811768285,0.00012024895039225657
3502061,35.02.21,2023,488875.3314,2.2400000000000003e-21,4.732863826479693e-11,9.681126296403863e-15,602934.0042558879,1.1617624382724794,1.0778508423119033,0.00017876763206316998
3502061,35.02.21,2024,1075987.955,1.89e-20,1.374772708486752e-10,1.2776841061262175e-14,1327024.8764269208,1.250346242600991,1.1181888224271386,8.426283804399482e-05
3502061,35.02.21,2025,1063164.973,1.44e-20,1.2e-10,1.1287053566238961e-14,1311210.1862857332,1.4414710780523876,1.2006127927239438,9.15652429550537e-05
3502070,35.02.07,2018,900313.9688,10763410124.0,103746.85597163897,11.523408451600487,1284106.9095566962,11618412877.790672,107788.74188796653,8.394062915304906
3502070,35.02.07,2019,854770.7453,9277685968.0,96320.74526289754,11.268605739319229,1054856.9051611957,7943313756.599776,89125.2700225911,8.449038877834488
3502070,35.02.07,2020,1092480.162,28725505344.0,169486.00338671036,15.51387469374573,1155159.61731275,25203955558.57554,158757.53701344557,13.743342013873677
3502070,35.02.07,2021,998363.2268,11367357305.0,106617.80951135697,10.679260478482698,2737669.808270105,12822783291.546125,113237.72909921024,4.136281474016165
3502070,35.02.07,2022,966964.9091,14445304211.0,120188.61930732045,12.429470622588122,1972735.7110631461,17047731847.615734,130566.9630787809,6.618573504122141
3502070,35.02.07,2023,839704.2378,10385890328.0,101911.18843385157,12.136557593284968,1570577.453979997,8731881023.296833,93444.53447525346,5.949692849496589
3502070,35.02.07,2024,1063965.551,12712251721.0,112748.62181419336,10.597018080916547,1737221.8537809185,11030765686.900558,105027.45206326086,6.045713265388493
3502070,35.02.07,2025,1062335.025,2453060790.0,49528.38368047155,4.6622188400944,931163.0048832472,2051600308.7601209,45294.594696940614,4.864303506411299
3502080,35.02.08,2018,855314.5555,21065450072.0,145139.41598339163,16.969127328664012,1065342.4207652034,20823266388.710503,144302.6901644959,13.545193296709957
3502080,35.02.08,2019,744300.3037,5428035271.0,73675.2011941603,9.898585399994147,989467.2642748287,5236994814.664779,72367.0837789169,7.313742090492914
3502080,35.02.08,2020,769661.0883,9155428652.0,95684.00415952501,12.43196591513655,1027548.0350824395,9022193485.818346,94985.22772420112,9.2438722552353
3502080,35.02.08,2021,1118898.35,21466805310.0,146515.5463082331,13.094625289976797,1555553.7755717635,20793927988.597626,144200.99857004327,9.270074801306073
3502080,35.02.08,2022,1326611.838,61410325813.0,247811.06878628323,18.679998300021445,1545859.99317617,50192601482.54908,224037.05381599063,14.492713104999725
3502080,35.02.08,2023,1365555.84,31209465972.0,176662.01055122179,12.937003773585836,1453568.5414492078,32592878799.590763,180534.97943498584,12.420121534481785
3502080,35.02.08,2024,1171413.504,51788553819.0,227570.9863295407,19.42704139507177,1659990.6504269405,41915136746.29904,204731.86548825036,12.333314373523397
3502080,35.02.08,2025,1261628.639,11213669006.0,105894.61273360415,8.393485171479542,825595.437384407,10537333053.204496,102651.51266885694,12.433633717026126
3502090,35.02.10,2018,605438.5783,4921987683.0,70156.8790853755,11.587778116546145,1287955.4127360303,4792610166.5936,69228.68023148787,5.375083605140023
3502090,35.02.10,2019,872207.1428,5182084317.0,71986.69541658375,8.253394392699962,697930.2052306192,5730354734.0148535,75699.10656021544,10.846228747930741
3502090,35.02.10,2020,1620672.297,176000000000.0,419523.53926806065,25.88577222209782,888664.2476665779,179958704817.44937,424215.3990809968,47.736296379075235
3502090,35.02.10,2021,1448678.227,15591995929.0,124867.91392907947,8.619437470780698,2410368.241643058,18048528189.664257,134344.8108028898,5.573621842582525
3502090,35.02.10,2022,1435441.11,77105919757.0,277679.52707572805,19.344543300402485,1676996.319043223,78798195642.6103,280710.1630554375,16.7388657844873
3502090,35.02.10,2023,1611953.828,156000000000.0,394968.35316263,24.502460697194984,1438180.6292957966,148873799029.74423,385841.6761182548,26.8284573063108
3502090,35.02.10,2024,1492340.117,198000000000.0,444971.9092257398,29.817057395753153,1767610.0831788199,180254233171.7721,424563.57965771406,24.01907432515835
3502090,35.02.10,2025,1144971.623,4309271479.0,65645.04154161227,5.733333492546502,974284.8183613356,4658831729.346308,68255.63514718993,7.005716794601205
3502100,35.02.09,2018,708242.9026,778527285.3,27902.101807928375,3.93962321478947,1094264.471354032,721267895.0361781,26856.431167155813,2.4542907012163098
3502100,35.02.09,2019,1068317.103,25216953663.0,158798.46870483356,14.864357058302527,732518.164708735,27258025967.212425,165100.04835617833,22.538696828334036
3502100,35.02.09,2020,1143517.904,19014838967.0,137894.30360605908,12.058779589170216,979100.6695359211,20107378111.146854,141800.48699192418,14.482728018063298
3502100,35.02.09,2021,1142080.945,1.04e-20,1.019803902718557e-10,8.929348722463423e-15,1408537.9096164366,1.4845418150079988,1.2184177506126537,8.650230443172417e-05
3502100,35.02.09,2022,1304517.144,3.410000000000001e-21,5.839520528262574e-11,4.476384657051754e-15,1608871.8221881932,1.2354975697547785,1.1115293832170063,6.908750391968691e-05
3502100,35.02.09,2023,934522.9747,9.310000000000001e-21,9.648834126463156e-11,1.0324876314100912e-14,1152554.9419550747,1.2686587621922951,1.1263475317113698,9.772614655582064e-05
3502100,35.02.09,2024,913969.2521,9.02e-21,9.497368056467013e-11,1.0391343072696584e-14,1127205.8652608306,1.2765734146273628,1.1298554839568478,0.0001002350607619846
3502100,35.02.09,2025,1004397.686,19299640764.0,138923.14696982646,13.831488155163518,732685.2781672763,20144546613.0615,141931.48562972734,19.371412236472363
3502110,35.02.11,2018,764917.8782,894118985.9,29901.822451148357,3.9091546038266407,1246356.3904426016,1045219967.6505635,32329.86185634828,2.5939500213793116
3502110,35.02.11,2019,1068857.679,7450254509.0,86314.85682662053,8.075430295581992,736728.2243081805,7712753141.239523,87822.281576144,11.920580572111636
3502110,35.02.11,2020,905552.697,2805460015.0,52966.59338677541,5.849090126090741,913861.0937245829,2914648809.232619,53987.48752472761,5.907625118899986
3502110,35.02.11,2021,1089640.207,16031414891.0,126615.22377265697,11.619911137572126,1139848.7654381015,16635944197.087193,128980.40237604779,11.315571529041758
3502110,35.02.11,2022,1176756.738,19912321544.0,141111.0255933249,11.991520510276011,1502717.0945721418,19427539272.685265,139382.70793999257,9.275379141120242
3502110,35.02.11,2023,1566478.214,17512176651.0,132333.58096492363,8.44784049865654,1482175.821738415,17308686990.15498,131562.48321673996,8.876307472242592
3502110,35.02.11,2024,1193272.948,30591451511.0,174904.1209091427,14.65751161142913,2133903.5971274436,29090787964.85285,170560.2180018918,7.992873634567728
3502110,35.02.11,2025,893623.5901,7498343916.0,86592.97844513723,9.690095405320166,871584.2128678509,8735598293.355623,93464.42260751213,10.723510273319183
3502120,35.02.12,2018,777118.0064,10886666768.0,104339.1909495181,13.426428173099413,798068.8562433041,10306627982.094093,101521.56412355995,12.720902880666912
3502120,35.02.12,2019,888472.7832,16774789389.0,129517.52541258653,14.57754563354266,749783.6420217053,16869590231.064182,129882.9866882656,17.322728772536447
3502120,35.02.12,2020,823890.0516,6823233312.0,82602.86503505796,10.025957331884593,902574.4736719822,6714137235.878426,81939.83912529012,9.078457403291141
3502120,35.02.12,2021,1098424.039,11235376121.0,105997.05713367707,9.649921466592835,1005964.6879063038,12035503871.584389,109706.44407501498,10.905595931338805
3502120,35.02.12,2022,1197571.479,5399108742.0,73478.62779067122,6.135636083453456,1231351.3689283368,6053763140.067069,77805.9325505907,6.318743334675167
3502120,35.02.12,2023,1235571.77,46538817253.0,215728.57310286924,17.459817255526097,1303129.9836181672,53608123288.292786,231534.2810218236,17.76755073802875
3502120,35.02.12,2024,989983.1698,3202310747.0,56588.96312002898,5.716154056584748,1555740.8685939321,3250220475.192774,57010.70491752206,3.6645373319174896
3502120,35.02.12,2025,1196084.781,49950191383.0,223495.39454539103,18.68558133132797,860896.0838774339,52177212034.437836,228423.31762418177,26.533204402019617
3502130,35.02.20,2018,698775.2123,17777554769.0,133332.49704779402,19.080885340642475,1046949.5118094464,16708699565.414597,129262.1350799011,12.346549057222148
3502130,35.02.20,2019,781341.2187,5621369692.0,74975.79404047683,9.595781234378238,627688.0752556934,4864449248.302127,69745.60379193893,11.111506899908454
3502130,35.02.20,2020,1006689.934,5795759832.0,76129.8879021899,7.5623968543813715,655316.8283386109,5952874607.303873,77154.87416426699,11.773675087800438
3502130,35.02.20,2021,827342.8492,13319175962.0,115408.73434017028,13.949323965483579,1278773.3289345428,12243796096.8887,110651.68817911771,8.652955584498407
3502130,35.02.20,2022,619172.2849,7658487009.0,87512.7819749778,14.133833847086944,1096979.2712983268,7740282084.819813,87978.87294583747,8.020103501291352
3502130,35.02.20,2023,1133274.277,11365429107.0,106608.76655791493,9.407146065304625,823680.9624113737,12570365164.764465,112117.6398465668,13.611779920023393
3502130,35.02.20,2024,931629.2862,5697123682.0,75479.29306770168,8.101859203629411,1342721.2912339675,5672534271.165938,75316.22847146516,5.609222774910285
3502130,35.02.20,2025,1061217.583,4038750612.0,63551.165307962685,5.988514167689085,733470.0006739068,4228889317.37258,65029.9109439078,8.866062808861821
3502140,35.02.13,2018,716780.893,2668222486.0,51654.839908763635,7.206503467547597,681353.0361513491,2892207762.1426334,53779.25029360891,7.89300809421548
3502140,35.02.13,2019,618227.1154,9614008234.0,98051.04912238318,15.860036979928166,592436.8555520778,9381145461.000679,96856.31348033375,16.348799466582083
3502140,35.02.13,2020,594790.3436,3033439112.0,55076.665766910766,9.259845315167077,595585.3526520578,3087710744.4646482,55567.17326321943,9.329842148700708
3502140,35.02.13,2021,735627.4334,7656133262.0,87499.33292317147,11.894517380728704,739385.1656391612,7779968820.953999,88204.13154129458,11.929388854460795
3502140,35.02.13,2022,807995.4409,60675674753.0,246324.32838231794,30.48585622066694,813594.7489383365,64831784938.76753,254620.86508919008,31.295785207739602
3502140,35.02.13,2023,899396.6351,39113467510.0,197771.2504637618,21.98932514816141,742600.6652925458,44808434933.52597,211680.02960488733,28.50523026686173
3502140,35.02.13,2024,682552.7257,22769220867.0,150894.7343912305,22.10741071123533,912979.5427430711,21049413177.318314,145084.15894686198,15.891282570357799
3502140,35.02.13,2025,1192541.702,36260048322.0,190420.71400454312,15.96763565460146,687703.5807320081,36049133061.513626,189866.09244810833,27.608710753841116
3502150,35.02.14,2018,874196.4617,22632219692.0,150440.08671893273,17.208956259829794,850503.8581641134,22893460218.14586,151305.84991382805,17.790142685588155
3502150,35.02.14,2019,387766.4525,1329399469.0,36460.93072043006,9.402806891973219,745082.1855871592,1375197677.2870011,37083.65781967848,4.977123133128575
3502150,35.02.14,2020,830200.9446,4724089779.0,68732.0142219039,8.27896121643414,533955.6350165915,3333151404.0276923,57733.45134346025,10.812406042248494
3502150,35.02.14,2021,894040.0799,12765367622.0,112983.92638778314,12.637456522130483,1199093.690169623,11027556144.944534,105012.1714133392,8.75762855515354
3502150,35.02.14,2022,985952.5038,25631187045.0,160097.42985132523,16.237844037546147,1232442.268092196,26381607390.809376,162424.1588890316,13.179048065307109
3502150,35.02.14,2023,1049699.577,4805017179.0,69318.2312166143,6.603625716866826,1124147.9586803638,5504186332.501099,74190.20375023308,6.59968318025724
3502150,35.02.14,2024,1118749.088,17535837980.0,132422.95110742698,11.836698016367633,1402750.0834005997,16641703123.267344,129002.72525519507,9.196415440052002
3502150,35.02.14,2025,1041128.063,15356743814.0,123922.32976344497,11.902698060636656,823104.0590399492,14134444865.683735,118888.37144853038,14.443905377796243
3502160,35.02.15,2018,760551.9078,5456876610.0,73870.67489877157,9.712772283019126,1797104.7902182525,4821064032.540478,69433.88245331294,3.8636524053157983
3502160,35.02.15,2019,805133.6675,14999193824.0,122471.19589519815,15.211287372378843,850871.5452687289,16258682483.974611,127509.53879602345,14.98575660509982
3502160,35.02.15,2020,863223.2156,3917404998.0,62589.17636460796,7.25063636305288,812745.7920456626,3812096917.5402336,61742.18102351288,7.596739549780899
3502160,35.02.15,2021,839235.2779,2954002754.0,54350.73830225308,6.476221833554678,3404092.418055883,3147356710.324377,56101.307563410475,1.6480547727153245
3502160,35.02.15,2022,855410.9228,5362535641.0,73229.33593171524,8.560720231630322,1908153.2414821107,5034455739.503176,70953.89869135576,3.7184591441012405
3502160,35.02.15,2023,902036.2752,8113040330.0,90072.4171430966,9.985453980010469,1878488.6552805672,7857403167.44539,88641.99437876717,4.718793170753953
3502160,35.02.15,2024,1014152.058,9091281839.0,95348.21361200219,9.401767009183764,2133606.6835214165,8278029353.441963,90983.67630208159,4.264313427811228
3502160,35.02.15,2025,1733508.359,70350964220.0,265237.5618572905,15.300622029321897,646762.1400542551,70312011518.29996,265164.12185342866,40.99870809246576
3502170,35.02.17,2018,1103333.477,3602387853.0,60019.895476416816,5.439868972308616,2575873.170035593,3363042008.9442854,57991.74086837095,2.2513430219691144
3502170,35.02.17,2019,1269491.83,9495122014.0,97442.91669485268,7.67574193012748,1922287.631453976,11100787264.131746,105360.27365250977,5.480983799121549
3502170,35.02.17,2020,1148023.571,9716441771.0,98572.01312238682,8.586235998318786,2064228.6112120554,7763809888.862841,88112.4842962837,4.26854292289586
3502170,35.02.17,2021,1491947.025,30275736636.0,173999.24320525076,11.662561759205275,4534176.084173479,23960858814.64853,154792.95466735083,3.4139158205093736
3502170,35.02.17,2022,1088330.037,74235575312.0,272462.0621517792,25.034874797981814,4374612.802132913,78463699022.77492,280113.7251595768,6.40316612759426
3502170,35.02.17,2023,1224508.459,28587462762.0,169078.27406855088,13.807848596377143,3875808.518183191,29811348427.707626,172659.63172585427,4.454802937653627
3502170,35.02.17,2024,1112977.256,19367692205.0,139167.85622046492,12.50410603363353,5203151.611393363,18051921079.527298,134357.4377529108,2.5822318430757956
3502170,35.02.17,2025,2168595.599,196000000000.0,442718.8724235731,20.415003729958833,1034826.7539437665,166140427598.7529,407603.27231114433,39.38855182838594
3502180,35.02.16,2018,1050118.357,25316489697.0,159111.5636809594,15.1517743328964,2790790.9130070065,26566455373.260914,162992.19420960292,5.840358496580561
3502180,35.02.16,2019,1090983.682,14341652986.0,119756.6406759976,10.976941511761089,1328837.9879486456,15191332607.808725,123253.12413001434,9.27525591891625
3502180,35.02.16,2020,1764840.527,373000000000.0,610737.2593840988,34.60580432285703,1309247.9804826572,361769492540.40985,601472.769575157,45.94032441076767
3502180,35.02.16,2021,1709511.329,337000000000.0,580517.0109479997,33.958067495673184,3134589.7486123145,377876338370.25775,614716.4699032048,19.61074715360568
3502180,35.02.16,2022,1688393.727,67445612115.0,259702.93050907223,15.381656917816317,3165281.38242045,66115110020.932236,257128.58654947768,8.123403751007272
3502180,35.02.16,2023,2119393.731,271000000000.0,520576.6033928148,24.56252445114054,3631582.587493516,268344022339.77884,518019.3262222741,14.264285989426062
3502180,35.02.16,2024,1642044.259,151000000000.0,388587.18455450895,23.664842310106632,4817140.769834764,128639622449.26416,358663.66201396,7.445571536126455
3502180,35.02.16,2025,1396923.411,13184526473.0,114823.89330187337,8.219770131826746,977441.154608277,14353197230.7464,119804.8297471617,12.256986436710363
3502190,35.02.18,2018,1200091.377,30067863157.0,173400.87415292923,14.448972592936915,2541536.812553526,32561918040.632324,180449.21180385444,7.100003860363289
3502190,35.02.18,2019,1173531.035,10714022193.0,103508.56096478204,8.820266177688437,1653409.8596166172,10148906657.23557,100741.7820828854,6.0929709289531395
3502190,35.02.18,2020,924227.9134,4722118626.0,68717.67331625831,7.435143682629475,1596458.4229056365,4899452148.648678,69996.08666667501,4.384460356899149
3502190,35.02.18,2021,1224462.503,13452706243.0,115985.8019026467,9.47238495409007,3774198.85335778,13644427510.384499,116809.36396704032,3.0949446095856583
3502190,35.02.18,2022,966798.9595,12238829353.0,110629.24275705768,11.442838417438086,2972310.445713222,11481161573.124174,107150.18232893574,3.604945858985617
3502190,35.02.18,2023,1154118.494,11822937297.0,108733.33112252195,9.421331664625587,2258705.234784238,12713939050.041914,112756.10426953352,4.992068134127493
3502190,35.02.18,2024,1379880.148,55302425661.0,235164.67774944432,17.04239879748196,3005470.8446443193,53535410306.59341,231377.203515371,7.698534288818005
3502190,35.02.18,2025,1342350.914,25441912771.0,159505.21236310742,11.882527191627286,844892.5082295508,24487481422.960297,156484.76418795632,18.52126307947337
3502200,35.02.19,2018,483906.2014,8.429999999999999e-23,9.181503144910423e-12,1.897372490442819e-15,596805.5349792978,1.2854398945670686,1.1337724174485233,0.0001899735091243502
3502200,35.02.19,2019,569915.7448,22904714972.0,151343.0374083988,26.555335378830335,618051.8993259687,27186189795.461338,164882.35137655376,26.677751748092703
3502200,35.02.19,2020,958618.7907,119573572.8,10934.97017828581,1.140700587592374,784908.5282594484,123460403.32578848,11111.273704026396,1.4156138332024353
3502200,35.02.19,2021,1037172.359,3970043769.0,63008.28333639951,6.075006028617034,1083840.8423946067,3517150221.220586,59305.56652811426,5.471796615182562
3502200,35.02.19,2022,724347.4329,264443133.3,16261.707576389388,2.245014869630166,1212417.0660519213,248770721.8673602,15772.467209265651,1.3009110190626598
3502200,35.02.19,2023,1291114.926,47359456025.0,217622.27832875933,16.855376229207913,861692.2519145657,52719614961.28815,229607.52374712843,26.64611678206123
3502200,35.02.19,2024,1092097.663,2584936849.0,50842.27423119466,4.655469556773024,1386498.676678503,2661783272.3730636,51592.4730205198,3.721061829219683
3502200,35.02.19,2025,1518737.96,2.42e-21,4.9193495504995375e-11,3.239103571559861e-15,1873072.1327580947,1.5476925854778594,1.2440629346933616,6.641831421951068e-05
3503010,35.03.01,2018,492413.1573,5176827379.0,71950.17289068873,14.611748655378328,1508571.4256588828,5183435902.90587,71996.08255249636,4.772467602656029
3503010,35.03.01,2019,643569.7334,6938249288.0,83296.15410089472,12.942832730936304,1178789.7493300838,7740845152.267954,87982.07290276783,7.463762978323215
3503010,35.03.01,2020,576288.7157,4004714909.0,63282.81685418246,10.981095955924593,1539543.0049723622,3692586707.368062,60766.65785912585,3.9470581635500808
3503010,35.03.01,2021,774011.3983,4993016074.0,70661.2770476164,9.129229518171606,1818799.3232587783,5117935888.003454,71539.75040495636,3.9333503971607593
3503010,35.03.01,2022,611621.7854,3013146329.0,54892.133580322785,8.974849308943988,2182167.8291270356,2791514736.8689666,52834.78718485546,2.421206402167139
3503010,35.03.01,2023,672354.6906,7848299340.0,88590.62783387417,13.17617458053533,1845524.3951776396,6814669821.217346,82551.01344754858,4.473038322509018
3503010,35.03.01,2024,665960.5203,10032293615.0,100161.33792536918,15.040131490114279,2018739.3643567052,9235331326.870382,96100.63125115455,4.760427866416433
3503010,35.03.01,2025,787626.1578,10035845277.0,100179.06606172769,12.719113639083316,705308.4878868583,9210796165.95819,95972.89287063401,13.60722216149332
3503020,35.03.02,2018,700276.4559,3366760735.0,58023.79455878424,8.285841123162092,2989746.0561327585,3784148101.3424516,61515.42978263625,2.057546983177781
3503020,35.03.02,2019,839700.4841,136000000000.0,368781.7782917155,43.9182524334233,1079710.6142647627,126599124561.16943,355807.7072818539,32.95398809468442
3503020,35.03.02,2020,828083.2728,6465320954.0,80407.21953904389,9.710040303937399,1052004.077555894,6746483703.65869,82136.98134006807,7.807667583465622
3503020,35.03.02,2021,1076375.241,6986517338.0,83585.38950079733,7.765450775618253,2733860.760657813,6528278028.98638,80797.76004931312,2.95544532523565
3503020,35.03.02,2022,1116561.417,8127893658.0,90154.83158433606,8.074328040688162,2184095.0716816843,6751961958.164231,82170.32285542166,3.7622136472362033
3503020,35.03.02,2023,883669.5053,3143879540.0,56070.30889873891,6.345167346213154,2114562.217682421,3170377852.36571,56306.10848181314,2.6627785179820878
3503020,35.03.02,2024,1134976.177,15113869753.0,122938.47954566544,10.831811454458876,1915085.1433327089,15488910478.029757,124454.45141910255,6.498638029352673
3503020,35.03.02,2025,1039057.126,17557169633.0,132503.4702677632,12.752279634311769,929310.4660389283,20175565062.344246,142040.7162131487,15.28452776590151
3503030,35.03.08,2018,1190380.891,19666155926.0,140236.07212839354,11.780773128051964,2568575.551153959,20264162391.780235,142352.24758246788,5.542069709357573
3503030,35.03.08,2019,1051174.435,14191219551.0,119126.90523555121,11.332743764411585,1771227.528292453,14792599964.459925,121624.83284453025,6.866697299007223
3503030,35.03.08,2020,1220447.665,10834687901.0,104089.80690250127,8.52882183215134,1767302.7314591766,11451164306.895588,107010.11310570412,6.054996192833982
3503030,35.03.08,2021,967479.1407,4110355965.0,64112.057875254635,6.626712161346203,2452927.507612392,3846427139.13216,62019.570613897034,2.5283898697138865
3503030,35.03.08,2022,965795.5923,5747070007.0,75809.43217700552,7.849428262192487,2235913.8857646296,6041015174.713985,77723.96782662337,3.4761610597558237
3503030,35.03.08,2023,999077.0558,3029427949.0,55040.2393617615,5.509108535946573,2177284.772971292,2613328735.623931,51120.727064703715,2.3479118441149245
3503030,35.03.08,2024,1044342.234,21242373974.0,145747.63797056885,13.955926824134245,2440708.6163800443,23319505664.02797,152707.25478518684,6.256677006027692
3503030,35.03.08,2025,1383524.286,14063068566.0,118587.80951683018,8.571429552544203,992602.6825898925,11966525913.572372,109391.61719973049,11.02068522667162
3503040,35.03.07,2018,585634.9032,5318256942.0,72926.38028861709,12.45253312091476,915658.7939365085,5639913341.455744,75099.35646499072,8.201674790030804
3503040,35.03.07,2019,935109.1569,13408662211.0,115795.77803616157,12.383129518273417,717085.4106007525,12448723970.696104,111573.84985154946,15.559352930925796
3503040,35.03.07,2020,781354.9471,4800709018.0,69287.14901047669,8.867563873196943,1115796.8675872323,4437959575.475622,66618.01239511445,5.970442679156052
3503040,35.03.07,2021,887202.9383,210288603.1,14501.33108028363,1.634499893346851,1753402.034935166,214846528.29432833,14657.644022636392,0.8359545461106057
3503040,35.03.07,2022,886917.1988,1837868143.0,42870.36439080032,4.833637734030186,1339295.6617769815,1792710160.2185495,42340.40812531865,3.161393658898385
3503040,35.03.07,2023,856334.3036,10103372658.0,100515.53441135355,11.73788484109415,1260671.6959367895,9871835956.354774,99357.1132650037,7.881283730350801
3503040,35.03.07,2024,1234686.868,98552707977.0,313931.05608875334,25.425965418849284,1297560.8205558478,101831891183.82297,319111.09536307724,24.59315126564755
3503040,35.03.07,2025,1096713.668,9712964384.0,98554.37272896622,8.98633577793308,881979.3857538336,9508243268.66134,97510.22135479614,11.055839051323577
3503050,35.03.04,2018,466267.8956,1996725382.0,44684.733209453094,9.583489155296048,2069138.4668226195,1848427016.755834,42993.336887892685,2.0778375916964844
3503050,35.03.04,2019,585793.3964,3305330760.0,57492.00605301575,9.814382751040474,1082552.3395742825,3804897281.2460546,61683.84943602381,5.698001582101905
3503050,35.03.04,2020,705591.8784,14212253854.0,119215.15781980075,16.895766727096266,1294765.0615494829,14620972160.829206,120917.21201230702,9.338930714395543
3503050,35.03.04,2021,745107.5592,1469619955.0,38335.62253309577,5.1449783403426474,2585673.8844317026,1466482471.672218,38294.6794172796,1.4810328420707344
3503050,35.03.04,2022,548794.1532,1336609716.0,36559.673357402964,6.661819034372862,2628643.585359955,1271801935.783344,35662.33216971857,1.356681916420218
3503050,35.03.04,2023,973132.6712,10803029751.0,103937.62432824796,10.680724982758955,2226260.1560571664,11527585284.472073,107366.59296295134,4.82273343799602
3503050,35.03.04,2024,829464.0219,3806589068.0,61697.56128081563,7.4382444146870865,3386403.2157154772,4505226698.236457,67120.98552789922,1.982073050734389
3503050,35.03.04,2025,819285.1991,3590391349.0,59919.87440741177,7.313677150915806,775684.7502083634,3956752245.491976,62902.72049356829,8.109315089238436
3503060,35.03.03,2018,563868.6091,4798186808.0,69268.94548064089,12.284589771933252,1289177.274496416,4292315269.9995666,65515.763522984045,5.081982503032881
3503060,35.03.03,2019,747101.837,2232504654.0,47249.38786905075,6.324357072762858,1091122.4241195335,2189811624.7992635,46795.42311807068,4.288741765694313
3503060,35.03.03,2020,969512.3307,85402298863.0,292236.7171712001,30.142650889257027,1683210.898565743,78915786241.54916,280919.53695239703,16.689503210308786
3503060,35.03.03,2021,977197.6358,6204986016.0,78771.7336104773,8.060982827285438,1871105.0109204133,6012503634.040691,77540.33552958544,4.144093200383375
3503060,35.03.03,2022,572834.055,1693044179.0,41146.618074879494,7.182990905608691,1820014.7098670532,1776125403.4824545,42144.10283162348,2.315591330286665
3503060,35.03.03,2023,679099.8371,5299653273.0,72798.71752304432,10.719884403730823,1151050.9745280643,5678908404.262152,75358.53239190737,6.546932678008
3503060,35.03.03,2024,778763.3854,4663464233.0,68289.5616694089,8.76897437009484,1314500.3472761263,4324514300.159437,65761.03937864302,5.0027403579551235
3503060,35.03.03,2025,805619.5742,14376084232.0,119900.30955756536,14.882993586225771,1136230.5647969488,14014808656.084175,118384.15711607772,10.419025925185675
3503070,35.03.06,2018,791246.8986,2333119954.0,48302.38041753222,6.104590173180646,1152443.295137591,2417167545.991032,49164.69816841178,4.266127311933554
3503070,35.03.06,2019,899830.0828,6947337914.0,83350.69234265544,9.262936851732409,790522.8135392691,5622483535.149586,74983.22169091954,9.485269799515375
3503070,35.03.06,2020,1094818.777,37379417911.0,193337.57501065332,17.65932217023469,1054148.6731243955,44251968805.01553,210361.51930668196,19.955583559498358
3503070,35.03.06,2021,932481.7464,610996135.7,24718.336022070744,2.6508117845201764,1792520.063133175,622873243.1759093,24957.428617065285,1.3923095830482246
3503070,35.03.06,2022,984400.4642,22784194585.0,150944.34267305283,15.33363180560077,1500703.4019841498,20290084717.72594,142443.26841843367,9.491766876126407
3503070,35.03.06,2023,1126033.533,40447949773.0,201116.7565694117,17.860636533051782,1539068.73961506,35518583399.420525,188463.7455836547,12.245310474618035
3503070,35.03.06,2024,1152134.102,16640506151.0,128998.0858423876,11.196447151287222,1855700.8916128867,15901911624.165892,126102.78198424447,6.795426059996229
3503070,35.03.06,2025,1423108.812,19381120349.0,139216.09227743754,9.782533219071766,807403.2271320192,18379557439.935116,135571.2264454929,16.791018649635088
3503071,35.03.14,2018,748366.9569,673924539.8,25960.05662166398,3.46889402081563,764752.4229585346,611430372.2210081,24727.118154386855,3.2333494359817907
3503071,35.03.14,2019,710212.3446,3763678818.0,61348.828986379194,8.63809668373641,654660.2935386788,3613075976.6974735,60108.86770433688,9.181688319513992
3503071,35.03.14,2020,821021.8193,11735020234.0,108328.29839889483,13.194326368969719,779056.5709844845,11047519683.56918,105107.18188387119,13.491598145568362
3503071,35.03.14,2021,823334.0924,1441122076.0,37962.11369246976,4.610778788694522,1004051.6037058997,1641362929.4221046,40513.73753953225,4.035025429967769
3503071,35.03.14,2022,1006320.656,9566157491.0,97806.73540712828,9.719241558242274,948444.2302763999,7950053382.969972,89163.07185696314,9.400982051520188
3503071,35.03.14,2023,717729.93,2326975054.0,48238.729813294216,6.721014102518229,987097.6552767907,2448194471.4836106,49479.23272933414,5.012597534279395
3503071,35.03.14,2024,742225.2491,4820337494.0,69428.6503829651,9.35412133542374,884064.5652588686,5378234339.930602,73336.44619103521,8.29537220164017
3503071,35.03.14,2025,853393.0839,1437954074.0,37920.36489803335,4.443481628036821,871584.8738171442,1337601628.8057683,36573.236509854694,4.196176139413779
3503080,35.03.10,2018,804664.2828,3320024229.0,57619.651413385,7.1607069737065006,1669889.5629951565,2944692096.9557233,54265.017248276294,3.24961712743118
3503080,35.03.10,2019,705849.4863,915521129.0,30257.57969501196,4.286690049690266,996824.9641905766,925097571.3469716,30415.416672256386,3.051229429928428
3503080,35.03.10,2020,814306.1641,11573225115.0,107578.92505040194,13.211115154617795,1049495.3634265503,12263094896.921755,110738.85901941448,10.551629180891052
3503080,35.03.10,2021,1001353.552,2001474690.0,44737.844047294006,4.467737090255411,2925766.6281127096,2185959462.1363873,46754.24539158329,1.5980169075119468
3503080,35.03.10,2022,1202332.74,15060679292.0,122721.95929009609,10.206988066389682,2220735.9457671945,12741714935.664373,112879.20506304239,5.082963838100355
3503080,35.03.10,2023,1172222.098,23920469555.0,154662.43744038176,13.193953407315973,2429461.7622159785,20604415010.091267,143542.38053652053,5.908402542857543
3503080,35.03.10,2024,1325248.336,11699764729.0,108165.45071787016,8.161900511744554,2599255.5031224065,11814652725.174555,108695.22862193425,4.181783148727087
3503080,35.03.10,2025,1308287.935,23772952364.0,154184.79939345512,11.78523437147306,888488.2573183659,24399669632.024445,156203.93603243306,17.580866685158856
3503090,35.03.13,2018,785847.7483,11037679653.0,105060.36194969062,13.36904790743047,1993043.6742913213,10198709545.065418,100988.66047762698,5.0670570735754765
3503090,35.03.13,2019,855895.2506,13000607363.0,114020.20594175403,13.321747709409948,962839.8200785781,16045223857.330376,126669.74325911605,13.155848004788423
3503090,35.03.13,2020,984259.2725,7272493534.0,85278.91611647043,8.664273581072148,1102006.1522733348,8620106434.271557,92844.52829473343,8.42504627612141
3503090,35.03.13,2021,1005536.225,3308812452.0,57522.277875619635,5.720557494148919,2893343.5428134114,2535891060.059613,50357.63159700437,1.7404649967019792
3503090,35.03.13,2022,1066430.411,53138708576.0,230518.34759081542,21.615882781761314,2012332.28158102,57106729130.539246,238970.14275959088,11.875282474315837
3503090,35.03.13,2023,1227508.403,12996991501.0,114004.34860565627,9.287459729565393,1957963.331874185,13764487555.48362,117322.15287610273,5.992050564287157
3503090,35.03.13,2024,1098479.975,30173326159.0,173704.70966269163,15.813188552908453,2163253.154823634,24260214379.579742,155756.90796744695,7.200123925400933
3503090,35.03.13,2025,983407.1184,7747191675.0,88018.13264890366,8.950324947017757,834059.4500597746,7633844558.562348,87371.87510041402,10.475497291488315
3503100,35.03.12,2018,741291.0706,21219487217.0,145669.10179238423,19.650729324781945,1449334.8458487114,21628123215.13245,147065.0305651634,10.14707063632656
3503100,35.03.12,2019,781149.2959,12833847173.0,113286.57101792781,14.502550487151735,857888.8185787697,14295685735.00986,119564.56722210748,13.937070239496228
3503100,35.03.12,2020,838987.9785,6823746911.0,82605.97382151002,9.845906727912672,992969.6900277912,8368934386.641638,91481.88010005937,9.212957960227262
3503100,35.03.12,2021,783648.741,678155064.0,26041.410560874003,3.3230973519644817,1807860.1626497796,621360911.9067115,24927.111984879266,1.3788185889523452
3503100,35.03.12,2022,771588.9447,24876852229.0,157723.97480725625,20.441450838643185,1506203.237704402,27617403892.318428,166184.84856423712,11.033361528124102
3503100,35.03.12,2023,1057941.701,49101085939.0,221587.6484351057,20.945166281436308,1548293.699709206,46756109567.27608,216231.61093437768,13.96580060843685
3503100,35.03.12,2024,846273.0926,41844804951.0,204560.02774491403,24.171869522218344,2019275.827882048,47478734855.016266,217896.1561272164,10.79080693774067
3503100,35.03.12,2025,840484.9295,20244671245.0,142283.77013911318,16.928771134987162,699936.8234996255,19412965722.425064,139330.4192286274,19.906142176087688
3503110,35.03.11,2018,1137217.205,85929225359.0,293136.87137410743,25.776682773112586,2409084.405284729,79150746755.25954,281337.42508820177,11.678188795338226
3503110,35.03.11,2019,1047188.242,36325002142.0,190591.19114481655,18.200279901998417,1518637.4046929507,34630696114.77228,186093.24575269324,12.253961688130483
3503110,35.03.11,2020,1019260.507,20557166028.0,143377.70408260834,14.066836014731251,1684338.9838316103,20295133733.744095,142460.99021747705,8.457976190362842
3503110,35.03.11,2021,1286614.708,12975384349.0,113909.54459131157,8.853430936475162,2624581.597953583,11836037860.754448,108793.55615455563,4.145177129923613
3503110,35.03.11,2022,1163304.965,23299241410.0,152640.8903603487,13.121313409020713,2486000.1925630625,24014046203.848915,154964.66114520727,6.233493529436895
3503110,35.03.11,2023,1364302.432,65905133894.0,256719.95227095226,18.816938696987695,2187332.52181549,64089638524.240234,253159.31451210764,11.573883348197327
3503110,35.03.11,2024,1309342.911,22467953833.0,149893.141380785,11.447966771844767,2485371.524824172,20920978090.695663,144640.85899459966,5.819687622148657
3503110,35.03.11,2025,1466966.105,111000000000.0,333166.6249791536,22.711269459027726,1271496.4490587998,129604037142.22324,360005.60709831066,28.3135361773757
3503120,35.03.05,2018,850049.3066,4419579007.0,66479.91431251999,7.820712727644496,1375205.9397667297,4093459310.6530414,63980.14778548922,4.65240484609468
3503120,35.03.05,2019,752745.3117,5884016159.0,76707.34097203474,10.190344566716583,1140689.571483997,5281915484.366378,72676.78779614835,6.371302904224714
3503120,35.03.05,2020,712122.8224,5664669457.0,75263.9984122555,10.568963112093556,1352366.4304231703,6011684531.765058,77535.0535678222,5.73328735641276
3503120,35.03.05,2021,1210445.379,15018585700.0,122550.33945281425,10.124400619717203,1656098.865224563,15938357380.73569,126247.20741757296,7.623168523846198
3503120,35.03.05,2022,877568.3103,22647631224.0,150491.29949601737,17.148670676653236,2125551.788069041,20322077585.504555,142555.52457026896,6.706753764855272
3503120,35.03.05,2023,1087514.406,10107203035.0,100534.58626263899,9.244437196231402,1717703.0585663742,10425720804.778688,102106.41901848624,5.9443579907056865
3503120,35.03.05,2024,832523.1772,3780042785.0,61482.052543811515,7.385025934123809,2173214.392665407,4552510634.086435,67472.29530767747,3.1047233782086248
3503120,35.03.05,2025,1122330.896,54147975168.0,232697.1748174008,20.733384035558156,659253.2253769949,61036993779.76687,247056.66107143695,37.47522978445153
3503130,35.03.09,2018,465279.2921,1198017702.0,34612.392318359045,7.4390571224734385,1054218.097654498,1230077949.5652146,35072.46711546273,3.326870141339305
3503130,35.03.09,2019,543649.3907,8258221236.0,90874.75576858515,16.71569164302296,560710.5507736807,9389168130.01809,96897.7199423087,17.28123713894934
3503130,35.03.09,2020,693262.6192,18040934651.0,134316.54645277327,19.374554855960604,723812.0784702589,15998786202.773962,126486.30836092087,17.475020398698437
3503130,35.03.09,2021,902132.9898,743360883.4,27264.645301195465,3.022242353340825,1037562.9960652913,711763054.8534646,26678.887811403696,2.5713029389614874
3503130,35.03.09,2022,775519.0476,5299856309.0,72800.11201227647,9.387275817089352,1234610.6996343692,4785743177.448832,69179.06603481165,5.60331010052797
3503130,35.03.09,2023,1100775.304,26132370488.0,161655.09731524088,14.685567229553406,1051742.6138633154,22571867144.244385,150239.36616028566,14.284803542229657
3503130,35.03.09,2024,1210534.249,41736326992.0,204294.7062260792,16.876408610069753,1365653.6731163329,43746359496.815315,209156.3039853576,15.315471858108545
3503130,35.03.09,2025,768710.7307,22330211496.0,149432.9665636067,19.439427680101552,839646.5396295937,27346409350.379005,165367.49786575054,19.69489422759983
3504010,35.04.15,2018,1005977.296,6467155114.0,80418.62417375717,7.994079438325333,1046277.6920442398,6990382824.326942,83608.5092818126,7.9910438612579515
3504010,35.04.15,2019,1194517.151,14569600243.0,120704.59909630619,10.10488622915605,1182886.1926980747,14854945448.141151,121880.86579993248,10.30368488129288
3504010,35.04.15,2020,1534962.805,9606494982.0,98012.7286733718,6.385348775495039,1661828.674472087,10655991571.994064,103227.8623821789,6.211703045440064
3504010,35.04.15,2021,1331047.376,8477144172.0,92071.40800487413,6.917214944036232,1575531.828943136,10085495253.511366,100426.56647277833,6.374137585030212
3504010,35.04.15,2022,1533478.902,14078236894.0,118651.7462745492,7.737422805087226,1703245.5117096181,12546244833.1459,112010.02112822719,6.576269854120918
3504010,35.04.15,2023,1185171.722,805779316.6,28386.25224646607,2.395117240779566,1699724.7851409705,789631277.2402084,28100.378596029776,1.6532310902143612
3504010,35.04.15,2024,1046332.385,37233588873.0,192960.0706700741,18.44156536071223,1630696.2145825203,31889254971.07643,178575.6281553461,10.950882608203258
3504010,35.04.15,2025,1708954.646,11395361466.0,106749.0583846059,6.24645356355501,747408.2676996194,11822758297.191317,108732.50800561586,14.547940222854889
3504020,35.04.17,2018,1790873.119,8.06e-20,2.839013913315678e-10,1.5852680366886885e-14,2208698.6832833732,1.3601096087293976,1.1662373723772521,5.2802013294251835e-05
3504020,35.04.17,2019,1236328.263,74540933461.0,273021.85528085474,22.083281880036964,1464160.4420941374,78185171393.15698,279616.11433026707,19.097368450300564
3504020,35.04.17,2020,1494126.023,79532566227.0,282015.18793674925,18.874926451685877,1323075.3016953277,75049502492.07866,273951.6426161352,20.70567278106591
3504020,35.04.17,2021,2008225.396,10137324389.0,100684.2807443148,5.013594636581063,3246866.5363065857,11697391496.558899,108154.47978035352,3.3310417465875477
3504020,35.04.17,2022,1572192.56,19035184884.0,137968.05747708416,8.775519041833157,2947049.7178809303,23158065284.986137,152177.74240994029,5.16373176491109
3504020,35.04.17,2023,1524164.487,42206789485.0,205442.910525041,13.479051131115943,2518005.0209146347,37020922657.92219,192408.2187899524,7.64129607335185
3504020,35.04.17,2024,1413507.107,1515855495.0,38933.98894282475,2.754424703633609,2655495.7177924146,1992470298.3279333,44637.09554090558,1.680932687702227
3504020,35.04.17,2025,1319326.381,18944175716.0,137637.84260151713,10.432433140402512,873433.932401574,20852240384.780617,144403.0483915787,16.53279578851847
3504030,35.04.18,2018,910486.0629,9988461907.0,99942.29288444408,10.976806450624482,916015.7582961993,9582045893.975348,97887.92516942704,10.686270872839545
3504030,35.04.18,2019,771275.4328,3506587357.0,59216.44498785789,7.677729961251514,933022.3904690008,2914379237.876047,53984.99085742302,5.7860337982121175
3504030,35.04.18,2020,1075977.602,9847099477.0,99232.55250672533,9.222548157347735,1105363.6813640662,9226400050.798985,96054.15165831712,8.68982338371948
3504030,35.04.18,2021,926601.6112,347529049.6,18642.1310369818,2.0118820010294622,3445011.4340954972,328738922.56713957,18131.15888648984,0.5263018493072217
3504030,35.04.18,2022,696662.0047,8703110354.0,93290.46228848906,13.391065058681109,1950996.1600981078,8586421570.526671,92662.94604925245,4.7495196528009975
3504030,35.04.18,2023,1029699.251,6838078466.0,82692.67480254827,8.030759925506468,1551460.8048576242,6165294607.863356,78519.39001204324,5.0609973365874925
3504030,35.04.18,2024,795185.0288,6073085311.0,77930.00263698187,9.800235142075636,1956629.3442516958,6968919120.703338,83480.05223227486,4.266523574203137
3504030,35.04.18,2025,1006789.476,12329041856.0,111036.21866760413,11.02874248435272,604156.8162088867,14728961919.383938,121362.93470159634,20.0879856761618
3504040,35.04.16,2018,1024005.618,13727880421.0,117166.03783093461,11.441933107727795,1367612.4752067951,12119493791.037966,110088.57248160666,8.049690572247837
3504040,35.04.16,2019,835594.1678,13563311341.0,116461.63033806455,13.937582959044745,938365.8826152424,10119245646.399067,100594.46131074546,10.720174632776173
3504040,35.04.16,2020,798417.3392,5981366962.0,77339.29765649543,9.686575411048565,900603.4561749981,5000950418.78888,70717.39827502763,7.852223727341149
3504040,35.04.16,2021,1116970.125,16494921848.0,128432.55758568385,11.49829836189073,1869143.011140076,13920746094.780901,117986.21146041134,6.312315898634538
3504040,35.04.16,2022,1203114.848,30361598401.0,174245.79880444752,14.48288989983835,1730662.8657069053,25133386219.99858,158535.12613928365,9.160370241984046
3504040,35.04.16,2023,1037933.802,5633015028.0,75053.41449927511,7.23104058800805,1644173.4189974081,5732598494.039084,75713.92536409061,4.604984151261842
3504040,35.04.16,2024,846513.6617,19918597218.0,141133.2604951788,16.672295661684867,1581006.6570705047,22942683014.05284,151468.4224980667,9.580505042194265
3504040,35.04.16,2025,919338.4289,3057870219.0,55298.01279431296,6.0149789300636245,870895.8167912436,2667448797.1591406,51647.35034015918,5.930370699270359
3504050,35.04.19,2018,640755.4727,29376585605.0,171395.9906328033,26.749048261824278,704330.8007424916,30291143051.635765,174043.5090764254,24.710478214633262
3504050,35.04.19,2019,800353.0213,52069709.07,7215.934386481074,0.9015939459765334,543233.404578389,49731423.06423197,7052.050982815706,1.29816224911443
3504050,35.04.19,2020,1040068.206,28490235266.0,168790.5070375701,16.228792118040197,747622.239770224,32209630609.63997,179470.41708771943,24.00549469246371
3504050,35.04.19,2021,1048911.15,19184607327.0,138508.50994433518,13.204980225859472,812888.06563936,20492411431.42922,143151.70774890957,17.610260723451095
3504050,35.04.19,2022,1327137.915,5741500233.0,75772.68790929882,5.709481060926424,961359.4095626044,6396250408.87768,79976.56162200074,8.319111544181814
3504050,35.04.19,2023,887754.0688,3783134775.0,61507.19287205359,6.928404502295827,960445.2671375863,3563545661.4603815,59695.440876673165,6.215392268482243
3504050,35.04.19,2024,912500.2783,49846116604.0,223262.4388561587,24.467109124843176,869206.7680119092,48140654415.19338,219409.78650733284,25.24253084328569
3504050,35.04.19,2025,1601516.291,60098084544.0,245149.10675749974,15.307312709533951,815388.1660564033,59892341622.75428,244729.1188697297,30.013817842531807
3504060,35.04.14,2018,676544.8453,3880730404.0,62295.508698460755,9.207890523626276,2304822.717814197,3684816285.1221657,60702.68762684372,2.633724804847974
3504060,35.04.14,2019,818527.4276,13500124140.0,116190.0345984973,14.195008093886052,1069906.7037674456,13204307734.752327,114909.99841072285,10.74018865440249
3504060,35.04.14,2020,905639.793,2986430554.0,54648.24383271616,6.034214072207422,1264198.135990545,3104093237.701506,55714.38986205903,4.4070931823044335
3504060,35.04.14,2021,1054127.796,13755864525.0,117285.39774839833,11.126297797425535,1701750.8221851783,10971970203.479647,104747.17277081824,6.15525912520582
3504060,35.04.14,2022,654925.8032,5504307851.0,74191.02271164619,11.328156922378867,2308770.946958349,5502634387.023655,74179.74377836348,3.2129537958752605
3504060,35.04.14,2023,867540.2836,2151333299.0,46382.46758205087,5.346433872739517,1786231.9807362691,2559282054.8885207,50589.34724710846,2.832182370078044
3504060,35.04.14,2024,845639.889,3588871156.0,59907.18784920554,7.084243379300376,2371718.2203304297,3684874150.039062,60703.164250630805,2.559459371281197
3504060,35.04.14,2025,992768.9433,6530644212.0,80812.40135028782,8.14010167176105,927097.0430729326,6724742743.45385,82004.52879843801,8.8453015152144
3504070,35.04.12,2018,508884.3921,2667976078.0,51652.454714175976,10.150135377707919,680941.099126175,2594611855.804471,50937.332633388556,7.480431523189661
3504070,35.04.12,2019,777340.933,3781480800.0,61493.74602347787,7.910781925011258,493858.9116878643,3879160089.3123927,62282.90366796006,12.61147712311102
3504070,35.04.12,2020,1196558.372,2.9900000000000004e-21,5.4680892457969267e-11,4.569847467330183e-15,1475725.3725399708,1.2167530864071794,1.1030653137539859,7.474732997613408e-05
3504070,35.04.12,2021,1193491.634,24117048670.0,155296.64732375904,13.011959438984977,894910.4438509214,26277178436.024826,162102.370235678,18.113809191691793
3504070,35.04.12,2022,862868.2393,3046812655.0,55197.940677166574,6.397030063587203,1037273.333317443,3044777450.948877,55179.502090440044,5.319668434352118
3504070,35.04.12,2023,806383.1471,778199415.1,27896.225821784567,3.459425698826658,766744.9775609454,760809645.9378388,27582.778067805983,3.597386207282139
3504070,35.04.12,2024,908621.1548,14338859836.0,119744.97833312259,13.178757472302097,779438.8410874519,15244844673.872417,123470.01528254712,15.840885618464318
3504070,35.04.12,2025,818342.3107,259333206.6,16103.82583735927,1.9678593697036457,856235.8022567896,237895830.0202337,15423.87208259436,1.8013579953024037
3504080,35.04.13,2018,751978.6742,4014381804.0,63359.14933141069,8.425657735415962,2800391.76645072,4252697936.011856,65212.71299380095,2.328699640352572
3504080,35.04.13,2019,914296.4326,12436843171.0,111520.595277285,12.197422116167733,1449515.038902715,11930990849.577112,109229.07511087472,7.535559975532319
3504080,35.04.13,2020,1189975.369,30838129776.0,175607.88642882757,14.757270696821253,1751119.4464627565,37151024908.35113,192746.01139414308,11.007016784805176
3504080,35.04.13,2021,1049115.865,4468566438.0,66847.3368055901,6.371778278807183,3516250.0089461263,3936811401.3490973,62744.01486475899,1.78440141358334
3504080,35.04.13,2022,1142923.567,22176576525.0,148918.01947716065,13.029569411019123,2805252.124280385,23862838915.77112,154476.0140467481,5.506671315198627
3504080,35.04.13,2023,988262.7976,1632333062.0,40402.14179966206,4.088198189568485,2887312.226273326,1775088055.6365957,42131.79388106559,1.4592046366750362
3504080,35.04.13,2024,1078345.28,4463791465.0,66811.61175274849,6.195753159205973,3048296.2615087647,4364226062.114801,66062.2892588109,2.1671872938660215
3504080,35.04.13,2025,835249.0199,3947679733.0,62830.56368520021,7.522375026877924,780828.288002136,3994068102.306977,63198.64003526481,8.093794885040323
3504090,35.04.11,2018,863006.14,5603833864.0,74858.7594340168,8.674186192234599,2615265.953729907,5878296378.88736,76670.04877321626,2.931634874987341
3504090,35.04.11,2019,867472.1455,2125427782.0,46102.36200022728,5.3145639591291385,1269879.789294503,2561420076.4584937,50610.47397978499,3.9854539308718544
3504090,35.04.11,2020,892915.9143,9127041140.0,95535.54909037787,10.69927722872683,1346974.9766543263,8451002370.644614,91929.33357011034,6.824873153801886
3504090,35.04.11,2021,1140748.566,4311233876.0,65659.98687176232,5.755868455920751,2639016.885151545,4192687235.0673366,64750.963197989084,2.4536017015393505
3504090,35.04.11,2022,964861.1471,13216006566.0,114960.89146314062,11.914760150584224,2456920.1996443183,11778131018.951536,108527.09808592293,4.417200774434355
3504090,35.04.11,2023,1227058.218,9306544005.0,96470.43072879896,7.861927764604153,2202612.286116136,9748062199.130049,98732.2753669237,4.482508155850625
3504090,35.04.11,2024,1133353.556,4020256552.0,63405.4930743386,5.594502504418718,3046500.8974017543,3887198921.8992295,62347.40509355004,2.046525085442246
3504090,35.04.11,2025,1167206.446,27830417125.0,166824.509964813,14.292630968284852,878668.7410018668,32982237890.32212,181610.12606768962,20.668781941715142
3504100,35.04.10,2018,1128636.788,1115929123.0,33405.525336387094,2.9598118448348054,1825465.725999919,1172264067.7555647,34238.342070777384,1.8755949006943395
3504100,35.04.10,2019,944905.7526,6617368227.0,81347.20786234768,8.60902874583131,1256045.7351802196,6995824603.562855,83641.04616492345,6.65907648282588
3504100,35.04.10,2020,1194921.031,77856701510.0,279028.13748796016,23.35117804851492,1209038.679933888,78554045281.56555,280274.9458684553,23.181635998922808
3504100,35.04.10,2021,912166.2962,1427041096.0,37776.19747936523,4.141371769241789,4895969.989804556,1343891842.6830714,36659.130413623716,0.7487613382018938
3504100,35.04.10,2022,1341178.551,16584120092.0,128779.34652730616,9.601953925619123,2356600.253908222,16100302146.805159,126886.96602411596,5.38432285296094
3504100,35.04.10,2023,982490.2892,5436166163.0,73730.36120215335,7.504436635418436,2648905.4193442813,5585824878.141389,74738.37620755075,2.821481494271386
3504100,35.04.10,2024,1010890.306,24430233069.0,156301.73725522056,15.461790100025013,2477481.688802563,25769461226.03343,160528.6928434709,6.479510769706595
3504100,35.04.10,2025,1728821.919,70863853808.0,266202.65552394476,15.397922284437715,786266.4618170504,69979317121.61435,264536.0412526322,33.6445790452887
3504110,35.04.02,2018,877081.1316,11091589071.0,105316.61346150473,12.007625026590498,1425916.0804929477,11308957475.702631,106343.58220270103,7.45791310284806
3504110,35.04.02,2019,948139.84,7814104622.0,88397.42429505511,9.32324753857565,1222398.745483137,8112603770.794694,90069.99373151246,7.36829893390585
3504110,35.04.02,2020,1088487.205,16145619303.0,127065.41348061635,11.67357897244335,1474621.7098809532,16913333580.245499,130051.27288975491,8.81929731661512
3504110,35.04.02,2021,976369.0438,1472935024.0,38378.83562590194,3.930771450570844,2767545.272487979,1406928860.9197843,37509.05038680377,1.3553184029066934
3504110,35.04.02,2022,1236741.005,22925298366.0,151411.024585398,12.242743142926518,2641458.430284562,23977412385.481735,154846.41547508206,5.862156061202923
3504110,35.04.02,2023,1009532.505,17566517575.0,132538.73990271674,13.128724359669503,2916789.8355181906,17298656677.641117,131524.35773514013,4.50921612978584
3504110,35.04.02,2024,1581884.14,84852563727.0,291294.6338795138,18.414410165305398,3137770.4999402594,89790446918.84236,299650.54132913286,9.549791526653653
3504110,35.04.02,2025,1212188.94,30139600449.0,173607.60481326847,14.321827157841291,946754.0841027077,31355865966.56377,177075.87629760234,18.70347107775375
3504120,35.04.01,2018,1281921.943,35296098825.0,187872.56006399659,14.655538201049156,2186393.4813205814,39430298212.24366,198570.6378401491,9.082108940437038
3504120,35.04.01,2019,1302146.318,7059223218.0,84019.18363088278,6.452361187791094,1830121.5922432393,8259300588.485325,90880.69425618032,4.965828207337028
3504120,35.04.01,2020,1220383.244,6362078938.0,79762.64124262687,6.535868272100504,2059678.328098128,6295108177.494798,79341.71776244069,3.852141214482918
3504120,35.04.01,2021,1299690.053,5223987058.0,72277.15446806134,5.561106996335637,2728518.1057190644,4650211042.887425,68192.45590890113,2.4992487961127132
3504120,35.04.01,2022,2017838.283,3984337799.0,63121.61118824519,3.1281798804213286,2624037.0452637207,4311093181.170506,65658.91547360881,2.5022099284810198
3504120,35.04.01,2023,1851210.731,130000000000.0,360555.1275463989,19.47671983035836,3290055.941783592,155749824546.8052,394651.5229247256,11.995283056213891
3504120,35.04.01,2024,1401306.042,223997574.6,14966.548519949414,1.068042816584774,3448987.4348926186,233080045.193685,15266.959264820385,0.44265047504574945
3504120,35.04.01,2025,1218294.487,57445106034.0,239677.08700249175,19.67316519610022,1419565.9679753575,58228088224.59541,241304.96933257594,16.998503400073396
3504130,35.04.03,2018,1149961.009,33952009664.0,184260.71112421117,16.0232138030874,3217136.5429103216,39094079628.98308,197722.2284645383,6.145907263409859
3504130,35.04.03,2019,795407.8656,1481209511.0,38486.48478362242,4.838584888092716,1524330.4494283504,1368334316.531382,36991.003183630775,2.426704996774356
3504130,35.04.03,2020,901816.4476,2538946303.0,50387.957916549865,5.587385110423202,1244471.8688769762,2640616809.288395,51386.93228135335,4.129216060763626
3504130,35.04.03,2021,1413111.718,8035351128.0,89640.12008024086,6.3434560012785095,2651442.0768632675,8770401270.314259,93650.42055599247,3.532056060103852
3504130,35.04.03,2022,1943231.113,32867777396.0,181294.72522938994,9.32955035644234,3006514.234133241,34439634113.99368,185579.18556237302,6.172569664080579
3504130,35.04.03,2023,1842200.406,488000000000.0,698569.9678629192,37.920411133755834,3536443.5602348964,508952184104.79065,713408.8477898145,20.17305905321528
3504130,35.04.03,2024,1374356.817,67659628197.0,260114.6443339936,18.92628181535724,3867523.956586464,70536014840.63696,265586.17215630214,6.867085379109393
3504130,35.04.03,2025,1104675.352,9894032127.0,99468.74949952874,9.004342254893432,1159492.612016301,8837465469.092737,94007.79472518615,8.107666556125027
3504140,35.04.04,2018,1133319.67,16685616256.0,129172.81546827103,11.397738774645202,1566073.7627064781,14398845406.787819,119995.1890985127,7.6621671313321675
3504140,35.04.04,2019,956222.0037,41209505063.0,203001.2439937253,21.229509800886557,1053732.4717101627,42402196178.43355,205917.93554334587,19.541766157129985
3504140,35.04.04,2020,1073521.386,1012107640.0,31813.639213393995,2.9634844380635372,1101414.6460384207,934699226.4555869,30572.851133899614,2.7757803333979942
3504140,35.04.04,2021,1632294.068,65423613965.0,255780.40183915576,15.669995183683763,1815958.1633109064,58934638658.58842,242764.57455441973,13.368401291349382
3504140,35.04.04,2022,1334672.027,36404500706.0,190799.63497344538,14.295619531512468,2091974.6454325365,39089431357.74951,197710.4735661455,9.450901998158152
3504140,35.04.04,2023,1951405.14,161000000000.0,401248.0529547776,20.5620065628595,1745558.7611265865,165959845124.88626,407381.6946364751,23.33818280477423
3504140,35.04.04,2024,1932957.218,99372445988.0,315233.9543704009,16.308377207467036,2455528.8808598374,102843670221.60527,320692.4854461128,13.060016843858824
3504140,35.04.04,2025,1314114.169,9412830140.0,97019.74098089522,7.3829004564134815,1246372.256259345,8613139754.570515,92807.00272377356,7.446170456514261
3504150,35.04.08,2018,989463.7331,17115421795.0,130825.92172425157,13.221901657211085,1337526.6575545499,16444462723.76438,128235.96501670028,9.587544613963725
3504150,35.04.08,2019,809336.9599,5383655488.0,73373.39768608239,9.065865186133134,930295.7720934269,4769381697.70102,69060.71023165791,7.423521884470345
3504150,35.04.08,2020,1203445.897,28146621774.0,167769.54960301943,13.940763770207063,944828.9538960771,26404638980.31757,162495.04294075427,17.198355561680565
3504150,35.04.08,2021,1374453.18,4713270083.0,68653.25981335482,4.994950778414643,3034731.066738415,4982619028.280935,70587.66909511133,2.3259942163829233
3504150,35.04.08,2022,1163097.068,110000000000.0,331662.47903553996,28.51545998700256,2041769.4179308068,116486951542.89096,341301.84813869814,16.71598394712877
3504150,35.04.08,2023,1036386.241,19573221070.0,139904.3282747178,13.49924600887458,1635717.9643674325,17850693507.41881,133606.48751995096,8.168063836825285
3504150,35.04.08,2024,1111199.847,9361833227.0,96756.56684173948,8.70739562311508,1679347.4363305208,9815917010.392958,99075.3097920615,5.899631466883783
3504150,35.04.08,2025,1069783.559,721871963.6,26867.675068751298,2.511505700635964,802067.4165243942,623646047.192676,24972.90626244122,3.113566983017031
3504160,35.04.05,2018,689175.4265,4954034527.0,70384.90269226774,10.212915316745953,988861.5314164459,4663212984.823967,68287.72206498007,6.905691029073068
3504160,35.04.05,2019,721185.349,2217858487.0,47094.144933314165,6.530102836755515,709079.8506939276,2578948774.111372,50783.35134777314,7.16186636781104
3504160,35.04.05,2020,731175.2935,5685026320.0,75399.1135226403,10.31204338999459,772554.0800104527,6211100648.759327,78810.53640700161,10.20129702841454
3504160,35.04.05,2021,1006017.652,17542820479.0,132449.3128672248,13.165704657757319,1122261.6950129657,19493898044.37878,139620.55022230351,12.440997571488035
3504160,35.04.05,2022,1343157.14,130000000000.0,360555.1275463989,26.843852949804436,1281634.3497634237,114922654089.23544,339002.4396508607,26.450792280453232
3504160,35.04.05,2023,1519548.843,1628782673.0,40358.17975330404,2.655931722051532,1502260.210083833,1162051645.3470414,34088.878616743044,2.2691727030992004
3504160,35.04.05,2024,1173634.765,36604851983.0,191323.94513755981,16.301830078930887,1877956.8809435482,32522719558.416622,180340.56548213612,9.603019500188257
3504160,35.04.05,2025,1270193.087,31971633912.0,178806.13499541898,14.077082990408291,739465.644117018,30551045417.189945,174788.57347432626,23.637145939760057
3504170,35.04.09,2018,775624.5828,8658760689.0,93052.46202546175,11.997100670732088,1390613.9205589166,7990574153.978301,89390.01148885876,6.428096984167328
3504170,35.04.09,2019,615772.4113,3350185006.0,57880.78270030564,9.399703792852538,803975.0994319947,3407822984.84096,58376.561947762566,7.260991290526955
3504170,35.04.09,2020,689542.1659,36841855016.0,191942.32210744976,27.836197929523856,795534.440484008,39270918269.69069,198168.91347961387,24.91016144556189
3504170,35.04.09,2021,864657.0856,5079812453.0,71272.80303874683,8.242898164569997,1402252.1170724446,5346544841.982711,73120.07140301979,5.214473953205818
3504170,35.04.09,2022,832109.1368,13915964437.0,117965.94609038661,14.176739669515262,1340369.692720265,9990705133.507019,99953.51486319538,7.457160170515411
3504170,35.04.09,2023,1002317.538,37880418825.0,194628.92597196338,19.417890897162312,1184344.703335538,40026087229.10554,200065.20744273736,16.89248129191461
3504170,35.04.09,2024,1118638.573,47992039366.0,219070.85467035545,19.58370290082563,1376054.7994806296,42938682436.598206,207216.51101347644,15.058739745807149
3504170,35.04.09,2025,905188.046,2891078409.0,53768.74937173079,5.940064013144379,909541.8826595868,3266914305.127583,57156.927009134975,6.284144589582032
3504180,35.04.06,2018,954499.6316,40778900048.0,201937.86184863898,21.15641066410224,865972.9344727831,37427566190.73569,193462.05361965866,22.34042727183398
3504180,35.04.06,2019,994710.9488,8.37e-21,9.148770409186144e-11,9.197416013388656e-15,1226785.2700189615,1.3758134088235472,1.1729507273639193,9.561173874754707e-05
3504180,35.04.06,2020,1036305.175,8892304323.0,94299.01549327013,9.099541116666732,997478.1556669784,7452662366.150988,86328.80380354513,8.654706202144357
3504180,35.04.06,2021,969745.0992,9918287836.0,99590.60114287894,10.269771017666097,1579170.6465327065,9838113454.571583,99187.26457853137,6.2809719010615535
3504180,35.04.06,2022,1528615.303,22605392712.0,150350.89860722484,9.835757781055317,1307360.2891916677,20386025095.209755,142779.6382374243,10.921215782506598
3504180,35.04.06,2023,787233.7662,5778306597.0,76015.17346556541,9.655984883942777,1491364.027181414,6299524096.243858,79369.54136344658,5.321942860151329
3504180,35.04.06,2024,798717.8765,3992336616.0,63184.93978789566,7.910795744897248,1100570.0481517038,4160399435.473001,64501.158404117064,5.860704506036689
3504180,35.04.06,2025,901939.7367,10194664532.0,100968.63142580472,11.194609497440132,647249.6181047247,10133841159.01679,100666.98147365297,15.55303837311266
3504190,35.04.07,2018,552603.8792,4970154378.0,70499.3218265254,12.757659596705452,1053455.7952116819,4088766750.4755535,63943.46526796584,6.0698764541057
3504190,35.04.07,2019,821598.913,8458938808.0,91972.48940851825,11.19432949012656,1142263.0513733185,8226428857.274834,90699.66293914677,7.940348138732187
3504190,35.04.07,2020,737739.7281,1848492788.0,42994.10178152347,5.827814355647072,1934052.9022682062,2043781904.4409244,45208.20616260862,2.337485500504646
3504190,35.04.07,2021,941805.331,851894813.1,29187.23716112918,3.099073258604137,837347.9464041708,801287996.2982471,28307.030863342894,3.3805577460244547
3504190,35.04.07,2022,921481.9746,26014209021.0,161289.20925158012,17.503240833505515,1932745.839186572,24929638652.49763,157891.2241148875,8.169269901589265
3504190,35.04.07,2023,1477533.36,26877580704.0,163943.83399201083,11.095778845359593,1849061.0342960118,27021880334.96459,164383.33350727678,8.890097755473064
3504190,35.04.07,2024,894517.5461,15042879964.0,122649.41893054366,13.711236796335847,3002893.8760312605,14320085922.881594,119666.56142332157,3.985041308934883
3504190,35.04.07,2025,901668.5511,3153224916.0,56153.583287266716,6.2277411382221946,692330.5977204575,2918249986.512866,54020.8291912746,7.80275050230939
3505010,35.05.05,2018,359263.9602,1.4100000000000001e-22,1.1874342087037918e-11,3.305185992056522e-15,443083.2242811219,1.4046193163241685,1.1851663665174474,0.00026748166068356897
3505010,35.05.05,2019,808780.5437,1925542568.0,43881.0046375422,5.425576193610677,417984.0113258724,1715345309.5557718,41416.72741243291,9.90868700481063
3505010,35.05.05,2020,557247.6342,8615988112.0,92822.3470506968,16.65728867273795,795199.8540961826,10834011595.304474,104086.55818742627,13.089358310525617
3505010,35.05.05,2021,799352.2522,1069635970.0,32705.289633329958,4.0914740082757675,702190.3837934735,1285475856.2546883,35853.533385911745,5.105956192709256
3505010,35.05.05,2022,890869.6528,1601299365.0,40016.23876628087,4.491817477507509,937099.2872006159,1712979617.7759194,41388.15794132326,4.416624631629115
3505010,35.05.05,2023,878444.797,1199675626.0,34636.333899533885,3.942915254074171,869527.3724603861,1311141581.6281955,36209.689057325464,4.1642954786883495
3505010,35.05.05,2024,811666.136,2525070990.0,50250.08447754093,6.190979547967851,895402.8100078455,2504500886.7023067,50044.98862725724,5.58910336978044
3505010,35.05.05,2025,1507730.563,137000000000.0,370135.11046643497,24.549154839042348,676802.7323452651,128578755184.98892,358578.7991292694,52.981287159807664
3505020,35.05.08,2018,581360.7025,754373465.7,27465.860002919988,4.724409456093222,599411.9962383808,808235551.0308847,28429.48383335309,4.742895372759096
3505020,35.05.08,2019,403055.8479,1473466242.0,38385.755717453314,9.523681623142458,559239.5784928525,1509110132.9931474,38847.26673774034,6.946444463468324
3505020,35.05.08,2020,580440.8878,2576011726.0,50754.42567894942,8.744116196107406,575523.7423978599,2427477576.56949,49269.43856560058,8.560800352097479
3505020,35.05.08,2021,884980.9194,9480126503.0,97365.94118581712,11.002038467883505,1196085.9620442379,9685450926.716848,98414.68857196494,8.228061501847558
3505020,35.05.08,2022,768764.2586,5049694142.0,71061.1999757955,9.243561882703206,1149473.0837151147,5649778155.211115,75165.00618779403,6.539083624721301
3505020,35.05.08,2023,850402.8111,2465240139.0,49651.18466864612,5.838548981796294,901486.8780758606,2444319671.028088,49440.06139789966,5.484279649574584
3505020,35.05.08,2024,746123.452,9852751477.0,99261.02697937393,13.303566147572846,961870.2076563333,9081959079.131891,95299.31310944424,9.907710245194924
3505020,35.05.08,2025,1403541.698,3438986263.0,58642.870521487945,4.178206504662603,698285.3464248191,3965380133.112402,62971.26434424199,9.017984505424788
3505030,35.05.13,2018,443194.3593,1106245624.0,33260.27095499975,7.504669284945872,962293.1136431422,1289243718.512157,35906.04013967785,3.7312997080215293
3505030,35.05.13,2019,757427.3086,1226677905.0,35023.96186898335,4.62406906528368,497523.3572882464,1032926744.8047354,32139.177724464815,6.459832941239093
3505030,35.05.13,2020,1038600.943,102000000000.0,319374.38845342625,30.750442757245434,771821.7509230931,99741948125.11656,315819.4866139779,40.918707750365954
3505030,35.05.13,2021,1210337.589,10738101278.0,103624.81014699134,8.561645204509247,1750254.8136136404,9740261476.221325,98692.76303874224,5.638765411247608
3505030,35.05.13,2022,839836.7237,8470492368.0,92035.27784496552,10.95871081220326,1697247.568721043,8872728964.135609,94195.1642290389,5.549877694037261
3505030,35.05.13,2023,923882.0186,13751576650.0,117267.11666106574,12.692867086943188,1249024.4752751405,11612630855.650208,107761.91746461367,8.627686614457687
3505030,35.05.13,2024,909118.9022,10773418515.0,103795.07943539521,11.417107177534078,1439609.0896955978,8673862564.298784,93133.57377604912,6.469365499473334
3505030,35.05.13,2025,992522.6734,579527246.9,24073.372154727305,2.4254732712816742,665290.6390641604,554691565.6731664,23551.890915023498,3.540090530681909
3505040,35.05.20,2018,909433.0128,35352606500.0,188022.8882343849,20.67473751095666,616811.7595520791,37169303742.24198,192793.42245585553,31.256444039889846
3505040,35.05.20,2019,715593.8767,2531870533.0,50317.69602237368,7.031599579137886,692880.1584866304,2408608336.2117476,49077.574677358985,7.083126003283578
3505040,35.05.20,2020,971153.5524,17788559837.0,133373.7599267562,13.73353982973663,793279.6618785671,16823409263.109531,129705.08572569363,16.35048671467749
3505040,35.05.20,2021,976193.9155,6520457175.0,80749.34783018375,8.27185526851235,1638189.884557809,6956500053.004303,83405.63561896943,5.091328935991009
3505040,35.05.20,2022,826176.6672,28046736493.0,167471.59906384128,20.270676443988695,1324371.9189307543,32133855893.695507,179259.18635789774,13.535411299163194
3505040,35.05.20,2023,996325.341,25941320057.0,161063.09340441713,16.165712822556536,984666.7023186821,29730359767.042377,172424.93951584375,17.510995254518047
3505040,35.05.20,2024,645170.1973,3705319765.0,60871.3377953861,9.434927101426744,1221189.3000188838,4283225574.891416,65446.35646765537,5.359231076348552
3505040,35.05.20,2025,3092265.365,954000000000.0,976729.2357659824,31.58620365577785,541286.022792696,998192165967.6392,999095.6740811358,184.57814020883626
3505050,35.05.16,2018,870178.0582,2297754443.0,47934.89796588702,5.508630965143201,1402156.1504528949,2792138404.4981647,52840.68891013974,3.7685309794541966
3505050,35.05.16,2019,945996.7882,10636271880.0,103132.30279597174,10.901971770137534,700039.478084124,10014882817.83331,100074.3864224673,14.295534688465287
3505050,35.05.16,2020,1000723.157,35645706998.0,188800.70709083692,18.86642732010217,852317.2875657092,35772349359.57675,189135.79608201285,22.190773182860198
3505050,35.05.16,2021,1014810.995,23978202267.0,154848.9659862151,15.258897149238623,2041856.9355906493,21133274500.90042,145372.880899088,7.119640870286335
3505050,35.05.16,2022,845894.5263,4828585016.0,69488.02066543556,8.214738186021945,1367946.6743403447,4601405722.743836,67833.66216520996,4.95879433296776
3505050,35.05.16,2023,1017711.718,13090407323.0,114413.31794419739,11.242212890015814,925336.3377361903,11832018886.891634,108775.08394339043,11.755194247478236
3505050,35.05.16,2024,814804.7063,730444311.9,27026.73328206722,3.3169584163050168,1085730.9406351536,728121455.3984393,26983.725750875088,2.485305036539678
3505050,35.05.16,2025,1109813.709,18594452906.0,136361.4788200832,12.286880015471425,757920.3342057761,16401874887.31638,128069.80474458598,16.897528534946908
3505060,35.05.12,2018,874903.841,17672488934.0,132937.91383198398,15.194574260873999,1132591.5769725372,18553665083.76552,136211.8390000132,12.026562952561672
3505060,35.05.12,2019,700851.7634,2927822697.0,54109.358682209495,7.720514024208488,780237.8370857186,2864056095.221286,53516.87673268392,6.859046586688981
3505060,35.05.12,2020,893159.106,27722459462.0,166500.62901382684,18.641765828206967,806110.0849133212,26785713911.72327,163663.41653443285,20.302861804790734
3505060,35.05.12,2021,1069256.773,768865285.2,27728.420171369304,2.5932424158111274,1649059.2518533128,721772157.8131316,26865.8176464654,1.629160238861761
3505060,35.05.12,2022,917865.2972,9969029551.0,99845.02767288915,10.877960848663964,1505420.4270891617,9736572389.850286,98674.07151754855,6.554585665370699
3505060,35.05.12,2023,961380.5445,7753615973.0,88054.6192598662,9.159184649993321,1241393.3512798708,6796735853.027553,82442.31833850594,6.641111639071394
3505060,35.05.12,2024,1051706.502,17348849769.0,131715.0324336596,12.52393440405483,1409028.5728459998,14287140743.087315,119528.82808380293,8.483066304494796
3505060,35.05.12,2025,1063740.544,25332083237.0,159160.55804438484,14.962347627165826,883471.4846545815,26027642351.73643,161330.84748967394,18.2610135462098
3505070,35.05.04,2018,1007185.896,65564924500.0,256056.486932083,25.42296193274762,2423162.384033344,69259815922.94,263172.59721129783,10.86070826063452
3505070,35.05.04,2019,766331.4483,2420851188.0,49202.14617270267,6.4204785386076475,1104936.9919921334,2523261243.378607,50232.073851062596,4.546148261404232
3505070,35.05.04,2020,931279.8305,27511836120.0,165866.92292316753,17.810642675909165,994340.2015208579,21644781667.40099,147121.65601093875,14.795907455608656
3505070,35.05.04,2021,979048.7741,3276564631.0,57241.284323467095,5.846622337695759,2204238.102934828,3474257106.257797,58942.82913347303,2.6740681532994883
3505070,35.05.04,2022,877671.5803,26004100689.0,161257.8701614281,18.373372657948885,1928120.407798563,28219864126.85838,167987.6904027744,8.71251036622629
3505070,35.05.04,2023,1006760.825,30657256918.0,175092.13836720368,17.39163205592586,1639208.7733467976,33093097167.62709,181915.08229838198,11.09773722885604
3505070,35.05.04,2024,1027002.132,20970025559.0,144810.30888372555,14.100292917768309,1931006.8597538366,20790390030.06394,144188.7305931498,7.467023219768929
3505070,35.05.04,2025,1396104.705,6185945512.0,78650.78201772695,5.633587633939458,791410.6818700347,5943068391.970556,77091.2990678621,9.740998047398357
3505080,35.05.10,2018,1015223.426,30503605248.0,174652.81345572422,17.203386858778437,3195732.0850497955,28932975995.50141,170096.9605710267,5.322628932718441
3505080,35.05.10,2019,954696.6895,9735967821.0,98671.0080064048,10.335325249538826,1568737.6197909229,10832748669.867819,104080.49130297099,6.634665350655807
3505080,35.05.10,2020,866549.5898,5023898219.0,70879.46260377544,8.179504489770107,1374614.9144322956,5019302070.754882,70847.03290014961,5.1539549117586025
3505080,35.05.10,2021,1321188.793,35767856714.0,189123.91893676485,14.314677806744372,6941046.306833919,37036416020.839195,192448.47627570137,2.7726147869986564
3505080,35.05.10,2022,1256481.312,36104004108.0,190010.53683414508,15.122432384744064,4773816.7360452665,35060064701.79726,187243.33019308661,3.9222982478418946
3505080,35.05.10,2023,979150.7917,1835739111.0,42845.52614917922,4.375784252269345,4390513.853700743,1993744142.9388297,44651.3621621875,1.0169962708249076
3505080,35.05.10,2024,1256556.311,37497067631.0,193641.5958181506,15.41049884696736,4550093.08784823,39524800943.39921,198808.45289725286,4.3693271557059665
3505080,35.05.10,2025,1186404.624,14860372132.0,121903.12601406085,10.275004290109784,702150.9715337673,11589653099.905376,107655.25114877294,15.332208529685937
3505090,35.05.14,2018,865021.8393,20297061483.0,142467.7559414761,16.469844976025694,2415985.3617707053,19237740647.924397,138700.1825807176,5.740936380469728
3505090,35.05.14,2019,804956.2695,7540657889.0,86836.96153712427,10.787786222357544,1136686.4496080521,9023161237.403667,94990.32180913836,8.356774363052587
3505090,35.05.14,2020,656635.8769,5204581576.0,72142.78602881926,10.986726215662745,1021446.0310161002,5243787134.598392,72413.99819508927,7.0893611601833
3505090,35.05.14,2021,943005.0768,850851527.7,29169.35939817671,3.0932346087849516,2488894.349788341,890697846.5182884,29844.561422783354,1.1991092119005122
3505090,35.05.14,2022,808158.6913,1205578573.0,34721.442553557594,4.296364430320592,2412280.2892334303,1248045276.1936927,35327.68427442836,1.464493343999205
3505090,35.05.14,2023,818508.1549,25090831560.0,158400.8571946503,19.35238595319832,2169580.9995418116,22213807524.33123,149042.9720729268,6.8696661753768495
3505090,35.05.14,2024,922729.7564,7934196604.0,89074.10737133435,9.653325554261311,2569804.5232904265,6364677226.465354,79778.92720803755,3.104474542129263
3505090,35.05.14,2025,1420566.047,43691437895.0,209024.9695490948,14.714202834181547,749697.7839957557,46097166137.16242,214702.50612687878,28.638540850761572
3505100,35.05.22,2018,795994.8611,38230032514.0,195525.01761667227,24.56360300448079,2425688.4061055398,37817136388.322754,194466.28599405798,8.016952445523495
3505100,35.05.22,2019,757794.413,4384014491.0,66211.89085806264,8.737447746010586,820240.628555511,4068487465.9529657,63784.69617355691,7.7763395219626315
3505100,35.05.22,2020,1016749.294,4205127566.0,64846.95494778456,6.377870663934246,673235.0303064086,4587772036.020433,67733.09409749738,10.060839238663814
3505100,35.05.22,2021,939097.6988,2.2e-21,4.6904157598234296e-11,4.994598289205636e-15,1158196.987161324,1.4876120249272922,1.2196770166430506,0.00010530825327325457
3505100,35.05.22,2022,710985.6751,4.6699999999999993e-23,6.8337398253079546e-12,9.611642069084993e-16,876864.5348273324,1.146090533914486,1.070556179709634,0.00012208911835172377
3505100,35.05.22,2023,810798.9176,7.52e-22,2.7422618401604178e-11,3.3821725468968703e-15,999965.0353290633,1.277851096924418,1.1304207610108803,0.00011304602871828288
3505100,35.05.22,2024,942669.2351,2.2400000000000003e-21,4.732863826479693e-11,5.020704665277023e-15,1162601.7925266067,1.2121736231937814,1.1009875672294314,9.470031564605856e-05
3505100,35.05.22,2025,1115935.345,78642301361.0,280432.3472087341,25.12980240882451,669307.4522514269,68087138029.47437,260935.12226121337,38.985838478785155
3505110,35.05.19,2018,665171.3159,6924056168.0,83210.91375534823,12.509696639994308,2309610.613310754,6537749974.898125,80856.35395501163,3.5008651886608106
3505110,35.05.19,2019,729291.8764,4824027724.0,69455.22099885652,9.523652085871023,953089.1745564793,3987721268.537318,63148.40669832706,6.625655645256197
3505110,35.05.19,2020,724883.0069,3044664526.0,55178.47883006562,7.612053021637141,906958.4265145686,2720648849.896982,52159.83943511504,5.751072806673702
3505110,35.05.19,2021,1126804.067,11655389338.0,107960.12846416958,9.58109148040283,3308482.8700023578,10543450137.42706,102681.30373844627,3.103576707905793
3505110,35.05.19,2022,773436.1137,2699228973.0,51954.10448655621,6.717310397883508,2683335.972143965,2216982226.0306926,47084.840724278685,1.754712835555149
3505110,35.05.19,2023,1000655.879,45506189567.0,213321.7981524626,21.31819765708513,2028281.6635914813,43659220197.39939,208947.88871247153,10.301719552228619
3505110,35.05.19,2024,961715.3121,10788321597.0,103866.84551385972,10.800165517491475,2551606.62085633,10176580375.557846,100879.03833581011,3.9535497953032697
3505110,35.05.19,2025,1047439.171,22540049087.0,150133.43760468552,14.33338009130895,624895.7563291717,23079338183.50454,151918.8539434936,24.311071471490106
3505120,35.05.21,2018,923735.4095,20820844929.0,144294.29971069543,15.620739253548713,1543835.3560155078,19328443536.396442,139026.7727324361,9.00528493473883
3505120,35.05.21,2019,635058.9727,4.78e-21,6.913754406977441e-11,1.088679115513179e-14,783223.5025075396,1.5109567984057324,1.2292098268423224,0.00015694240825344608
3505120,35.05.21,2020,805621.2983,12824782892.0,113246.55796976789,14.057046183949911,758286.151679705,11546823279.479996,107456.14584322293,14.170922890414554
3505120,35.05.21,2021,1218646.743,7618366787.0,87283.25605177663,7.16230987799691,1994289.0413267585,7373072795.1516905,85866.59883302523,4.305624563623937
3505120,35.05.21,2022,1783551.426,26443822221.0,162615.56574018367,9.117514828539834,1861334.7563578843,32147399962.462433,179296.96027111678,9.632708982555679
3505120,35.05.21,2023,1334977.632,14715806074.0,121308.72216786392,9.086947920327695,2076681.53712075,14749974454.17837,121449.47284438237,5.848247344307208
3505120,35.05.21,2024,1729246.672,16427429850.0,128169.53557690688,7.411871172125458,1958788.1954496698,14177492740.18634,119069.2770624998,6.078721392088317
3505120,35.05.21,2025,1666139.138,16800747932.0,129617.6991463743,7.779524302031869,977173.2532858773,15661562105.585346,125146.16296788865,12.806957471161612
3505130,35.05.18,2018,923365.218,6.41e-21,8.006247560499238e-11,8.670726820142405e-15,1138793.9879990253,1.4432699149165236,1.2013616919631338,0.00010549420743553856
3505130,35.05.18,2019,944854.3871,2745809014.0,52400.46768875255,5.545877587506684,1127237.4956576065,3089355545.825947,55581.97141003499,4.930812861012013
3505130,35.05.18,2020,901457.6501,22355240628.0,149516.69013190467,16.5861025324172,1213476.9005635788,23970930009.566162,154825.48242962515,12.758832274245934
3505130,35.05.18,2021,855637.5032,6400426122.0,80002.66321817043,9.350065058972795,1867242.9023582942,7690848485.914354,87697.48277980591,4.696629595916288
3505130,35.05.18,2022,802401.38,11480323068.0,107146.26950108903,13.353201050213675,1616236.8010285117,11112996448.22631,105418.19789877984,6.522447566575375
3505130,35.05.18,2023,777954.1416,1916012399.0,43772.27888744199,5.626588579812246,1436866.1991567146,1942279911.8426406,44071.30485749929,3.0671822389144094
3505130,35.05.18,2024,1057808.243,9242141253.0,96136.05594676745,9.088230932491177,1557075.0317146613,10454072124.638226,102245.15697400158,6.56648876203535
3505130,35.05.18,2025,1344684.539,6385580827.0,79909.82935158853,5.942645061645088,936376.2667967414,6543369341.753471,80891.09556529365,8.63873833987856
3505140,35.05.17,2018,1086967.139,16261868737.0,127522.03235911824,11.73191238112657,2017210.232144718,16468567146.460371,128329.91524372005,6.361752146541434
3505140,35.05.17,2019,1046421.052,2101610345.0,45843.32388690855,4.380963456276924,1418649.528761938,2246872534.9158506,47401.18706230732,3.3412894517840885
3505140,35.05.17,2020,1160579.227,54234471925.0,232882.95756667125,20.066097354564423,1401884.8511393268,54317631977.40713,233061.43391262126,16.624862856832337
3505140,35.05.17,2021,910497.0508,6121812796.0,78242.01426343777,8.593329785603494,2746283.687374655,5688008517.579099,75418.88700835554,2.7462161813462607
3505140,35.05.17,2022,1088483.049,78124645121.0,279507.8623598986,25.678660096423656,2041987.565598455,65550855561.6182,256029.0131247203,12.538225865723362
3505140,35.05.17,2023,1388516.319,4941755774.0,70297.622818983,5.062786937182767,2072310.2899802441,4314676503.903716,65686.19720994447,3.169708586959276
3505140,35.05.17,2024,1115580.759,20524654192.0,143264.2809356191,12.842125483056947,2648354.9388588336,19123033376.80607,138286.05633543126,5.2215831913760855
3505140,35.05.17,2025,1486117.323,252000000000.0,501996.0159204453,33.779029969657735,1100841.9782260905,228761408150.3876,478290.0878654999,43.447660729310314
3505150,35.05.15,2018,588761.0938,7261926306.0,85216.93673208395,14.473941574854102,1672950.2466277953,6503195097.515917,80642.39020215061,4.820369904287551
3505150,35.05.15,2019,994157.3069,15086472307.0,122827.00153874961,12.354885960829588,862225.3929758542,12975209528.697752,113908.7772241356,13.211020940939221
3505150,35.05.15,2020,984370.4265,29840623278.0,172744.3871099724,17.548717683868002,1353941.6515171875,32254300866.428974,179594.8241638076,13.264591126401859
3505150,35.05.15,2021,1128070.174,17216696306.0,131212.4091159064,11.631582160411448,2572098.4752782984,18181405776.55248,134838.44324432287,5.242351509490066
3505150,35.05.15,2022,1351993.826,35484079744.0,188372.18410370464,13.932917479440077,2122273.3474580357,30424240488.51438,174425.4582580031,8.21880265644961
3505150,35.05.15,2023,1786060.902,180000000000.0,424264.0687119285,23.75417704048305,2326168.549719771,181965397716.34653,426574.02372430806,18.338053094892743
3505150,35.05.15,2024,2057813.635,144000000000.0,379473.31922020554,18.440606708304056,2919341.321795973,133402480759.21266,365243.04340974474,12.511145602702186
3505150,35.05.15,2025,1550349.567,17026774939.0,130486.68491076014,8.416597629866022,1422204.257742994,19013257567.901493,137888.56938811677,9.695412500518232
3505160,35.05.11,2018,838390.293,13550083167.0,116404.82450053348,13.884323980422502,1960046.8221400485,15491042793.766556,124463.0177754282,6.350002273901553
3505160,35.05.11,2019,828706.4805,13571569390.0,116497.07889041681,14.057700963087475,1507171.1787111927,14086237425.363874,118685.45582911107,7.87471638958761
3505160,35.05.11,2020,1118313.78,35474762443.0,188347.45138440287,16.842093404625924,1696694.9224784102,37253265869.46599,193011.05115890643,11.375707477038343
3505160,35.05.11,2021,1248677.082,50589267055.0,224920.57943860983,18.01270982553437,2499330.865374588,42913682557.61315,207156.1791441741,8.288465605498233
3505160,35.05.11,2022,1070198.172,14291521386.0,119547.15130859455,11.170562091802427,2640753.106264343,14925996833.165703,122171.99692714245,4.626407392547543
3505160,35.05.11,2023,1128533.892,10391588275.0,101939.14005425002,9.032882466081047,2254657.8501097574,10535696741.898302,102643.54213440952,4.552510800226864
3505160,35.05.11,2024,1216285.939,41236708109.0,203068.23510583825,16.69576442467105,2652409.4175686445,40216596747.28679,200540.76081257593,7.560701582653988
3505160,35.05.11,2025,1449020.15,55390835279.0,235352.57652934245,16.242187972979014,850310.9365787985,46831978177.6529,216406.97349589478,25.450334011532533
3505170,35.05.09,2018,767669.037,2173995163.0,46626.121037461395,6.073726930510732,2079190.8673228303,1942839985.9993317,44077.65858118296,2.1199428717161224
3505170,35.05.09,2019,880500.0896,7646880858.0,87446.44565675611,9.93145221557921,1139505.4309088276,7187774921.830362,84780.74617405984,7.440135331908144
3505170,35.05.09,2020,730059.5886,4283500652.0,65448.457980306914,8.9648104075743,1175816.1615015932,4578584929.476946,67665.24166421742,5.754746692527558
3505170,35.05.09,2021,1072199.543,44276777178.0,210420.47708813893,19.625122810571735,3592363.6775570214,43924432764.489105,209581.565898552,5.834085429821445
3505170,35.05.09,2022,740669.1523,9784984298.0,98919.07954484817,13.35536645986602,3283460.4069077815,10967000194.720453,104723.44625116409,3.1894231473248684
3505170,35.05.09,2023,1101022.595,27092683719.0,164598.55321053098,14.949607206792246,2582902.040316811,25562895138.948345,159884.0052630292,6.190091717276986
3505170,35.05.09,2024,842786.228,2746580988.0,52407.833269464594,6.218401716628976,3999114.4485963746,2675099245.400414,51721.36159654359,1.2933203653298035
3505170,35.05.09,2025,1203396.995,6637532984.0,81471.05611197144,6.770089708589594,508991.70042169024,6523507216.431097,80768.23148015002,15.86828064450462
3505180,35.05.07,2018,915620.0818,7298487332.0,85431.18477464771,9.33041842056371,2115680.927493576,6374123701.548997,79838.1093310018,3.7736365769286935
3505180,35.05.07,2019,768487.7353,8110903370.0,90060.55390680206,11.719192092459938,1096802.3458326224,9057635238.668602,95171.60941514335,8.67718871834607
3505180,35.05.07,2020,919102.6781,15769262667.0,125575.72483167278,13.662861378150604,1005290.2369045602,14196221348.548939,119147.89695394937,11.852089334998782
3505180,35.05.07,2021,1011713.492,130733096.2,11433.857450571964,1.1301477682153878,2186975.1024917345,152469581.6715829,12347.857371689346,0.5646089595451174
3505180,35.05.07,2022,1022522.951,90535.79423,300.89166527173865,0.02942639722438256,1946559.7264611472,93298.43741314427,305.44792913546536,0.01569168030054597
3505180,35.05.07,2023,1007386.569,2931708157.0,54145.250548870856,5.374823549873123,1846718.8593341785,3169218590.103152,56295.81325554461,3.0484235849436043
3505180,35.05.07,2024,982182.0258,126164559.1,11232.299813484324,1.1436067366774982,2010534.2662650507,118718472.65621668,10895.800689082775,0.5419355875651796
3505180,35.05.07,2025,1933853.644,68758623175.0,262218.6552764696,13.559384707836225,870840.7471192598,72631612754.1261,269502.52828893106,30.94739528213914
3505190,35.05.06,2018,810002.6458,6154807436.0,78452.580811596,9.685472167083136,4950619.395230694,5855977695.915755,76524.36014705223,1.5457532489929227
3505190,35.05.06,2019,840199.4066,5392397766.0,73432.94741463126,8.739942784747887,1753913.3488824845,4623115956.731961,67993.49937113078,3.8766738057186925
3505190,35.05.06,2020,684443.5323,4388870450.0,66248.55055018186,9.679184245858913,1554749.8408681143,4315875859.1583805,65695.32600694193,4.225459574272097
3505190,35.05.06,2021,1029234.214,27790446241.0,166704.66772409223,16.196961338490077,4319556.117224389,32313421341.836967,179759.34284992525,4.161523498517088
3505190,35.05.06,2022,739084.6856,1959534670.0,44266.6315637411,5.989385577351639,3771647.312930532,1947901371.2507129,44135.035643473915,1.1701792872351429
3505190,35.05.06,2023,1011307.445,14129765333.0,118868.68945605482,11.753961670484372,2913570.2740304624,15145689282.62228,123067.82391276072,4.22395248227584
3505190,35.05.06,2024,1001200.947,6881777798.0,82956.48135016335,8.285697451519026,3959047.312881649,6406973326.711112,80043.5714265119,2.021788705734134
3505190,35.05.06,2025,1317022.104,39559083488.0,198894.65424691534,15.101846327623619,1069392.7426410778,40675491275.359344,201681.65825220532,18.859456419548202
3505200,35.05.03,2018,871101.8836,30988712305.0,176036.11079832455,20.20844106900799,2378307.514083532,32129867386.182133,179248.06103883559,7.5367907630695035
3505200,35.05.03,2019,938940.3708,8965063602.0,94684.01978158722,10.084135556011308,1128669.865484093,8121771543.460516,90120.87185253212,7.984697262549731
3505200,35.05.03,2020,1067203.215,18615207724.0,136437.5597993456,12.784590402432922,1126336.9014267707,20438927962.43398,142964.77874789294,12.69289664280682
3505200,35.05.03,2021,984394.5119,539183633.6,23220.328025245468,2.3588437099702473,5630435.453351695,501779326.49748766,22400.431390879232,0.3978454522117763
3505200,35.05.03,2022,882025.5774,239220661.9,15466.759903095412,1.7535500442841707,2614804.1094940323,225113980.868563,15003.798881235478,0.5738020231327665
3505200,35.05.03,2023,1107698.726,7407887386.0,86069.08496086152,7.770080703411544,2305566.6187871313,6693946696.721683,81816.5429281981,3.548652303581607
3505200,35.05.03,2024,1014330.287,423755394.4,20585.31987606702,2.029449395319793,2845424.1961824414,435383743.368635,20865.851129743904,0.7333124937131883
3505200,35.05.03,2025,1423181.347,4430730789.0,66563.73478854683,4.677108432376526,674316.2311546581,4217714468.4524226,64943.93326903155,9.63107964312612
3505210,35.05.01,2018,593545.3165,2229669067.0,47219.371734490494,7.955478785163744,2329468.789047816,2132664722.1743643,46180.78303985722,1.9824598319144637
3505210,35.05.01,2019,1126918.931,8915391373.0,94421.3501968702,8.378717190692948,764369.5761137926,11189351866.812893,105779.73277907679,13.838820393255583
3505210,35.05.01,2020,924220.1632,4568444029.0,67590.26578583635,7.3132212947847055,1019295.3576339536,4188586103.099902,64719.2869483271,6.349414471832501
3505210,35.05.01,2021,1233119.872,27668453211.0,166338.3696294995,13.489229506918491,3987009.3279651846,31020425255.48764,176126.16289321595,4.417500647862892
3505210,35.05.01,2022,1013992.668,6905048455.0,83096.62120086471,8.194992313382755,2514983.24653088,6724215987.945278,82001.31698909035,3.260511460750341
3505210,35.05.01,2023,1056603.739,13427081515.0,115875.2843146458,10.966768338744805,2089551.1875973777,13759582522.674166,117301.24689309218,5.6137053540175925
3505210,35.05.01,2024,1340440.224,30701599744.0,175218.71973051282,13.071729465685808,2390828.4147279365,34560060998.42275,185903.36467751936,7.775688273249595
3505210,35.05.01,2025,1491537.399,18146033468.0,134707.21386770642,9.031433872058505,741439.2825594736,17464009353.670303,132151.4636834201,17.823639344711914
3505220,35.05.02,2018,942491.3826,3710329029.0,60912.470225726356,6.46292065373483,2117856.2344949264,3441047927.4795666,58660.44602182604,2.7698030237550846
3505220,35.05.02,2019,722890.814,2056240573.0,45345.78892245673,6.272840662000269,791499.2883523105,2074687768.9246247,45548.74058549396,5.754741824255361
3505220,35.05.02,2020,1039319.929,28131215598.0,167723.62862161073,16.137824739201236,616965.7742352841,31697599303.16068,178038.1961916057,28.857062032700316
3505220,35.05.02,2021,1050398.999,948162205.1,30792.242612385347,2.9314805746863954,2585605.126323698,920497560.4067155,30339.702707948796,1.1734082052616759
3505220,35.05.02,2022,1030238.939,41998060282.0,204934.28283720612,19.891917794926805,1572292.8695773557,42308921551.86057,205691.3259033073,13.08225266954233
3505220,35.05.02,2023,1036763.645,27109227731.0,164648.80118300286,15.881035371663987,1389687.1529646346,25230667124.780155,158841.6416585404,11.430028788830768
3505220,35.05.02,2024,1141088.42,314900711.8,17745.44200069415,1.555132949354981,1571770.72059757,359598031.70752114,18963.070207841374,1.2064781433663443
3505220,35.05.02,2025,1512300.548,32386877948.0,179963.54616421627,11.899985515591856,666432.0022060496,30476741530.94596,174575.8904629902,26.195604335491417
3506010,35.06.02,2018,837595.9685,2043175500.0,45201.49886895345,5.396575505240562,2214293.54478476,2057896316.8413491,45364.04211312468,2.0486914311776254
3506010,35.06.02,2019,689303.4791,2200969079.0,46914.486877722535,6.806071389481041,1686494.1807719574,2044285026.506057,45213.77031951723,2.6809324831954995
3506010,35.06.02,2020,762890.947,5772533644.0,75977.19160379647,9.959115638030564,1523997.7457463115,5231562156.904433,72329.5386194633,4.746039738007819
3506010,35.06.02,2021,965230.3521,4742532921.0,68866.05056920282,7.134675201559363,10639779.964063771,4570227452.550957,67603.45740086788,0.6353839800183925
3506010,35.06.02,2022,901224.6273,4883806175.0,69884.23409467975,7.75436356017562,5862179.007272581,4632113156.73296,68059.62941959764,1.1609954137388727
3506010,35.06.02,2023,810269.6889,2857275928.0,53453.49313188054,6.597000216612761,4996951.244519238,2727886642.8785076,52229.17425039867,1.045220809542313
3506010,35.06.02,2024,913188.2028,2988425387.0,54666.49236049447,5.986333615883027,5441710.90115747,2874967027.3213744,53618.71900112287,0.9853283273412776
3506010,35.06.02,2025,1281764.436,91811978148.0,303004.91439578997,23.639672461296936,536139.2012298733,91809761197.23494,303001.25609844417,56.51540782755229
3506020,35.06.01,2018,1173055.739,28928466391.0,170083.70407243606,14.499200542459137,1221376.7142204568,30495433128.95051,174629.41656247526,14.297752243781103
3506020,35.06.01,2019,993514.5438,27252078851.0,165082.03673022694,16.61596579138341,1243405.170226815,25388766041.096954,159338.52654363587,12.814690686429287
3506020,35.06.01,2020,826436.2564,26181654518.0,161807.46125565408,19.57894029970272,1226727.1944737923,25733674205.89966,160417.1880002254,13.076842897335194
3506020,35.06.01,2021,1093150.574,15459038671.0,124334.38249736073,11.373948425275284,3018409.5569240293,15173607273.876387,123181.19691688495,4.080996783034812
3506020,35.06.01,2022,1323598.306,39180538346.0,197940.74453229684,14.95474447458962,2461479.836474512,45355712215.73714,212968.8057339317,8.652063794231976
3506020,35.06.01,2023,928121.8939,1075833071.0,32799.89437482993,3.534007180565868,2341783.7804568484,1085833966.1571276,32951.99487371178,1.4071322531443669
3506020,35.06.01,2024,1340410.037,7557679823.0,86934.91716795962,6.485695777280995,2278534.727464825,8203944019.797297,90575.62596966856,3.975169870263337
3506020,35.06.01,2025,786512.4336,54067440883.0,232524.06516960775,29.56394015353399,818109.0461351619,56706047234.24201,238130.31565561326,29.107405275686332
3506030,35.06.04,2018,1209591.781,31311682328.0,176951.07326037897,14.628991039777823,1595061.8618940208,24675001661.06081,157082.7860112648,9.84806857739927
3506030,35.06.04,2019,842644.9872,7205026444.0,84882.42718018848,10.073332004530375,1305483.9313320008,7554267093.278913,86915.2868791153,6.657706371799965
3506030,35.06.04,2020,821442.0381,9851184893.0,99253.13543158221,12.082792312547731,1161030.9124719417,8877971628.701302,94222.98885463834,8.115459101259322
3506030,35.06.04,2021,1023647.689,3560007019.0,59665.79438002984,5.828743133129843,2501349.225581455,3574570185.067472,59787.709314435786,2.390218395055882
3506030,35.06.04,2022,961742.0222,5918066681.0,76928.97166217679,7.998919656874362,2253047.917378497,5880148208.309918,76682.12443790221,3.4034839581718552
3506030,35.06.04,2023,742651.2983,1729297258.0,41584.82004289546,5.599508159224538,1886857.0695214467,1408517619.8080764,37530.22275191124,1.9890336877201744
3506030,35.06.04,2024,811007.1816,6443457031.0,80271.14693960713,9.897710989592442,1901615.195557939,6800383830.094111,82464.43979130709,4.336547161799041
3506030,35.06.04,2025,1007000.707,23317125131.0,152699.46015294225,15.163788773083976,649109.9845694754,24769716422.79093,157383.97765589398,24.246118746775938
3506040,35.06.03,2018,1134092.795,161000000000.0,401248.0529547776,35.38053100450018,1176255.884520802,143640378236.0167,378999.1797300051,32.22081051559683
3506040,35.06.03,2019,789007.9374,1113649060.0,33371.38085246099,4.22953677277683,1303726.2862131882,1110176336.183316,33319.30875908616,2.555698163904146
3506040,35.06.03,2020,724447.8174,2914595048.0,53986.98961786997,7.452157121768418,1229511.069927354,2703997738.260773,51999.978252502886,4.229321681143978
3506040,35.06.03,2021,1014776.801,2638064283.0,51362.08993995474,5.061417435769182,2549518.2861584234,2480852745.3119493,49808.15942505755,1.9536302091054132
3506040,35.06.03,2022,1110464.073,3402759193.0,58333.17403502059,5.253044691255003,2320421.3640718474,3843999671.712067,61999.99735251661,2.6719283968201264
3506040,35.06.03,2023,910582.655,1653721629.0,40665.976306981735,4.465929159059343,2282414.5096217776,1802972434.46115,42461.42289727406,1.8603729830087001
3506040,35.06.03,2024,949892.2762,87111708.47,9333.365334647518,0.9825709260407101,2356489.159258145,81838348.88386248,9046.455045146828,0.3838954662534826
3506040,35.06.03,2025,954825.6306,18652913730.0,136575.67034431864,14.303728970754195,691451.2802332735,18488818341.461376,135973.5942801446,19.66495661621618
3506050,35.06.23,2018,633835.6945,11118220691.0,105442.97364452503,16.63569511144422,1085957.146345967,11286493342.629524,106237.90915972285,9.782882272766711
3506050,35.06.23,2019,669395.134,3196969188.0,56541.74730232521,8.446692309287867,675304.1847362195,2838995738.82573,53282.22723221815,7.89010766356064
3506050,35.06.23,2020,997351.68,5861499127.0,76560.42794420627,7.676372284669562,750454.2306204645,5232663787.49718,72337.15357613389,9.63911596798203
3506050,35.06.23,2021,948530.0354,9357340226.0,96733.34598782366,10.198237523077559,2179644.6058724923,9543799992.631195,97692.37428085774,4.482032255058955
3506050,35.06.23,2022,1399910.338,12623012736.0,112352.18171446427,8.025669835039412,1488353.9676579097,12987770202.85955,113963.89868225617,7.657042690025614
3506050,35.06.23,2023,1376317.417,5434313727.0,73717.79789847226,5.356162538374116,1592631.6500962873,5479193722.960932,74021.57606374598,4.647752420295728
3506050,35.06.23,2024,1182317.703,7786152645.0,88239.1786283168,7.463237537966291,1814984.4028611996,6684722625.34802,81760.15304136863,4.504730338865684
3506050,35.06.23,2025,1215139.319,2938326079.0,54206.32877257046,4.460914721875645,704056.6787926275,3869251364.4143357,62203.30670000057,8.834985672839828
3506060,35.06.05,2018,773912.1022,11830610467.0,108768.60975023998,14.05438801655168,1322985.6011011726,10761571257.347738,103737.99331656526,7.841203504423637
3506060,35.06.05,2019,864761.0093,4863226215.0,69736.83542432937,8.064289980046556,827647.5261961132,4251201146.6594386,65201.23577555443,7.877898949957693
3506060,35.06.05,2020,984730.8338,7152314289.0,84571.35619700089,8.588271362504877,1002037.7532448475,7450986928.713491,86319.09944336474,8.614356012419893
3506060,35.06.05,2021,759713.6243,593995656.2,24372.026099608545,3.2080543668102472,1180966.8817275804,678610124.9880922,26050.146352527314,2.2058320817955357
3506060,35.06.05,2022,963074.9021,3579797383.0,59831.40799780664,6.212539426304571,1130223.8475900379,3558192643.161897,59650.587953195376,5.277767592710734
3506060,35.06.05,2023,745575.281,16782450991.0,129547.09950824836,17.375455277231538,1126965.612560786,16346751731.37505,127854.41615906371,11.345014855292892
3506060,35.06.05,2024,760873.4573,14297218277.0,119570.97589716327,15.71496215960368,1145958.426816614,14403921807.589224,120016.33975250713,10.473009922873333
3506060,35.06.05,2025,759538.6661,14992896699.0,122445.48460029058,16.121033736045444,704796.7655484135,14038665922.111034,118484.87634340103,16.81121170458353
3506070,35.06.06,2018,711440.7466,9777840391.0,98882.96309779557,13.898973817617374,1339402.2846417655,9923921300.640322,99618.88024185135,7.437562365252741
3506070,35.06.06,2019,924331.0853,17211839399.0,131193.90000682196,14.193388288379568,1094167.1309406203,18235368591.250065,135038.396729412,12.34166087710237
3506070,35.06.06,2020,913911.4951,22086871631.0,148616.5254303841,16.26158837340398,1619172.899962819,21808721445.76288,147677.76219107222,9.120567803133522
3506070,35.06.06,2021,872001.9083,3671115672.0,60589.73239749455,6.9483486011649305,2021019.311622063,3786294253.5501075,61532.871325415224,3.0446453911432028
3506070,35.06.06,2022,958567.841,6860591473.0,82828.68750016506,8.64087902362302,2000881.5116221646,5930580932.127803,77010.26510880093,3.848816867040107
3506070,35.06.06,2023,1110739.431,1587756458.0,39846.66181752243,3.5873995921481274,1733520.507598607,1592213753.2214408,39902.55321682362,2.301821815312667
3506070,35.06.06,2024,1193893.03,54317166887.0,233060.43612548226,19.521048391201536,2146438.6571571045,46443104241.45975,215506.62226822576,10.04019479194705
3506070,35.06.06,2025,1535690.304,77435338893.0,278272.05913098785,18.120324026672233,1071559.4736624039,80010652461.87051,282861.5429178568,26.39718558514398
3506080,35.06.07,2018,827631.9638,20786467831.0,144175.12903063413,17.420198268885915,627014.1349170103,17520135540.331207,132363.64886301378,21.110153901160942
3506080,35.06.07,2019,773386.9352,5427522811.0,73671.72327969532,9.525855678004648,803634.1629987365,6727576079.29623,82021.80246310263,10.206360834268265
3506080,35.06.07,2020,1034201.578,33734590.45,5808.148624992305,0.5616070163250423,1076493.2262708747,38012126.46521679,6165.39751072198,0.5727298008255743
3506080,35.06.07,2021,1436427.186,3166789843.0,56274.237826913304,3.917653353778373,1182166.2167441435,3265506862.5754924,57144.613591969384,4.8338899202646735
3506080,35.06.07,2022,1521616.244,22359060381.0,149529.4632539019,9.827015441214092,1493874.2683918828,25336250414.96851,159173.64861989094,10.655090055954794
3506080,35.06.07,2023,1333369.637,18847883907.0,137287.59560499265,10.296289325582764,1318661.8920396217,21574159969.999344,146881.44869247222,11.138673952675267
3506080,35.06.07,2024,1406116.321,41476468058.0,203657.72280470977,14.483703784895457,1590652.4425902432,37654359784.61343,194047.31326306332,12.199227692196143
3506080,35.06.07,2025,1193788.664,3.47e-21,5.890670590009256e-11,4.934433344568311e-15,1472309.468672869,1.5378610052934136,1.2401052396040482,8.422857191306876e-05
3506090,35.06.09,2018,928009.4158,11243499888.0,106035.37092876132,11.42610938245195,1160787.0401012038,10539357602.523083,102661.37346891031,8.844117820264406
3506090,35.06.09,2019,929243.0445,18770067988.0,137003.89771097756,14.743602174035706,1055208.433600698,18206461698.090675,134931.32215349659,12.787172453983251
3506090,35.06.09,2020,886464.2469,1781228050.0,42204.59749837688,4.761003914818675,1221214.6204658984,1836192437.3115613,42850.81606354261,3.5088685760407
3506090,35.06.09,2021,1166142.629,5262241179.0,72541.30670866082,6.220620437387408,1386871.0421962698,5286166677.999596,72706.02917227425,5.2424505927483995
3506090,35.06.09,2022,1354833.141,23188994531.0,152279.33060990254,11.23971107597098,1595217.3529388797,20459683135.25225,143037.34874239055,8.966636958836478
3506090,35.06.09,2023,830329.677,21965840104.0,148208.77202109192,17.84938875803808,1498716.264724218,26459105432.826645,162662.5508001969,10.853458698543502
3506090,35.06.09,2024,978047.1718,12251462071.0,110686.32287234046,11.317074070019867,1391826.4098110222,12448795516.194056,111574.17047056212,8.01638549779432
3506090,35.06.09,2025,1105943.958,17332668155.0,131653.59150057397,11.90418289717479,1113590.240901623,17182231910.84171,131081.01277775402,11.771027435695174
3506100,35.06.10,2018,867805.7692,21482837230.0,146570.2467419633,16.889752516520062,1496289.88014969,20735981823.307865,143999.9368864718,9.623799425286894
3506100,35.06.10,2019,1043216.877,9087627244.0,95329.04722066617,9.137989359873648,1550456.2948311837,9708035838.6504,98529.36536206046,6.354862480840745
3506100,35.06.10,2020,991218.1919,26675426808.0,163326.13632851295,16.477314244550335,1910849.920847881,24044032412.953712,155061.38272617626,8.11478604543535
3506100,35.06.10,2021,1165023.426,4170285648.0,64577.74886135317,5.543042948335802,2861494.5509096086,4008221334.403409,63310.5151961616,2.2124981917591464
3506100,35.06.10,2022,1277172.574,13219624406.0,114976.62547665939,9.002434582239893,2612746.509385142,12682406565.212872,112616.19139898522,4.310260907227743
3506100,35.06.10,2023,1211202.619,4921744886.0,70155.1486777699,5.792189314756584,2478239.5997556006,4974942744.957999,70533.27402693001,2.8461039051222436
3506100,35.06.10,2024,978124.3001,11244424236.0,106039.72951681836,10.841130263911984,2819080.475848149,11881747760.802458,109003.43004145539,3.8666306611435273
3506100,35.06.10,2025,1036230.732,11617510957.0,107784.55806375976,10.40159828648662,981217.7398777804,12517788771.688593,111882.92439728501,11.40245634075277
3506110,35.06.08,2018,895124.098,2793121149.0,52849.9872185415,5.904207845216731,840171.0464444575,2703761836.11617,51997.709912227576,6.188943326752105
3506110,35.06.08,2019,828853.2088,23629498151.0,153718.89327925828,18.545973116495496,813719.627362451,21919191326.873055,148051.31315484186,18.19438885046042
3506110,35.06.08,2020,839987.9983,15570577112.0,124782.11855871016,14.855226361715765,914904.2003110433,19250560933.07737,138746.39070288412,15.165127742960848
3506110,35.06.08,2021,1072008.92,6970919143.0,83492.03041608223,7.788370866921726,970304.4131582745,7329836310.809335,85614.46321042569,8.823464270533044
3506110,35.06.08,2022,1043383.685,44923770608.0,211952.2837999157,20.313935021891368,1141521.1917770314,45795073000.524025,213997.83410241336,18.746724602569852
3506110,35.06.08,2023,1178780.106,10905028019.0,104427.14215662517,8.85891623256027,931492.2731859573,11346853115.915327,106521.60868065844,11.435586933676381
3506110,35.06.08,2024,1000019.232,5124959227.0,71588.82054483089,7.158744377511221,1225418.442695821,5113584459.180476,71509.33127348119,5.835503105059074
3506110,35.06.08,2025,1080438.836,14950727127.0,122273.16601364341,11.316991016939289,1008671.4557712727,14668590481.42447,121113.95659222957,12.007275104223183
3506120,35.06.18,2018,701905.7382,1773532720.0,42113.33185583872,5.999855758956484,1438009.5541497055,1597952748.3078568,39974.40116259225,2.7798425293654674
3506120,35.06.18,2019,754402.7298,18706880509.0,136773.0986305421,18.12998458619073,1162534.3012412193,22960420021.85602,151526.96136944086,13.034192729423808
3506120,35.06.18,2020,890794.4581,19730020778.0,140463.5923575928,15.768350496610795,1296139.3032959255,18913425008.130924,137526.08846371993,10.61044041439124
3506120,35.06.18,2021,896207.1379,1750933069.0,41844.15214817956,4.669026877673517,1870272.4624223914,1576928269.885136,39710.556151798424,2.123249791122145
3506120,35.06.18,2022,690977.7377,2187777172.0,46773.68033413663,6.76920221624336,2080047.765723431,2144604421.5476665,46309.873909865775,2.226385118312868
3506120,35.06.18,2023,802992.5593,7905082513.0,88910.53094543975,11.072397859196421,1643870.643180282,7784745312.815455,88231.20373663421,5.367283861578028
3506120,35.06.18,2024,745639.2225,1205502517.0,34720.3473052906,4.656453987074237,2329994.570358066,1242023619.680897,35242.35547861262,1.5125509701594149
3506120,35.06.18,2025,797344.4632,4555525998.0,67494.63680915692,8.464928261780262,1258830.1606910583,5192242428.553205,72057.21635307046,5.724141238680944
3506130,35.06.19,2018,765454.8984,1044665198.0,32321.2808842719,4.222493180438428,822860.8989585242,1130470326.4127755,33622.467583637816,4.086045117248005
3506130,35.06.19,2019,921377.9677,4083967455.0,63905.92660309371,6.935907829728075,956019.4212269178,4410419509.008154,66410.98936929154,6.946615089059831
3506130,35.06.19,2020,1181385.383,6663538155.0,81630.4977015331,6.9097264005621355,1237539.9264570791,6221711190.678846,78877.8244545249,6.373759970746332
3506130,35.06.19,2021,861072.9384,14744986413.0,121428.93564962184,14.102049923349657,1582118.8838506662,13804240545.15623,117491.44881716384,7.426208612794339
3506130,35.06.19,2022,871013.8182,2532934785.0,50328.27023651816,5.778125350585645,1331986.9124405473,2689503918.777632,51860.4272907352,3.893463727486134
3506130,35.06.19,2023,1115737.181,5970386840.0,77268.27835535098,6.925311773342344,1198537.3333190947,5710321292.352059,75566.66786587893,6.304907303689331
3506130,35.06.19,2024,1041093.971,11628267248.0,107834.44369958978,10.357801188303085,1646185.854939055,9483601591.530437,97383.78505444547,5.915722381058293
3506130,35.06.19,2025,1259296.819,109000000000.0,330151.4803843836,26.21712970311121,1131239.7884848486,110743499545.46951,332781.4591371784,29.417411102812846
3506140,35.06.17,2018,805484.1015,4816671195.0,69402.24200269037,8.616215003306353,1703620.4801784358,5274078683.04505,72622.85234721265,4.262853915656508
3506140,35.06.17,2019,800305.5082,6363129984.0,79769.22955626436,9.967347311613112,1753835.5673757363,6370548497.761598,79815.71585697643,4.550923549600756
3506140,35.06.17,2020,1089199.04,29643842218.0,172173.87205380495,15.807383749971443,1817828.1508020053,31426294087.736706,177274.62900183068,9.752001525755837
3506140,35.06.17,2021,1161630.176,13436940219.0,115917.81665904513,9.978891651919787,12963124.26153862,13972579787.74991,118205.66732500566,0.9118609444770963
3506140,35.06.17,2022,1249288.431,2493615063.0,49936.10981043678,3.997164191336114,5058857.701438818,2794536157.2700562,52863.3725491484,1.044966584731435
3506140,35.06.17,2023,1251880.523,18819982021.0,137185.9395893034,10.95838916485031,4141247.3084541815,22034443735.721016,148440.03414079713,3.58442814650946
3506140,35.06.17,2024,1269096.766,28847179425.0,169844.57431722686,13.383106699779177,4993763.589070845,30951420164.980125,175930.15706518348,3.522997313093021
3506140,35.06.17,2025,1690133.424,62654656419.0,250309.12172551762,14.810021396601739,897520.1289988252,61698678925.84585,248392.1877311077,27.675389075472516
3506141,35.06.26,2018,977693.1484,11437287103.0,106945.25283059552,10.938529435908597,1466956.2961363182,9815165999.019838,99071.51961598166,6.753542684053851
3506141,35.06.26,2019,740937.45,3679276767.0,60657.04218802628,8.18652670181893,1171314.044317757,3639079521.9886274,60324.783646430325,5.150180170644762
3506141,35.06.26,2020,827508.9583,19115395398.0,138258.43698668084,16.707787341748325,1017033.8574019095,18202185263.518375,134915.47451466927,13.265583395553923
3506141,35.06.26,2021,1447081.733,24371879862.0,156114.95720141617,10.78826120469148,1380367.8490768133,27446108271.823784,165668.670157709,12.001776937104687
3506141,35.06.26,2022,1280178.184,1254025789.0,35412.22654677336,2.766195127316227,1829830.9308574803,1344810999.374593,36671.664802331965,2.004101263341701
3506141,35.06.26,2023,1193248.156,21433868462.0,146403.1026378881,12.269292175456597,1581807.1649426043,19855677446.807037,140910.1751003349,8.908176560538452
3506141,35.06.26,2024,1289457.677,3154880069.0,56168.31908647436,4.355964533644354,1790141.5095900532,2623670759.828482,51221.780131390224,2.8613257587172614
3506141,35.06.26,2025,1166858.262,29924579697.0,172987.22408605786,14.82504171411162,1111177.2369641487,33630291789.523083,183385.6368135822,16.50372512261057
3506150,35.06.21,2018,497922.8161,47168208.39,6867.911501322655,1.3793124715826122,752361.5719583738,48281336.949616715,6948.477311585375,0.9235555842516922
3506150,35.06.21,2019,484143.5378,1330753135.0,36479.489237104186,7.534849975044774,497691.56623156724,1273923964.9842386,35692.07145829783,7.171524269248102
3506150,35.06.21,2020,886258.932,11101369317.0,105363.03581901957,11.888516100057716,516883.54882056825,12511399383.88302,111854.36685209487,21.640148367524105
3506150,35.06.21,2021,1226195.162,32196293747.0,179433.25708184644,14.63333591931481,849835.1722520061,31049208999.99291,176207.85737302667,20.734356864294952
3506150,35.06.21,2022,878827.0368,4961447622.0,70437.54412243517,8.014949605887587,1056077.900322812,5406281273.989866,73527.41851846743,6.96231011897818
3506150,35.06.21,2023,1215894.444,27877238119.0,166964.78107373422,13.731848344043772,763597.6698961499,27004872824.29804,164331.59411475944,21.52070397714921
3506150,35.06.21,2024,1225036.42,1789307184.0,42300.20312007969,3.452975146655615,1090026.7953191556,1848034748.6903882,42988.77468235618,3.9438273322234463
3506150,35.06.21,2025,1112565.329,16643791523.0,129010.81940287024,11.595797212090748,930905.0870210755,16613999466.547993,128895.30428432213,13.846234818287545
3506160,35.06.16,2018,607047.6957,1077769129.0,32829.394283172514,5.408041990064095,786375.4813162899,1140228765.3303823,33767.27358449868,4.294039474371285
3506160,35.06.16,2019,812918.8749,25705859183.0,160330.46866706279,19.72281289283455,822743.4801175274,26864001632.34889,163902.41496801958,19.92144804898441
3506160,35.06.16,2020,676571.835,9308131830.0,96478.65997203733,14.259928507375324,1079034.3729619952,9150260427.926275,95656.99361743644,8.865055276677973
3506160,35.06.16,2021,1033180.544,11237096104.0,106005.1701757985,10.260081918054247,1389444.773121152,13023494704.244795,114120.52709414199,8.213390650841744
3506160,35.06.16,2022,737615.0689,1400017023.0,37416.801346453976,5.072673122344611,1564541.603673739,1266377269.2658653,35586.19492536207,2.274544495448459
3506160,35.06.16,2023,951635.3435,9780894449.0,98898.40468379659,10.392468644560866,1151511.8651008864,8780975908.649475,93706.86158787666,8.137724362889374
3506160,35.06.16,2024,822781.8939,5080049955.0,71274.46916673599,8.662620032739637,1580894.0232538965,5380537757.614323,73352.14896384647,4.639915635386389
3506160,35.06.16,2025,803718.443,10816520776.0,104002.50370063214,12.940166373739931,852968.782114104,10766067050.232254,103759.66003333018,12.164531951117755
3506170,35.06.15,2018,779975.9862,11966249677.0,109390.35458851022,14.024836215978134,1054666.3504348847,12984824694.835838,113950.97496219959,10.804457249936215
3506170,35.06.15,2019,671492.6109,13748354206.0,117253.37609638368,17.461603328624754,1173267.101064551,12375185682.369413,111243.81188349046,9.48154190827942
3506170,35.06.15,2020,744560.1771,30840889799.0,175615.74473548777,23.586507865555813,1222309.4533708808,31972347893.92908,178808.13150952916,14.628712149481682
3506170,35.06.15,2021,1134020.032,17343895350.0,131696.2237499618,11.613218464730066,1288119.513969155,14851099705.955154,121865.08813419516,9.460697304296355
3506170,35.06.15,2022,1098129.925,13327437512.0,115444.52135982894,10.51282901336369,1812034.162665453,13105942312.306303,114481.18759126455,6.317827221472791
3506170,35.06.15,2023,1217093.284,18848742224.0,137290.72155102107,11.28021355107741,1562223.9577582877,17258504209.425663,131371.62634840776,8.409269727044732
3506170,35.06.15,2024,1223074.612,16683096167.0,129163.06038105476,10.560521746898525,1967675.5020282525,17999181940.49423,134161.0298875729,6.818249744395434
3506170,35.06.15,2025,1537922.288,147000000000.0,383405.7902536163,24.930114690789647,1206915.531396748,145888507661.54114,381953.5412344558,31.647081448394804
3506180,35.06.14,2018,823270.5684,15723920328.0,125395.05703176661,15.231329995856392,942542.3422165675,13913729339.289637,117956.47222297569,12.514713338562448
3506180,35.06.14,2019,868118.2916,7886062317.0,88803.50396803045,10.229424356945602,906325.5040646308,8853094910.9399,94090.88643933534,10.381577702201088
3506180,35.06.14,2020,1011218.854,4021823298.0,63417.84684140577,6.271426466244049,1012554.9116687032,3722182756.0017066,61009.69395105754,6.025322009500976
3506180,35.06.14,2021,1178927.853,1653316020.0,40660.98892058578,3.448980259234387,1837437.9721501714,1485292349.2708962,38539.49077596766,2.097458056277607
3506180,35.06.14,2022,1208328.004,58342831030.0,241542.6070696431,19.98982116362861,1504966.5687333727,55486822774.074486,235556.41102308058,15.651936456059106
3506180,35.06.14,2023,1045120.087,7156715514.0,84597.37297339676,8.094512202538574,1301519.1284685372,7268043052.306803,85252.81844201282,6.550254742880924
3506180,35.06.14,2024,978593.4348,7610221891.0,87236.58573671943,8.91448712350583,1251241.1464129677,8278132435.562636,90984.24278721363,7.271519406794237
3506180,35.06.14,2025,1253408.525,18185298263.0,134852.8763616112,10.75889254555782,914086.6849840849,18540094607.277195,136162.01602237386,14.895963179328508
3506190,35.06.11,2018,646214.8307,33995033413.0,184377.42110410373,28.53190801956377,782484.0712214168,35582130687.7508,188632.26311464008,24.106850228937564
3506190,35.06.11,2019,923925.2683,6.49e-22,2.5475478405713992e-11,2.757309414492825e-15,1139484.7026828623,1.43049442601708,1.1960327863470466,0.00010496260138736786
3506190,35.06.11,2020,1009233.193,9863318988.0,99314.24363101197,9.840564531552419,935394.7160342977,10553346408.018284,102729.4816886481,10.98247402168149
3506190,35.06.11,2021,1442960.716,1.76e-21,4.195235392680606e-11,2.9073801844793994e-15,1779615.4287236438,0.985378880179272,0.9926625207890505,5.57796086034721e-05
3506190,35.06.11,2022,811636.4749,1.13e-21,3.361547262794322e-11,4.1416907282395e-15,1000998.0016995205,1.466965974967168,1.2111837081826886,0.00012099761499286804
3506190,35.06.11,2023,1141736.461,2.95e-20,1.7175564037317667e-10,1.5043370010513894e-14,1408113.054639755,1.2703271589378213,1.127087910918142,8.00424303435274e-05
3506190,35.06.11,2024,1417815.244,3.4200000000000005e-21,5.84807660688538e-11,4.124709923689733e-15,1748603.3093793367,1.2185265641603735,1.1038689071444914,6.312860676995444e-05
3506190,35.06.11,2025,1051378.034,136000000000.0,368781.7782917155,35.076039860626906,833108.5786425424,155823366650.9325,394744.6853992242,47.382141478175235
3506191,35.06.24,2018,1130383.261,98366544617.0,313634.4123609525,27.74584719907247,880388.8183406687,107235907921.02419,327468.9419181981,37.19594514335178
3506191,35.06.24,2019,683855.4058,1603099849.0,40038.729362955564,5.854853090781193,972499.3500734532,1968485258.7937539,44367.61497752334,4.562225668754662
3506191,35.06.24,2020,1116970.7,23674030449.0,153863.67488461986,13.775086032661363,794318.0315024718,24548613437.77327,156679.9713995802,19.725093122110827
3506191,35.06.24,2021,1093975.716,2941088217.0,54231.80079068,4.957313036981526,1320435.8583852805,2864051753.4316196,53516.83616799128,4.05296749767424
3506191,35.06.24,2022,1469976.615,12030160967.0,109682.09045692008,7.461485396277551,1344778.4827232936,10138448381.613506,100689.86235770464,7.487468282047381
3506191,35.06.24,2023,1382552.047,78032358870.0,279342.7265385659,20.204861520021016,1431161.148944718,70746475676.50008,265982.0965337706,18.585055689213988
3506191,35.06.24,2024,996498.9407,10592392316.0,102919.34859879361,10.328094129884068,1627016.0436190136,12395469971.086859,111334.94496826618,6.842891648481904
3506191,35.06.24,2025,873925.691,9927807862.0,99638.38548471166,11.401242292202125,702857.8393242504,10809621081.777384,103969.32760087171,14.792369350369782
3506200,35.06.12,2018,915537.8759,24106767.14,4909.864268999704,0.5362819385460341,966921.2417057311,27021286.594981633,5198.200322706084,0.5376032812699427
3506200,35.06.12,2019,872855.599,438090843.5,20930.619759099347,2.3979475852682643,886054.2799670432,488239033.8747886,22096.131649562296,2.4937672724050453
3506200,35.06.12,2020,823490.0843,1.91e-21,4.370354676682432e-11,5.307112690248615e-15,1015617.1565665917,1.3051278084172508,1.142421904734521,0.00011248548701132689
3506200,35.06.12,2021,1500310.166,1.2e-22,1.0954451150103322e-11,7.30145765745836e-16,1850344.9814530695,1.1782393497605452,1.0854673416370229,5.866297109550939e-05
3506200,35.06.12,2022,1391811.943,2.6e-21,5.099019513592785e-11,3.663583675393699e-15,1716533.2224086907,1.1695345011194294,1.0814501842985784,6.300199554431317e-05
3506200,35.06.12,2023,1156997.419,2.34e-20,1.5297058540778354e-10,1.3221341974988757e-14,1426934.5208188135,1.1090514432628944,1.053115113965655,7.380262363835371e-05
3506200,35.06.12,2024,1047462.011,3.01e-21,5.486346689738081e-11,5.2377524264582424e-15,1291843.5929045028,1.3179334792457054,1.1480128393209308,8.886624089993807e-05
3506200,35.06.12,2025,865622.7994,1.3400000000000002e-21,3.6606010435446254e-11,4.22886394175609e-15,1067579.7838332772,1.243594100474597,1.1151655036247297,0.00010445734553164637
3506201,35.06.25,2018,945254.9595,1416774218.0,37640.06134426457,3.982000936993187,1105323.8842874945,1913594353.540851,43744.64942756829,3.95763179004918
3506201,35.06.25,2019,859677.221,18567031133.0,136260.89363056445,15.85023893875681,952326.3864303617,15936054705.732021,126238.08738147144,13.255758653779834
3506201,35.06.25,2020,1087945.373,27083514328.0,164570.6970514496,15.12674267804893,919128.2138399727,28425267657.279007,168597.9467765815,18.343245723271387
3506201,35.06.25,2021,1042540.45,5045321346.0,71030.42549499475,6.813205712545231,1733219.663135073,4817934708.053228,69411.34423171206,4.004763256964199
3506201,35.06.25,2022,1322371.59,188000000000.0,433589.667773576,32.7887918231498,1362579.6880422398,165233677478.76797,406489.45555668225,29.832343687782988
3506201,35.06.25,2023,1203552.872,21905770001.0,148005.9796123116,12.297422328141112,1511060.2419164043,22830921743.753315,151099.046137801,9.999538201479606
3506201,35.06.25,2024,1153806.378,22592074244.0,150306.6007998318,13.02702114200237,1648294.5435368042,21992956831.418404,148300.22532490772,8.997192031388677
3506201,35.06.25,2025,1451125.76,42886424522.0,207090.3776663706,14.27101519212026,1022612.4485320157,48708344116.91205,220699.6694988736,21.581946299958815
3506210,35.06.22,2018,779506.3992,3025667434.0,55006.06724716829,7.056525424758603,1226137.2565740987,3349648190.029749,57876.14525890394,4.7202011804627295
3506210,35.06.22,2019,812422.3221,19589185797.0,139961.37251756285,17.227662105071406,847419.4952372601,19592820560.061043,139974.35679459665,16.51771732669505
3506210,35.06.22,2020,824366.9401,6016253644.0,77564.51278774334,9.408979061961698,862968.4436299878,6430401048.428965,80189.78144644719,9.292319092125448
3506210,35.06.22,2021,846796.3292,3363229277.0,57993.355455603705,6.848560091231404,1848651.3634804056,3037455554.460312,55113.11599302213,2.9812606682777747
3506210,35.06.22,2022,705135.1912,4395002077.0,66294.81184074664,9.40171653153859,1632294.1711112028,4275714122.79626,65388.94495858042,4.005953468183137
3506210,35.06.22,2023,787342.7627,11120848709.0,105455.43470585099,13.393840611961338,1286621.8052011237,11600368020.855198,107705.00462306845,8.371147153551629
3506210,35.06.22,2024,934173.6953,5149857617.0,71762.50843581208,7.681923479205471,1677616.1067231398,4886343820.296801,69902.3878011102,4.166768995658334
3506210,35.06.22,2025,983704.5289,8075068699.0,89861.38602870534,9.134997693788225,848268.0321563649,7700418831.960406,87752.03035805158,10.344847033192908
3506220,35.06.13,2018,558884.8079,1905297598.0,43649.714752790765,7.810145156173383,874642.4569565129,1837337372.6924016,42864.1735332947,4.900765243257097
3506220,35.06.13,2019,580858.5146,61517949.2,7843.337886384852,1.3503009234161016,712121.0907308565,74280603.42078999,8618.619577449163,1.2102744448424905
3506220,35.06.13,2020,582938.2307,6630048541.0,81425.11001527723,13.968051111950725,771978.3441013522,6975058450.43874,83516.81537534067,10.818543811946082
3506220,35.06.13,2021,931230.899,17306543899.0,131554.3381990879,14.126930102980605,1538642.7915957852,18234656102.12341,135035.75860535388,8.776290334763349
3506220,35.06.13,2022,790117.6935,28781635282.0,169651.5112871088,21.471676015202256,1532714.7721949215,29092293432.548637,170564.63124736218,11.128269547706218
3506220,35.06.13,2023,1029170.258,18367957404.0,135528.4376210395,13.168709119559448,1229835.8259455846,16188059870.61629,127232.30670948433,10.345470836455684
3506220,35.06.13,2024,732800.7061,2801184.862,1673.6740608613136,0.228394165962078,1639545.0522398928,2821393.836597458,1679.7005199134333,0.10244918354751406
3506220,35.06.13,2025,960794.4584,2861930257.0,53497.0116642042,5.567997525016137,832944.5315183485,2600110957.0103016,50991.28314732138,6.121810182770631
3506230,35.06.20,2018,837862.9564,7591064456.0,87126.71493864554,10.398683254001124,1536841.8701515808,8654906565.982052,93031.75031128917,6.053436734002655
3506230,35.06.20,2019,934618.5524,30562507350.0,174821.35839193105,18.705102519419135,755478.2784126329,31619604766.7281,177819.02251088913,23.537277985610935
3506230,35.06.20,2020,624102.6291,1053618712.0,32459.493403317312,5.20098648681006,722542.6584443322,973281782.9991729,31197.46436810487,4.317733216648337
3506230,35.06.20,2021,809450.2772,3359135915.0,57958.053064263644,7.160174589691727,1279161.0735229524,2965013077.0952315,54451.933639635165,4.256847301463643
3506230,35.06.20,2022,811676.0082,8730791383.0,93438.70388120759,11.511822813196167,1403211.2801258944,8220472727.139113,90666.82263727517,6.46138068596061
3506230,35.06.20,2023,737604.1646,618277959.4,24865.195744252647,3.3710758341144875,1243054.451779555,614870437.9805005,24796.58117524471,1.9948105362356379
3506230,35.06.20,2024,861162.0688,8844053739.0,94042.82928006792,10.920456518842428,1501992.4222827018,8415015684.366874,91733.39459742495,6.107447230526645
3506230,35.06.20,2025,844210.2648,434169560.7,20836.73584561651,2.468192666497948,696943.7668947915,436764087.6310705,20898.901589104404,2.998649615910725
3507010,35.07.01,2018,950671.3653,8.59e-22,2.930870177950569e-11,3.0829477829341004e-15,1172470.8861260838,1.1553747615035235,1.0748836037001976,9.1676784167467e-05
3507010,35.07.01,2019,630557.2051,1553692463.0,39416.90580195254,6.251122893076992,1089418.299514365,1490812707.456329,38611.04385349261,3.5441890292006692
3507010,35.07.01,2020,865416.5497,857238264.9,29278.631540767066,3.383183687776322,1030064.0671174082,811694743.8658574,28490.256998943645,2.7658723285700524
3507010,35.07.01,2021,986501.2206,2387008160.0,48857.01751028198,4.95255520115491,2051056.1540252469,2543834296.8492956,50436.4381855945,2.4590471639019627
3507010,35.07.01,2022,1250443.655,4550256137.0,67455.58640320311,5.394532263287234,2169622.833478588,4915216551.80487,70108.60540479228,3.231372952154367
3507010,35.07.01,2023,1201934.317,31135396670.0,176452.25039653078,14.680689942937272,2254807.8762101913,31243226950.235806,176757.53718083934,7.8391396023473074
3507010,35.07.01,2024,1496769.427,52428714204.0,228973.17354659693,15.297825397565187,2506615.3300390807,52315463033.307976,228725.73758391943,9.124883856046367
3507010,35.07.01,2025,1413357.508,11224699380.0,105946.68177909113,7.496099265713253,1023817.6286818093,11089916118.603626,105308.67067152461,10.285881754850436
3507030,35.07.02,2018,725141.0069,24133852.61,4912.621765412029,0.6774712392026535,1119219.9610057038,28978648.83533372,5383.182036243407,0.4809762355744809
3507030,35.07.02,2019,813305.7089,2126136148.0,46110.04389501272,5.669460252206613,758896.7490652521,1935555540.0025403,43994.94902829801,5.797224600380414
3507030,35.07.02,2020,1015237.009,8.3e-21,9.110433579144299e-11,8.97370121299853e-15,1252100.2304456658,1.3311366863362395,1.1537489702427646,9.214509686913047e-05
3507030,35.07.02,2021,1258618.952,4894779256.0,69962.69903312765,5.558687871492312,1441126.069636966,4844380043.0334635,69601.5807509676,4.829666343382499
3507030,35.07.02,2022,1187847.642,9963286372.0,99816.26306369118,8.403120024351674,1650650.581314917,10388080198.28716,101921.9318806662,6.174652166509683
3507030,35.07.02,2023,1333460.222,11307248512.0,106335.54679409892,7.9744071131428855,1323320.590444243,11539747585.055899,107423.21716023915,8.117701631482726
3507030,35.07.02,2024,914702.4526,7847956630.0,88588.69357880835,9.684973876149455,1574806.443747047,5900985470.25244,76817.87207579002,4.877924673270442
3507030,35.07.02,2025,705665.6186,8.61e-22,2.934280150224242e-11,4.158173606425214e-15,870303.2649853328,1.4601355658326696,1.2083606935980125,0.00013884363557091525
3507040,35.07.03,2018,609884.7866,6058881136.0,77838.81509889523,12.762872071761763,2722813.956984337,5687075003.860578,75412.69789538482,2.7696603251919734
3507040,35.07.03,2019,705594.3408,1845162572.0,42955.35556831069,6.087825976553055,1207461.599512787,1594898493.4112382,39936.180255643354,3.307449302881158
3507040,35.07.03,2020,776696.3874,15312928696.0,123745.41888894312,15.932276871169998,1431513.9497860037,16178694654.952139,127195.49777783858,8.885383044772492
3507040,35.07.03,2021,923819.1101,8412881130.0,91721.75930497627,9.928541020876665,1748047.3208920516,6877458814.615979,82930.44564341842,4.744176238953184
3507040,35.07.03,2022,613618.8366,2541918116.0,50417.438610068246,8.216409862745769,2534099.7773921094,2829059859.666561,53188.90729904649,2.098927113035155
3507040,35.07.03,2023,663285.2963,9974361907.0,99871.72726552795,15.057129688030436,1904626.0754715162,8412444235.860182,91719.37764649399,4.815610729459723
3507040,35.07.03,2024,716575.187,5802443652.0,76173.77273051401,10.630255430615966,2315918.5700511923,7252664621.412806,85162.5775878866,3.677269947621868
3507040,35.07.03,2025,1033617.466,14405047433.0,120021.02912823236,11.611745454795978,842925.6478287507,12919286535.611366,113663.03944383754,13.484349389132527
3507050,35.07.29,2018,751128.3888,34224765666.0,184999.36666378076,24.629526645815517,941087.4773232198,37389306479.80118,193363.14664330735,20.546777138433445
3507050,35.07.29,2019,674939.7653,26229416551.0,161954.983100243,23.99547210383383,941249.914293408,31895252784.368877,178592.42084805525,18.973964101991314
3507050,35.07.29,2020,400010.446,5002646069.0,70729.38617717533,17.681884781872753,1110184.9452222772,5660511710.136184,75236.37225528742,6.776922401899791
3507050,35.07.29,2021,886732.1213,4868436051.0,69774.17897044723,7.868687430444529,630028.1426302226,5227266904.113649,72299.8402772347,11.475652496315403
3507050,35.07.29,2022,699151.1296,2939809072.0,54220.00619697493,7.755119587376681,1373578.5093130388,2676891795.556326,51738.687609527995,3.766707709732865
3507050,35.07.29,2023,621813.6193,2421921316.0,49213.01978135461,7.914432597464757,1131753.0913118154,2621409566.780485,51199.7027997281,4.523928690168852
3507050,35.07.29,2024,683789.3483,775820146.5,27853.54818510561,4.0734106570033,1195510.6559303156,834039095.8063521,28879.73503698315,2.415681942584584
3507050,35.07.29,2025,880834.7755,7038282744.0,83894.47385853254,9.52442798490902,869480.3269719741,7273106933.613814,85282.51247245132,9.808446473936176
3507060,35.07.04,2018,754914.7074,1308575778.0,36174.24191327304,4.791831654447516,2186488.6563348365,1249483432.170465,35348.032932123184,1.6166575037885778
3507060,35.07.04,2019,839001.1344,47788021639.0,218604.71550037526,26.05535398431939,1356746.8201313158,45092976427.52761,212351.06881654167,15.651488226520316
3507060,35.07.04,2020,996697.1654,3082946004.0,55524.28301202997,5.570827824091047,1552947.6864543413,3179176664.282396,56384.188069727454,3.6307847689617083
3507060,35.07.04,2021,1038378.239,7959606088.0,89216.62450462919,8.591919702645963,2411447.221190124,7688456538.954327,87683.84423001952,3.6361502528238963
3507060,35.07.04,2022,814031.4668,4311044151.0,65658.54210230379,8.06584816191577,2539785.2874546577,4109246837.9623384,64103.407381841556,2.5239695535871545
3507060,35.07.04,2023,832016.5424,18335411294.0,135408.3132381465,16.27471406368356,2063509.220327574,19667241088.53094,140239.9411313729,6.796186794314899
3507060,35.07.04,2024,853935.7956,2821911232.0,53121.66443175515,6.220803098484744,2366430.117262723,2673537174.900036,51706.2585660579,2.1849898794335463
3507060,35.07.04,2025,976394.3183,12118129520.0,110082.37606447273,11.274376960338845,1268211.3300868056,12965369324.806826,113865.57567942484,8.978438607044383
3507070,35.07.05,2018,865722.9562,20059180397.0,141630.43598393674,16.35978750125891,3169210.6792058093,22651047322.6151,150502.64888903152,4.748900092900951
3507070,35.07.05,2019,955754.2604,3069802763.0,55405.80080641376,5.797075995583369,2067993.676345123,3286190895.793409,57325.307638018036,2.7720252868148103
3507070,35.07.05,2020,1008964.696,9125086388.0,95525.31804710205,9.467657136647926,2479724.9026978216,9027288157.430988,95012.04217061639,3.831555753109865
3507070,35.07.05,2021,775316.3697,834025842.8,28879.50558441055,3.7248672558771263,3336205.6035001907,1071715306.0481269,32737.06318606064,0.9812663569569706
3507070,35.07.05,2022,657041.6696,921937486.0,30363.423489455203,4.6212325479965575,3555327.55690553,940481808.8347757,30667.275862632072,0.86257244576711
3507070,35.07.05,2023,808546.0842,1207870610.0,34754.43295466062,4.298386156807339,3211211.1623099125,1077622763.1892424,32827.165019069835,1.022267405032821
3507070,35.07.05,2024,942289.942,9965573186.0,99827.71752374187,10.59416142252974,4525706.182159065,8693987695.490786,93241.55562564787,2.060265334793904
3507070,35.07.05,2025,936530.6716,12658350606.0,112509.33563931484,12.013417077638277,1000793.8842328517,11724011206.47335,108277.47321799374,10.81915816272126
3507080,35.07.30,2018,563385.7713,14234059219.0,119306.57659576021,21.176710998657803,1750384.8220459213,13630446846.105928,116749.50469319314,6.669933561051537
3507080,35.07.30,2019,615462.1621,14280070598.0,119499.24936165917,19.41618132200351,1227646.9192564595,16060246154.66907,126729.02648828748,10.32292139543205
3507080,35.07.30,2020,1087662.215,96596494897.0,310799.76656522765,28.575026536637356,1484131.7930325265,90714240916.90839,301188.0490937653,20.29388835329427
3507080,35.07.30,2021,1103368.341,10543860004.0,102683.29953794823,9.306348181504351,2926083.580811172,10133429593.18302,100664.93725812886,3.4402618543870314
3507080,35.07.30,2022,1078866.955,8800974867.0,93813.51111114006,8.695558861670765,2613396.5369804874,9457445024.08264,97249.39600883206,3.7211879113145914
3507080,35.07.30,2023,1178437.343,35391393639.0,188126.00468568932,15.96402267826719,2418175.2750943583,32226463040.92939,179517.30568646966,7.423668066387984
3507080,35.07.30,2024,1178578.79,2356853325.0,48547.43376327939,4.119150469632954,2865666.739901573,2106407739.4893177,45895.6178680418,1.6015685714249586
3507080,35.07.30,2025,855418.9146,7061849268.0,84034.80985877222,9.8238194672218,866237.3660368213,7034558040.7872505,83872.27218090167,9.682365996820378
3507090,35.07.06,2018,756486.4529,397855860.3,19946.324480966414,2.6367061041875814,1888772.6967954733,408799819.3873937,20218.798663308207,1.0704728365468112
3507090,35.07.06,2019,488625.0317,1.07e-21,3.2710854467592254e-11,6.694469653711e-15,602625.3075581993,1.156933952257218,1.0756086427029201,0.00017848713441213085
3507090,35.07.06,2020,1002094.954,89146218459.0,298573.6399265682,29.794944953546608,1120868.971641995,90299956182.03075,300499.5111177899,26.80951286193417
3507090,35.07.06,2021,727804.6277,65372603.53,8085.332617153113,1.1109207484300134,2945635.34563204,66532333.03690406,8156.735439923503,0.2769092057514446
3507090,35.07.06,2022,580495.1836,601867218.1,24532.982250431764,4.226216331079265,2297870.3968458734,549426574.6068203,23439.850140451417,1.0200684151998156
3507090,35.07.06,2023,762027.4696,8397572660.0,91638.2707169881,12.025586264638262,1898580.3684453159,7793441554.0029,88280.47096613668,4.649814800225002
3507090,35.07.06,2024,936362.9148,15005970103.0,122498.85755793807,13.082412344801469,2540267.8563263067,15157804748.750113,123117.03679324852,4.846616331684736
3507090,35.07.06,2025,730875.2451,139458618.8,11809.259875199632,1.6157695796064162,890537.7481516345,130118303.80280745,11406.941036176502,1.2809048308005253
3507100,35.07.07,2018,970375.2564,11090095626.0,105309.522959702,10.852453446761444,3952870.7299528094,11085559674.513422,105287.98447360184,2.6635827899906763
3507100,35.07.07,2019,858844.3016,11476743484.0,107129.56400546023,12.473688630859076,2622043.4980435637,11561428038.609228,107524.0812032785,4.1007741207766975
3507100,35.07.07,2020,594945.0773,1412624947.0,37584.90317933518,6.317373588483877,2356331.264526298,1392236851.4622562,37312.69022011488,1.583507836179222
3507100,35.07.07,2021,737510.2437,1460184409.0,38212.35937494569,5.181264897859437,6545492.229461302,1469308820.4090154,38331.5642833555,0.5856177494310495
3507100,35.07.07,2022,659074.4507,2617031102.0,51156.92623682545,7.761934358476787,4747097.137729871,2544114564.3047457,50439.21653143262,1.0625275840795911
3507100,35.07.07,2023,606342.4477,1775105873.0,42132.00532849107,6.948549534723769,3893716.447543467,2233168387.404163,47256.41107198221,1.2136582544883598
3507100,35.07.07,2024,623048.296,96760964.49,9836.715127012676,1.5788045951116245,4134366.926952998,90249761.38335328,9499.98744122082,0.22978094612957464
3507100,35.07.07,2025,838877.6115,24753463918.0,157332.33589443716,18.755100116822838,864399.3507675264,21791727541.496857,147620.21386482564,17.077779354386276
3507110,35.07.08,2018,1140501.615,1703101458.0,41268.649820414525,3.6184648296543207,1284092.2844721905,1638686338.8152473,40480.69093796754,3.1524752097242454
3507110,35.07.08,2019,1038939.86,4089787191.0,63951.444010280175,6.1554519633388765,1827830.8610527092,3777353660.8724523,61460.179473155236,3.3624653562178204
3507110,35.07.08,2020,811085.0076,20233371151.0,142244.05488806905,17.537502672989742,2177891.085915194,21639903211.340893,147105.075409861,6.7544734611026005
3507110,35.07.08,2021,999278.3575,27115759104.0,164668.6342446551,16.478755194561,2967119.9053746797,23221099847.37994,152384.7100183609,5.135778629718645
3507110,35.07.08,2022,640968.2429,6819348176.0,82579.34472978095,12.88353138310855,3218281.7187806466,6694456593.735501,81819.65896858468,2.5423398607746743
3507110,35.07.08,2023,684355.6596,7181017132.0,84740.8822942032,12.382579307334655,2337852.4041203205,7007090876.793618,83708.3680213252,3.580566843047678
3507110,35.07.08,2024,870122.1839,5992277529.0,77409.80253817988,8.896429026923455,2832671.794077815,6817036700.665109,82565.34806239909,2.9147516572522125
3507110,35.07.08,2025,823962.5006,11590937371.0,107661.21572321204,13.066276152715005,890497.0239818173,11953873308.128235,109333.7702090632,12.277836675992713
3507120,35.07.09,2018,820130.0619,14721611246.0,121332.6470740666,14.79431771992049,3304416.4981177594,13713391983.825327,117104.19285331045,3.543869028617143
3507120,35.07.09,2019,882602.7866,26756207349.0,163573.2476568219,18.533053615992507,2021179.7593036115,22315694698.935596,149384.3857266736,7.390950015160616
3507120,35.07.09,2020,839066.6005,9784099986.0,98914.60956805116,11.788648184674248,2308048.8795160004,9142705745.107122,95617.4970656894,4.142784752710283
3507120,35.07.09,2021,899196.6391,8186386948.0,90478.65465401218,10.062165573102194,3162582.059731015,7694673389.611758,87719.28744359338,2.7736604390608006
3507120,35.07.09,2022,1146048.382,41333740111.0,203307.00949795116,17.739827802309236,3263760.594022131,45622922106.71202,213595.2295972736,6.544451513646324
3507120,35.07.09,2023,1482582.117,60154634662.0,245264.41784735103,16.54305788765635,3402312.961362966,63158995710.29003,251314.53541387143,7.3865790204436355
3507120,35.07.09,2024,1223680.576,48924570442.0,221188.99258778678,18.07571329691408,4415957.658473574,39565141921.07074,198909.8839200072,4.504343096187265
3507120,35.07.09,2025,1261279.226,6660346311.0,81610.9447990893,6.4704898896899214,1771628.6935326357,7383596584.638383,85927.85686049887,4.850218173490876
3507130,35.07.14,2018,688943.2402,22085545328.0,148612.06319811323,21.571016961422135,2105948.6276288084,23172214332.09764,152224.22386761458,7.228297113734031
3507130,35.07.14,2019,1062434.312,2741103198.0,52355.546009950085,4.927885462527314,1298936.412034536,3080976568.398514,55506.54527529626,4.273230372251699
3507130,35.07.14,2020,1766549.676,139000000000.0,372827.037646145,21.10481480998245,1735476.6314348807,147200587232.932,383667.2871550714,22.10731508599213
3507130,35.07.14,2021,949138.719,13857838302.0,117719.32000313287,12.402751847186298,5988208.296181543,12195020908.028221,110431.06858139254,1.8441420725429727
3507130,35.07.14,2022,736766.4908,4961444356.0,70437.5209387724,9.560358922172142,3130258.279704571,4960194893.126971,70428.65108126785,2.249930989334043
3507130,35.07.14,2023,761636.9703,397554702.9,19938.773856483753,2.6178841933881043,2456837.541680114,336773927.33266497,18351.40123621804,0.7469521661439769
3507130,35.07.14,2024,888596.2613,4802598108.0,69300.77999561044,7.798905196182648,2895596.756411724,4293050275.494152,65521.3726618586,2.262793412679944
3507130,35.07.14,2025,1383163.517,43326597383.0,208150.4200884543,15.0488657002695,845492.2418436452,32850216423.613316,181246.28664779125,21.43677702501127
3507140,35.07.10,2018,444284.2835,1888706468.0,43459.25066082019,9.781856409246622,4062324.7429939453,1592694098.3424134,39908.57174019654,0.982407224066085
3507140,35.07.10,2019,416117.7714,3079658794.0,55494.67356422597,13.336290199170753,1435233.3780774924,3103648444.7452083,55710.39799485558,3.8816264201909894
3507140,35.07.10,2020,649561.7814,4623312616.0,67994.94551803097,10.467818068280051,1246902.6456599939,4664806782.547184,68299.39079191837,5.477523929365556
3507140,35.07.10,2021,895979.1281,6132824792.0,78312.35401901796,8.740421686505798,11272805.137793,7743606781.511508,87997.7657756804,0.7806199495160321
3507140,35.07.10,2022,872928.587,85701601.98,9257.515972440988,1.0605124073501087,6600714.3321043765,82423487.19110957,9078.738193775034,0.13754175286177908
3507140,35.07.10,2023,951180.6536,348993809.5,18681.3760066008,1.9640197617451627,5908441.910541377,417750456.79218435,20438.944610526843,0.34592782530469307
3507140,35.07.10,2024,1113715.794,4980173505.0,70570.3443735398,6.336476931882301,7348822.917828478,4839642080.085944,69567.5361076267,0.9466486930696568
3507140,35.07.10,2025,808946.9761,1859052993.0,43116.73680834393,5.329983062204308,964365.3068225058,1715568231.5489793,41419.41853224136,4.294992596603719
3507150,35.07.33,2018,539370.8607,6396320734.0,79977.00128161846,14.827831295488163,1101898.7314388356,6116326690.808952,78206.9478423046,7.097471447324715
3507150,35.07.33,2019,456221.4663,2578116899.0,50775.16025577861,11.12949828239562,820773.3438509691,2472127379.8067102,49720.49255394309,6.05776161304905
3507150,35.07.33,2020,599928.4578,4538076656.0,67365.24813284665,11.228880253469226,850390.6504000386,4168893800.725239,64566.97143838511,7.59262480226137
3507150,35.07.33,2021,895777.1016,2689100712.0,51856.539722584654,5.789000369618809,2005444.1193390589,2355846461.8807545,48537.06276528025,2.4202650324296635
3507150,35.07.33,2022,584821.1074,9419728514.0,97055.28586326455,16.59572211658935,2548174.144965665,9405521845.249155,96982.06971007143,3.805943557730361
3507150,35.07.33,2023,1098381.761,172000000000.0,414728.8270665544,37.75816767832823,1961728.0653510077,172769265426.517,415655.2242261812,21.188218263666883
3507150,35.07.33,2024,1021914.332,36161999737.0,190163.08720937406,18.608515533508932,3574755.718509025,34880232468.58762,186762.50284408705,5.224482945144649
3507150,35.07.33,2025,958651.4828,29436895937.0,171571.83899754644,17.897206865671833,593879.5070091789,34492798082.77559,185722.36828873248,31.2727356470076
3507160,35.07.13,2018,999055.0014,3710689728.0,60915.43095144284,6.097305039870736,3530887.127963326,3346785058.841274,57851.4049858884,1.6384382419853234
3507160,35.07.13,2019,961551.4836,22708436162.0,150693.18551945206,15.671879050642657,2243456.659666996,25778804009.142765,160557.7902474457,7.156714597342738
3507160,35.07.13,2020,1307786.015,22673964572.0,150578.765342262,11.514021683605632,2266452.5211167666,22204960343.907726,149013.28915203412,6.574736852577422
3507160,35.07.13,2021,1270865.447,27560357361.0,166013.12406252706,13.062997696130383,5557216.213037019,29118638570.844994,170641.84296603512,3.0706353041603065
3507160,35.07.13,2022,1320502.807,22530923853.0,150103.04411636695,11.367112839190424,5432145.701925004,23263504747.413223,152523.78420237685,2.807799948155415
3507160,35.07.13,2023,1480417.376,79790997587.0,282473.0032888099,19.080632791006224,5395273.747819012,76976822122.26205,277446.97173020657,5.142407683064494
3507160,35.07.13,2024,1525207.87,82579260415.0,287366.07387616235,18.841108777924305,7256893.546937082,96119154930.92036,310030.89351050224,4.272226008349771
3507160,35.07.13,2025,1896081.49,49295420604.0,222025.72059110628,11.709714047738858,1409404.142527744,55876627230.16751,236382.3750413036,16.771795108914294
3507170,35.07.12,2018,1395353.213,35869088083.0,189391.36221855527,13.573005060945473,1666275.7161856815,40748637799.92591,201862.91833797982,12.114616829444643
3507170,35.07.12,2019,901568.6813,5229086686.0,72312.42414689194,8.020733821700905,1283865.1069068157,5004064226.290416,70739.41070075729,5.509878749737813
3507170,35.07.12,2020,1126868.113,48020498810.0,219135.79992780733,19.446446074724218,1086540.1664308081,41833079528.61603,204531.3656352395,18.82409614980987
3507170,35.07.12,2021,1024067.512,3744151924.0,61189.475598341254,5.975140787235643,1570410.7792221569,4108082325.1336074,64094.32365766572,4.081373135340576
3507170,35.07.12,2022,827164.1379,32237147486.0,179547.06203667048,21.70634023042919,1616978.1229895798,31654183508.01751,177916.22609536632,11.003007620562153
3507170,35.07.12,2023,1054194.632,34878433006.0,186757.6852662294,17.715674088751136,1389225.1981410626,35352850229.41649,188023.53637089292,13.534417358862283
3507170,35.07.12,2024,1019152.331,332956828.2,18247.104652519534,1.7904197535039084,1866689.1137939785,318136557.87170076,17836.382981751114,0.9555090266476836
3507170,35.07.12,2025,984741.3501,34433926.31,5868.042800627821,0.5958968616512269,982185.0547659447,44372595.917437725,6661.275847571374,0.6782098562025829
3507180,35.07.31,2018,1201977.689,3029867608.0,55044.23319476801,4.579472123194128,1034844.4183727935,3168042349.6321692,56285.365323787046,5.439017143494004
3507180,35.07.31,2019,1338235.141,8.5e-22,2.91547594742265e-11,2.178597660530759e-15,1650456.5077735356,1.3014795079507522,1.1408240477614207,6.912172737592409e-05
3507180,35.07.31,2020,952052.8738,4.290000000000001e-21,6.549809157525126e-11,6.879669541232917e-15,1174174.712026716,1.3800961431357353,1.1747749329704542,0.00010005111853777724
3507180,35.07.31,2021,2038211.33,222000000000.0,471168.75957558985,23.1167765893829,1212056.6638257161,194725456456.50116,441277.0744741915,36.40729741803916
3507180,35.07.31,2022,1413203.321,92053437046.0,303403.0933362414,21.469174946571002,1781882.0626822035,88045369977.57051,296724.4007114523,16.65230302979781
3507180,35.07.31,2023,2063160.234,840059712.3,28983.78360911494,1.4048246535327,1331339.1434173808,699064871.126769,26439.834930021196,1.9859579026688463
3507180,35.07.31,2024,837154.503,3799858411.0,61642.99158055196,7.363394852401811,1856724.0664247891,3970146273.808696,63009.096754426624,3.3935627750952593
3507180,35.07.31,2025,2646181.001,8.5e-22,2.91547594742265e-11,1.1017673947174748e-15,3263556.993865501,1.5364231829824926,1.2395253861791184,3.798081015619003e-05
3507190,35.07.20,2018,395630.0763,2.39e-22,1.5459624833740307e-11,3.907595948801809e-15,487933.85713391216,1.3313905550778273,1.153858984052136,0.0002364785651132757
3507190,35.07.20,2019,941664.1118,113000000000.0,336154.72627943225,35.69794389178422,798403.974302636,112664424828.35619,335655.2171922197,42.04077484526513
3507190,35.07.20,2020,578137.7716,30027836.44,5479.7660935481545,0.9478304934795848,1339033.9461968062,32061779.938439097,5662.312243106971,0.42286547396273005
3507190,35.07.20,2021,1835371.249,73515590589.0,271137.58608684264,14.772901462555419,1922303.3880048236,76600872285.8726,276768.6259059589,14.39775987666648
3507190,35.07.20,2022,1718659.389,122000000000.0,349284.9839314596,20.323106845195817,3550397.034900306,120913467366.82549,347726.13845787535,9.79400712201303
3507190,35.07.20,2023,1896301.985,213000000000.0,461519.23036857304,24.337855152779003,3330390.229245853,194935215264.47513,441514.68295457074,13.257145636490444
3507190,35.07.20,2024,1654115.6,4147220667.0,64398.91821296379,3.8932537854648,4285023.474818772,3564575106.6623673,59704.06273162964,1.393319385120865
3507190,35.07.20,2025,1069320.756,47028245.63,6857.714315280275,0.6413149914842086,897464.4334800828,53976572.68303232,7346.875028407134,0.8186257587855911
3507200,35.07.32,2018,731340.5241,3365128913.0,58009.73119227497,7.9319727651715635,1270153.7960675126,3185257267.2392316,56438.08348304566,4.443405488200092
3507200,35.07.32,2019,967254.0928,8900632701.0,94343.16456956486,9.753710557735761,890700.0849721029,9114461879.268282,95469.6908933316,10.718500256606774
3507200,35.07.32,2020,1203167.662,14436136488.0,120150.4743561173,9.986178830338051,1121559.2069014045,13483362703.113392,116117.88278776612,10.353254832490887
3507200,35.07.32,2021,986036.1241,4550672941.0,67458.67580230137,6.841400041390367,1289217.0103804232,4794075862.59526,69239.26532391328,5.370644722061346
3507200,35.07.32,2022,933021.4747,189497610.1,13765.813092585558,1.4754015278171129,1368375.7406839945,212813818.6813496,14588.139658001277,1.0660916606654594
3507200,35.07.32,2023,817347.6999,614752446.3,24794.2018685821,3.0334950317491067,1195681.6225974257,630139877.9000812,25102.587075839037,2.099437392146892
3507200,35.07.32,2024,889191.7237,16879332189.0,129920.484100853,14.611076625887067,1252780.6262042115,19595337492.15291,139983.3471958465,11.173811620952405
3507200,35.07.32,2025,1350737.142,79339844032.0,281673.29307550617,20.853301824397906,942455.1756496568,70296052988.31625,265134.0283485246,28.13226933214743
3507210,35.07.21,2018,984994.8878,8786902081.0,93738.47705718287,9.516646047427626,1832862.9107850343,9367655322.307371,96786.64847130193,5.280626712548141
3507210,35.07.21,2019,1103731.733,2910444420.0,53948.53491986599,4.887830376429522,1307218.8679478092,3088530320.426504,55574.547415399655,4.2513575024085775
3507210,35.07.21,2020,1032270.045,1397169901.0,37378.735947059526,3.6210230189387627,1457397.367204016,1354448952.8423178,36802.83892367976,2.5252439555510637
3507210,35.07.21,2021,1627529.747,55944102064.0,236525.05589049123,14.532763921917505,2280766.9309370704,56215115527.2387,237097.27018090844,10.395506308200252
3507210,35.07.21,2022,1003512.201,4950018999.0,70356.37141723555,7.011013054661959,2458645.5766926385,4350154666.856096,65955.70230735245,2.6826030938577095
3507210,35.07.21,2023,1344346.197,23527870419.0,153387.97351487502,11.409856617080536,1653706.4244723136,25581995516.55127,159943.72609312084,9.671833145605502
3507210,35.07.21,2024,1266090.757,12166280761.0,110300.864733691,8.711924016809721,2080223.6714909005,13468366667.010794,116053.2923574803,5.578885287576055
3507210,35.07.21,2025,1117204.138,42936658769.0,207211.6279772928,18.547338031547177,1329335.7909520501,36114008440.49162,190036.86074151937,14.295625080960006
3507220,35.07.19,2018,1080758.74,11604573721.0,107724.52701683123,9.967490710908452,1815309.802939111,11387175851.99794,106710.71104625786,5.878374637402713
3507220,35.07.19,2019,935337.6774,17699207638.0,133038.36904442267,14.22356569813753,1584409.9996673497,17596220546.085495,132650.7464965256,8.372248756595573
3507220,35.07.19,2020,737622.5671,6362345190.0,79764.31025214221,10.813702537022367,1535888.5551778171,5994965125.44553,77427.16012773251,5.041196502617887
3507220,35.07.19,2021,1327636.74,16694581344.0,129207.51272275153,9.732143502050986,4295165.118469564,18867888040.239426,137360.43113007263,3.198024461025059
3507220,35.07.19,2022,972689.6301,2010686214.0,44840.67588696673,4.609967506526904,4080765.061126706,2051974067.5427074,45298.7203742303,1.1100546024015225
3507220,35.07.19,2023,1602599.61,4248184057.0,65178.09491692742,4.067023011251539,3441791.1021774057,4465144795.478884,66821.73894384135,1.941481541444146
3507220,35.07.19,2024,1716124.14,3995006950.0,63206.06735116495,3.6830708150964506,5307605.107125756,3701821384.8787737,60842.595152399386,1.1463285968791237
3507220,35.07.19,2025,1373845.427,16342981294.0,127839.67026709666,9.305244080205878,870231.9987231342,14958702387.564125,122305.77413828067,14.054387142478827
3507230,35.07.15,2018,563978.7603,6.49e-22,2.5475478405713992e-11,4.51709890495924e-15,695559.6865343305,1.3879536153411305,1.178114432192871,0.0001693764683319845
3507230,35.07.15,2019,563978.7603,6.49e-22,2.5475478405713992e-11,4.51709890495924e-15,695559.6865343305,1.1818183538408753,1.0871146921281467,0.00015629351631126919
3507230,35.07.15,2020,753580.7995,12397493692.0,111344.03303275842,14.775327756046208,1050479.2299454717,11194710639.653078,105805.05961272871,10.072075353476608
3507230,35.07.15,2021,983331.3767,7490670119.0,86548.65752280621,8.801575905495685,1641105.7057581753,9125883833.515347,95529.49195675306,5.821044410580447
3507230,35.07.15,2022,865659.2876,934753322.4,30573.735826686276,3.5318440250841103,1899277.9879237737,1160076845.1649964,34059.900839036454,1.79330782832215
3507230,35.07.15,2023,1165504.622,70105867392.0,264775.1260824929,22.717638444722777,1674984.2717061082,73653397453.1372,271391.59429344384,16.202635384570467
3507230,35.07.15,2024,995082.841,42347489525.0,205785.05661247612,20.68019346064436,2263968.525277792,41208523625.2051,202998.8266596758,8.966503924111205
3507230,35.07.15,2025,674106.1599,1.91e-21,4.370354676682432e-11,6.483184603046426e-15,831380.7226029063,1.157798211057814,1.0760103210740193,0.0001294244973235873
3507240,35.07.16,2018,815482.9677,587671922.3,24241.94551392276,2.9727102188651586,1596499.6721192065,605065761.024763,24598.084499097953,1.5407509897228013
3507240,35.07.16,2019,915879.5078,11805018097.0,108650.90012052363,11.863012459085356,1295330.9721439672,10531738141.916811,102624.25708338556,7.922628215515222
3507240,35.07.16,2020,1150133.447,56478952208.0,237653.00799274558,20.663081193981274,1501403.4735816407,52636027500.162415,229425.42906173764,15.280731202415346
3507240,35.07.16,2021,880780.5711,1031239731.0,32112.921558151633,3.645961617664438,2153636.3369083493,907933411.6687117,30131.933420686957,1.3991189182823145
3507240,35.07.16,2022,922292.0472,14956626985.0,122297.28936080309,13.260147881800263,1939621.1088872966,16840542547.822317,129771.11599975673,6.690539477279797
3507240,35.07.16,2023,1038315.231,4990816721.0,70645.71268661672,6.80387907038385,1887826.9788752627,5222884350.462512,72269.52573846401,3.828185874402592
3507240,35.07.16,2024,1020003.194,9548061734.0,97714.18389363952,9.579791952459269,2292614.5712968954,8946989713.913895,94588.5284477663,4.125792866886433
3507240,35.07.16,2025,1320644.159,24223231513.0,155638.14286028987,11.785017318983188,1299084.0076881575,24374045617.323654,156121.89345932123,12.017844306863177
3507250,35.07.18,2018,1151499.517,39206223248.0,198005.6141830327,17.19545785819315,3576957.372175556,36321718244.53954,190582.57592062172,5.328063940686738
3507250,35.07.18,2019,862317.6908,11747761800.0,108387.09240495383,12.569276214709177,2421025.793854482,12229368273.846869,110586.47419032252,4.567752829029521
3507250,35.07.18,2020,1060537.716,2636253775.0,51344.461970109296,4.8413612449129815,2040596.865091875,2819830079.752208,53102.07227361479,2.6022813806108607
3507250,35.07.18,2021,1082611.275,11789821783.0,108580.9457639783,10.029541375687069,4929667.512272993,12038114682.296518,109718.34250614853,2.2256742920895105
3507250,35.07.18,2022,1166183.124,58674626124.0,242228.45853450004,20.7710481784077,4292232.525889178,59209273626.02214,243329.55764974823,5.669067465056314
3507250,35.07.18,2023,1419935.364,121000000000.0,347850.5426185217,24.49763217662362,4268365.271483894,134653834199.59879,366952.0870626011,8.597016977767472
3507250,35.07.18,2024,1533371.965,87529919638.0,295854.55825117853,19.29437638121801,5681663.848781986,89753198915.41365,299588.3824773812,5.272898757317469
3507250,35.07.18,2025,1239654.793,38923812242.0,197291.1864275746,15.915010173931107,1795422.1526568586,33697114662.275,183567.73862058387,10.224210409175416
3507260,35.07.17,2018,1145688.341,14651948328.0,121045.2325703082,10.565284487808906,2968031.940995358,14601155881.56341,120835.24271322257,4.071224471819509
3507260,35.07.17,2019,808072.5868,5826066559.0,76328.67455288347,9.44576957562044,1616607.7501171941,4842068917.9723835,69584.97623749242,4.3043821998532374
3507260,35.07.17,2020,998945.9217,13659474528.0,116873.75465860587,11.699707874046961,1269751.4305771594,13406802945.443762,115787.74954823054,9.118930426847385
3507260,35.07.17,2021,873381.9797,241870692.6,15552.19253353044,1.7806862169142186,2945612.038364356,241276269.1102969,15533.070176571562,0.5273291246187597
3507260,35.07.17,2022,1089945.712,3926527933.0,62662.01347706599,5.749094912450648,2399700.3316069464,4927977216.997837,70199.55282619568,2.9253466318932797
3507260,35.07.17,2023,1279919.419,36312436284.0,190558.22281916885,14.888298434291421,2398677.211719992,34211987389.172695,184964.82743800967,7.711117883401204
3507260,35.07.17,2024,1037199.232,17494707261.0,132267.55936736718,12.752377295181722,3017930.6195364855,20612231833.826797,143569.60623274968,4.757220239039162
3507260,35.07.17,2025,1633097.854,58554536600.0,241980.44673072244,14.81726561197982,1470551.260234027,58866005732.36272,242623.17641223542,16.498790825803912
3507270,35.07.25,2018,1231461.655,62895590465.0,250789.93294189463,20.3652246843118,3070876.823955758,66781437883.24676,258421.04767848682,8.4152202283907
3507270,35.07.25,2019,809599.3472,15787152744.0,125646.9368667617,15.519644043848569,2567689.203541096,17159361169.042385,130993.744770666,5.101619954237949
3507270,35.07.25,2020,805233.7288,7329685227.0,85613.5808560768,10.632140432525409,2100836.527500784,7294009553.622584,85404.97382250395,4.065284123943911
3507270,35.07.25,2021,965700.6268,11473308918.0,107113.5328424938,11.091794896875157,4137744.307535299,12678373526.995356,112598.2838545746,2.721247991315472
3507270,35.07.25,2022,915834.8466,11967276242.0,109395.04669773673,11.944844324701274,3495510.796410384,10341228001.335447,101691.82858684097,2.909212258513706
3507270,35.07.25,2023,1193502.517,8606517022.0,92771.315728516,7.773030589135825,2678168.481466794,7943826830.826983,89128.14836417833,3.3279515079411333
3507270,35.07.25,2024,981328.9205,24749402579.0,157319.4284854862,16.03126385038463,3553869.157983248,30938074150.16826,175892.2231088352,4.949316232245607
3507270,35.07.25,2025,1413044.072,10036321317.0,100181.4419790412,7.089760607200736,1407548.1450949188,9435241222.853691,97135.16985548381,6.901019350136221
3507280,35.07.24,2018,1401215.525,44463947711.0,210864.76166254046,15.048702922595758,8459492.917842338,39875879393.598694,199689.4573922186,2.3605369651772348
3507280,35.07.24,2019,1259312.838,34447867934.0,185601.3683516369,14.738305109825053,5044954.782351724,34908090974.81381,186837.0706653629,3.7034439103192143
3507280,35.07.24,2020,1146985.099,19584565228.0,139944.8649575968,12.201105758009223,4568237.918375574,20745321277.63424,144032.36191090613,3.152908506177866
3507280,35.07.24,2021,1393826.622,30225921700.0,173856.03728372508,12.473290044801933,10964778.354702948,31818670667.010353,178377.88727028458,1.6268262020433435
3507280,35.07.24,2022,1364186.398,34075098720.0,184594.41681697743,13.531465867685439,10481833.096142998,34621428268.04324,186068.34300343314,1.7751507899119359
3507280,35.07.24,2023,1782187.223,199000000000.0,446094.1604639092,25.03071252598186,9165523.830646591,201897465991.63394,449330.0190190212,4.902393221832066
3507280,35.07.24,2024,1476781.432,47299586817.0,217484.68179851197,14.726937723206149,13550640.353974175,47065253875.193634,216945.27852708302,1.600996505404681
3507280,35.07.24,2025,1229139.685,17179484489.0,131070.5324968202,10.66359943433282,1812578.5751360122,14355694116.199081,119815.24993171396,6.610209983460898
3507290,35.07.23,2018,1022696.156,16513367070.0,128504.34650236544,12.565251736642438,2816506.2480554767,13285059067.123856,115260.8305849123,4.09233356625744
3507290,35.07.23,2019,1449753.165,45591372211.0,213521.3624230606,14.72811838441895,1591700.4623616221,46829796541.27634,216401.93285013962,13.595644279016033
3507290,35.07.23,2020,847136.549,5626885497.0,75012.56892681385,8.85483798513501,1893901.7938039063,4783379236.115878,69161.97825478879,3.6518249510644787
3507290,35.07.23,2021,1370568.775,6111514898.0,78176.17858401625,5.703922343044496,2125585.044337134,6185497322.351196,78647.93272776593,3.700060505096957
3507290,35.07.23,2022,1106521.227,18349831617.0,135461.55032702084,12.242110410686307,2879239.0000110073,17674313558.885757,132944.77635050486,4.617358140466861
3507290,35.07.23,2023,968280.2366,7035077361.0,83875.3680230376,8.66230300409269,2211113.395929914,7431484509.94492,86206.0584294684,3.898762432906036
3507290,35.07.23,2024,1505454.092,69226398502.0,263109.09999846073,17.47705900808437,2501087.8009114913,72171638422.47629,268647.79623603146,10.741238117995138
3507290,35.07.23,2025,2122512.887,392000000000.0,626099.0336999411,29.498008588531178,1557526.2630994418,405111564721.01874,636483.7505553608,40.86504129238711
3507300,35.07.22,2018,3760129.017,1.91e-19,4.3703546766824315e-10,1.162288489816048e-14,4637398.328621351,1.3920596595808126,1.1798557791445583,2.5442191839822326e-05
3507300,35.07.22,2019,3447245.69,1820000000000.0,1349073.7563232041,39.134830460059376,3557271.5053492053,1838302318842.9084,1355840.0786386677,38.1146076873761
3507300,35.07.22,2020,2378132.873,538000000000.0,733484.8328356899,30.842886920376454,3709520.423636858,479862792886.94037,692721.2952457434,18.67414695527114
3507300,35.07.22,2021,1868783.709,69605805357.0,263829.1215104959,14.117691642960265,4513819.60634178,60099645310.26064,245152.2900367456,5.431149479086715
3507300,35.07.22,2022,2711891.016,152000000000.0,389871.7737923586,14.376380595390364,3567695.294989284,172393766847.93866,415203.283763434,11.637857200040989
3507300,35.07.22,2023,2821587.22,161000000000.0,401248.0529547776,14.220650352774761,3691120.3001761925,141109967857.22946,375646.06727241195,10.177020436166245
3507300,35.07.22,2024,2480523.867,121000000000.0,347850.5426185217,14.023269328152837,4186732.9249108145,119169282682.06068,345209.0420050736,8.245308411030953
3507300,35.07.22,2025,1768849.431,9276541974.0,96314.80661871258,5.445053995594302,2130949.220540451,8797241157.645777,93793.60936463517,4.401494341608349
3507310,35.07.26,2018,719102.887,3623009305.0,60191.43880154386,8.37035143227618,1798276.3479431686,3407068211.137676,58370.096891624875,3.2458913758381676
3507310,35.07.26,2019,1085671.264,52441395382.0,229000.8632778488,21.093020592083096,1305451.8546443842,55658328273.63885,235920.17351985574,18.071916837110958
3507310,35.07.26,2020,1074985.689,102000000000.0,319374.38845342625,29.709640948850456,1769876.6758605482,88840674251.35542,298061.5276270244,16.84080770667827
3507310,35.07.26,2021,1092083.158,5916165462.0,76916.61369301174,7.043109595598372,3609052.7765022204,5722523415.6140175,75647.36225152876,2.0960447778445563
3507310,35.07.26,2022,801096.5002,3420314225.0,58483.45257421111,7.300425424354026,3001902.9195470875,2857987404.1839294,53460.14781296372,1.7808753062883702
3507310,35.07.26,2023,1126718.948,6614879375.0,81331.90871361621,7.218473502907329,2175926.742102938,5791458039.978986,76101.62968017824,3.497435286200369
3507310,35.07.26,2024,1037496.378,3734788609.0,61112.91687524005,5.890422190489811,3034090.603982707,3611329818.6539183,60094.340986934185,1.9806376549220774
3507310,35.07.26,2025,1115084.789,22020503406.0,148393.0706131523,13.307783594306771,1091852.33205631,16627377787.31313,128947.18991631082,11.80994774938674
3507320,35.07.27,2018,767742.487,5410542473.0,73556.38974963358,9.580867412595545,1704542.1721695564,4708825053.293443,68620.87913524164,4.02576599485951
3507320,35.07.27,2019,1231418.804,5.540000000000001e-21,7.443117626371358e-11,6.044342998656498e-15,1518719.032693899,1.3509403546192487,1.1622995976164014,7.653157513636463e-05
3507320,35.07.27,2020,891538.7385,48356104228.0,219900.21425182832,24.66524501468181,1736420.912279128,48139116885.05627,219406.28269276218,12.63554712692223
3507320,35.07.27,2021,1010931.823,707296908.7,26595.054215022763,2.6307465656883138,2323437.324666451,660000508.0002189,25690.475044269206,1.1057098365223725
3507320,35.07.27,2022,598452.1662,33641695100.0,183416.7252460909,30.648518896795817,1959410.5649877486,31914597350.566895,178646.57105740064,9.117362856442373
3507320,35.07.27,2023,1767848.313,62393138603.0,249786.18577295262,14.129390170872233,1180826.6743689799,68243865855.020515,261235.26916368035,22.12308333086068
3507320,35.07.27,2024,1678016.165,172000000000.0,414728.8270665544,24.715425018957095,2229201.2073640246,151478567065.48087,389202.4756672044,17.459279780645137
3507320,35.07.27,2025,2006477.728,5.42e-20,2.3280893453645632e-10,1.1602866619831044e-14,2474605.637246716,1.5617387878057147,1.2496954780288336,5.0500793306979773e-05
3507330,35.07.28,2018,703567.1542,2.91e-22,1.705872210923198e-11,2.42460467453584e-15,867715.2114219491,1.4406557719713526,1.2002732072204865,0.00013832570772310946
3507330,35.07.28,2019,681149.4051,1.8300000000000003e-21,4.277849927241488e-11,6.280340106314053e-15,840067.2153724035,1.333576927312797,1.1548060128492565,0.00013746590650336578
3507330,35.07.28,2020,1134144.724,1.73e-23,4.159326868617084e-12,3.6673687057747004e-16,1398750.1023804138,1.257601615686156,1.1214283818800717,8.017360499002704e-05
3507330,35.07.28,2021,1030264.847,35281631680.0,187834.05356856887,18.2316279270828,1238098.603959614,33924369514.620243,184185.6930236989,14.876496301235385
3507330,35.07.28,2022,949114.6693,27990154650.0,167302.5841103478,17.627225615819253,1325785.0755077389,30676575491.335995,175147.29655731484,13.21083634089321
3507330,35.07.28,2023,1176293.321,95571929646.0,309147.1003357463,26.28146354456316,1095865.9644614498,100082119720.94226,316357.5820506635,28.868273339078804
3507330,35.07.28,2024,1091227.889,47542995024.0,218043.5622163608,19.981487314824374,1435123.9350650017,59349648500.370125,243617.83288661388,16.97538637146203
3507330,35.07.28,2025,1123506.574,39058275974.0,197631.6674371797,17.590610683616678,823416.8385625456,35158272472.395935,187505.39318215873,22.771624819998877
3508010,35.08.01,2018,1016391.901,15111867177.0,122930.3346493452,12.094777076479794,1107297.962537998,14285069427.351519,119520.16326692128,10.793857417832992
3508010,35.08.01,2019,860567.6579,1467748225.0,38311.20234343997,4.451852447828317,878500.049393827,1454746128.9609036,38141.13434287061,4.341620056730599
3508010,35.08.01,2020,529627.8706,1.91e-21,4.370354676682432e-11,8.251746026377698e-15,653194.4491285852,1.3069760533112704,1.1432305337556683,0.00017502147106130975
3508010,35.08.01,2021,912285.7215,2548675264.0,50484.40614684895,5.533837147406121,898978.5054319656,2785868235.484479,52781.32468482085,5.871255471170476
3508010,35.08.01,2022,1608838.603,18657835748.0,136593.68853647666,8.490204566310787,1061879.0950623637,17458843612.692085,132131.9174639197,12.443216753990214
3508010,35.08.01,2023,1599905.918,41924052554.0,204753.63868317456,12.797854947566645,1323666.4137812525,34558368525.3198,185898.81259792866,14.044234307258781
3508010,35.08.01,2024,1329249.589,17526929693.0,132389.31109798857,9.959702992843173,1441813.6200301817,20211975160.333183,142168.82626065807,9.860416373212095
3508010,35.08.01,2025,1112218.616,44370757761.0,210643.6748658739,18.9390531533662,940031.4084346133,40136245032.8439,200340.3230326933,21.312088216957548
3508020,35.08.02,2018,617821.229,19809416911.0,140745.93035324325,22.78101232957847,1131351.524669367,20413070215.161827,142874.31614941094,12.628640438803085
3508020,35.08.02,2019,525579.6948,392535847.9,19812.5174548819,3.7696504737347585,917474.2329821272,416583759.84637046,20410.383628103868,2.224627449401238
3508020,35.08.02,2020,729169.6912,4901557471.0,70011.12390899035,9.601485738357079,1045496.5095282425,4927711612.749795,70197.66102050549,6.714289371676683
3508020,35.08.02,2021,894642.5487,3133776994.0,55980.148213451524,6.257264233049943,1435626.9069562042,2950498210.0098853,54318.48865726923,3.783607592897135
3508020,35.08.02,2022,688760.705,10889449754.0,104352.52634220218,15.150766526699892,1575273.9366730365,9215622212.635792,95998.032337313,6.094053237499753
3508020,35.08.02,2023,961007.7632,13447827453.0,115964.7681539527,12.066995980116625,1185527.842756232,12176365485.133848,110346.56988386113,9.307800787480161
3508020,35.08.02,2024,977184.3934,22284514362.0,149279.9864750798,15.276542225124714,1509182.6292109808,16586893880.645391,128790.11561702006,8.533766101214212
3508020,35.08.02,2025,1035687.361,114782542.7,10713.66149829273,1.0344493813218147,908678.4242210942,127923043.98014216,11310.306979925088,1.2446985290335375
3508030,35.08.03,2018,650559.5589,2562208829.0,50618.265764445154,7.780727386441474,1517566.3311038367,2386169377.4177647,48848.43270175374,3.218866398164139
3508030,35.08.03,2019,630988.9735,2318450793.0,48150.29379972671,7.630924758105414,1064308.2771372786,2480177690.8941894,49801.38241950909,4.679225323086116
3508030,35.08.03,2020,617663.3558,4998489832.0,70699.99881188117,11.446364455328624,1183509.63939305,4998900039.211276,70702.89979351113,5.974002867418159
3508030,35.08.03,2021,949830.5387,8792858503.0,93770.2431638097,9.872312938279473,1213885.6833406026,8320936628.44248,91219.16809773305,7.514642387633959
3508030,35.08.03,2022,684335.0862,5332046498.0,73020.8634432653,10.670337516776778,1676588.9808408439,5180387479.318977,71974.90867878178,4.292936998946807
3508030,35.08.03,2023,691985.4615,436788596.6,20899.487950665203,3.0202206713074427,1247117.746709791,458411507.55691177,21410.54664311287,1.7168023388007472
3508030,35.08.03,2024,790829.5303,15605556917.0,124922.2034587927,15.796350372931023,1369312.657782849,14908237366.690054,122099.29306384233,8.916830817991702
3508030,35.08.03,2025,840222.0724,7528018524.0,86764.15460315395,10.326336031059252,1372101.8203016089,7318969756.33439,85550.9775299756,6.235031268391597
3508040,35.08.04,2018,777831.0645,7043253599.0,83924.0942697626,10.789501486895501,1827553.594876063,6523690547.772889,80769.36639452416,4.419534760620883
3508040,35.08.04,2019,854730.1545,15271058579.0,123576.12463174268,14.4579109536661,1958061.4913757143,14229587190.4851,119287.83337157691,6.092139286584226
3508040,35.08.04,2020,661424.0017,4742801151.0,68867.99801794735,10.412080275427257,2632460.225572063,6085209447.679397,78007.7524844768,2.963302226818065
3508040,35.08.04,2021,875562.8642,586208498.6,24211.742989714723,2.765277512293414,1421200.5450512776,674028850.4195534,25962.065603868145,1.826770028640217
3508040,35.08.04,2022,772194.622,1183264030.0,34398.60505892644,4.454654834273948,2141219.1813580524,1100793671.056796,33178.21078745501,1.5495009140732607
3508040,35.08.04,2023,810594.2219,4188398337.0,64717.836312719846,7.98399921492456,1856402.4437263692,4654587397.154812,68224.53662103401,3.675094096735104
3508040,35.08.04,2024,933923.0638,7276806866.0,85304.20192464144,9.133964587784222,2175265.6570160883,6980605828.685288,83550.01992031652,3.840911092897312
3508040,35.08.04,2025,1043325.638,59657739804.0,244249.339413641,23.41065248639476,1062528.8980428549,63138212692.23968,251273.18339257708,23.648597591596282
3508050,35.08.05,2018,868259.5331,12266951076.0,110756.26878872365,12.756124703092379,1891270.4014631144,12267347834.611656,110758.05990812433,5.856278394799616
3508050,35.08.05,2019,744402.574,4646586611.0,68165.87570771757,9.157125201949874,1236427.9618831403,4998962458.512681,70703.34121180329,5.71835508347115
3508050,35.08.05,2020,915036.2366,15387406040.0,124045.98357060981,13.556401223139256,1174326.5790705206,14979665339.365444,122391.44308065594,10.422266281116515
3508050,35.08.05,2021,1234837.789,13299112638.0,115321.77868035162,9.339022477903097,2568484.6951009026,13967606131.612331,118184.62730665242,4.6013366375932225
3508050,35.08.05,2022,1280476.693,6878086094.0,82934.22751795546,6.4768244491550035,2746566.465416317,8045996770.395591,89699.4803239996,3.2658769213656442
3508050,35.08.05,2023,1538267.223,17940315019.0,133941.46116494323,8.707294751020203,2697775.609897056,16889708041.57459,129960.40951603142,4.817317238663543
3508050,35.08.05,2024,1062601.388,362824706.3,19047.958061167607,1.7925779390349907,3548750.7064700266,323524740.3233024,17986.793497544313,0.5068486063208405
3508050,35.08.05,2025,1295814.214,20552113552.0,143360.0835379221,11.063320805487175,962887.9195051063,19666780460.171005,140238.29883512922,14.564342951483619
3508060,35.08.10,2018,890505.4777,13540804826.0,116364.9639109642,13.067293444562738,3109720.024843277,11658250742.832605,107973.37978794868,3.4721254301145748
3508060,35.08.10,2019,921203.1366,8277918041.0,90983.0645834707,9.876547415944902,2184187.0677329856,6341932638.020758,79636.25203398737,3.6460362397733426
3508060,35.08.10,2020,1220927.575,10834678982.0,104089.76405968072,8.525465899128433,2366200.508848841,11582308209.02994,107621.13272508304,4.5482676688900225
3508060,35.08.10,2021,1755590.353,76264534591.0,276160.34217642475,15.730340606196346,4210468.48156957,85013521664.9403,291570.7832841629,6.924901220860624
3508060,35.08.10,2022,4034794.342,884000000000.0,940212.7418834526,23.30261872572668,4350874.234346558,834447831488.2756,913481.1609925383,20.995347412741996
3508060,35.08.10,2023,4257022.036,2740000000000.0,1655294.5357246848,38.88386110587389,6581669.719025532,2293200580932.445,1514331.7275063759,23.008321476979017
3508060,35.08.10,2024,3336626.605,1870000000000.0,1367479.4331177343,40.983891666767256,8094632.942615077,2233998427806.152,1494656.6253846239,18.46478569171236
3508060,35.08.10,2025,1454807.049,31911558008.0,178638.0642752266,12.279158559069273,2265092.1130925007,23861749417.21354,154472.48757372148,6.819700032544028
3508061,35.08.21,2018,819654.2809,1.2e-22,1.0954451150103322e-11,1.336472145070123e-15,1010886.4283932601,1.3557931436527095,1.1643853072126553,0.00011518458201712846
3508061,35.08.21,2019,625779.1041,2.33e-21,4.827007354458868e-11,7.713596255984138e-15,771778.5635331307,1.3865429354174725,1.1775155775689223,0.00015257168742525905
3508061,35.08.21,2020,744597.7725,185206438.2,13609.057212018766,1.8277058721685562,680420.7306166126,180505498.5645834,13435.233476370382,1.974547933628517
3508061,35.08.21,2021,1036293.667,1.62e-22,1.2727922061357856e-11,1.2282157526065298e-15,1278069.5815434798,1.2827726536343775,1.1325955384135935,8.861767424632683e-05
3508061,35.08.21,2022,867486.8941,8271819473.0,90949.54355575403,10.484255632485645,998219.9626119412,7693639777.333719,87713.39565501794,8.786980719711032
3508061,35.08.21,2023,848402.0095,3265553044.0,57145.01766558481,6.735606118998096,783982.3383732613,3244726748.9729,56962.50300832031,7.265789064395981
3508061,35.08.21,2024,1211774.305,1815161478.0,42604.71192250923,3.51589497703611,902562.1916300643,2021887969.6272984,44965.40858957359,4.981973431477805
3508061,35.08.21,2025,1229455.615,9718350470.0,98581.69439606929,8.018320726126358,907678.5260472111,9479280055.947746,97361.59435808222,10.726440205881675
3508070,35.08.09,2018,730404.3171,1304881600.0,36123.14493506899,4.945636832828762,1212133.887715091,1465220145.748497,38278.19412862233,3.1579179921104163
3508070,35.08.09,2019,683901.4577,5302439141.0,72817.84905502222,10.647418313730874,678870.9654580359,3791227584.0445137,61572.94522795311,9.069904055538696
3508070,35.08.09,2020,798491.1234,1674622083.0,40922.146607918796,5.124934443061937,626312.405344103,1397898162.0190656,37388.476326524265,5.969620912423509
3508070,35.08.09,2021,1137733.56,2666916938.0,51642.2011343436,4.539041736128765,773933.6055211263,2319269842.283811,48158.79818147262,6.2226007293022265
3508070,35.08.09,2022,1048515.999,12248261716.0,110671.8650606377,10.55509550318628,1182456.5951786335,13130660675.400396,114589.09492355892,9.690765427736311
3508070,35.08.09,2023,940189.1347,8954995372.0,94630.8373206113,10.065085186376521,1176254.7406046619,11150177270.420803,105594.39980614882,8.977171029454665
3508070,35.08.09,2024,1168059.088,10495503622.0,102447.56523217133,8.770751949508512,1399776.6567113306,14017759211.97762,118396.61824552937,8.458250655764846
3508070,35.08.09,2025,1023895.725,13922228103.0,117992.49172299058,11.523877758449533,772848.0243948901,15103343655.55338,122895.66166286496,15.901659548018834
3508080,35.08.06,2018,578314.0562,646565468.9,25427.651659168212,4.396858659505674,1273249.2445753,549879921.7705297,23449.51858291615,1.8417068521990665
3508080,35.08.06,2019,859691.6157,19572397482.0,139901.38484661258,16.273438322729078,712320.4567994705,22589770429.04475,150298.93688594323,21.09990460771714
3508080,35.08.06,2020,471681.3415,2505044775.0,50050.42232589052,10.611066820392878,840010.5735377048,2407339595.451118,49064.64710411273,5.840955893861782
3508080,35.08.06,2021,706394.1827,7780471889.0,88206.9832212847,12.48693511095143,922017.4684324346,8131373082.034624,90174.12645562265,9.780088723148808
3508080,35.08.06,2022,786020.9026,22179998529.0,148929.50859047376,18.94727075295895,1259574.4936983974,22244665681.46985,149146.45715359735,11.841019161611428
3508080,35.08.06,2023,1068955.985,37481029002.0,193600.1782075626,18.111145914727498,1331150.250199495,38936232204.41461,197322.6601392111,14.823470161211253
3508080,35.08.06,2024,712744.9406,1910228230.0,43706.15780413556,6.132089519617358,1950188.8019260592,1932619066.71685,43961.56351538069,2.2542208975850473
3508080,35.08.06,2025,1008993.57,3213657228.0,56689.127952368435,5.618383470210661,564377.4364264931,3193896880.348301,56514.57228315809,10.013612989384416
3508090,35.08.07,2018,638162.3501,2877590688.0,53643.17932412284,8.405882815825306,1370930.3176809973,2856917939.0407786,53450.14442488232,3.898822845737056
3508090,35.08.07,2019,660996.0921,3137253582.0,56011.19157811232,8.47375532889513,923105.831956153,3461025066.0764327,58830.47735720349,6.373102121187542
3508090,35.08.07,2020,729741.8854,1707135675.0,41317.49841168993,5.661933244936625,930239.003878041,1837272903.0659838,42863.42150442477,4.607785883599047
3508090,35.08.07,2021,1120923.764,1532109873.0,39142.175118406485,3.4919569354768796,1444122.36262561,1910780305.102042,43712.473106677935,3.0269230806178182
3508090,35.08.07,2022,1040591.477,12792865163.0,113105.54877193249,10.869351832288023,1683331.2271372217,15271779977.395247,123579.04343939245,7.341338498755155
3508090,35.08.07,2023,1266065.106,4611421842.0,67907.45056324822,5.363661808656484,1505495.3215635775,4093067719.8494725,63977.08745988264,4.249570659139432
3508090,35.08.07,2024,856903.8636,12542997535.0,111995.52462040616,13.06978873334679,1904798.4051783176,13206915881.047146,114921.346498582,6.03325507760616
3508090,35.08.07,2025,838667.7752,8201085396.0,90559.84427990146,10.79805936961216,868401.5322348279,9478361251.683586,97356.87572885433,11.211043752802553
3508100,35.08.08,2018,636386.4755,1452739678.0,38114.8222873989,5.989257118868313,820878.2004641208,1566140098.9022973,39574.487980292266,4.820993901155742
3508100,35.08.08,2019,587855.7847,5332164137.0,73021.66895518069,12.421697779574592,759669.8630983409,5774881401.264966,75992.64044145963,10.003377010576793
3508100,35.08.08,2020,516345.2068,5884947924.0,76713.41423766772,14.857001329225417,877734.0413641407,5741850765.920175,75775.00092985928,8.633025194293783
3508100,35.08.08,2021,1026686.031,2545977101.0,50457.676333735384,4.91461603744518,560747.28270601,2734165064.271631,52289.244250339194,9.324921557890727
3508100,35.08.08,2022,1403912.173,259000000000.0,508920.4259999789,36.250161212896536,1008644.0970360304,234749635259.08078,484509.685413079,48.0357429183241
3508100,35.08.08,2023,1753139.3,491000000000.0,700713.921654194,39.96909553360614,1075037.9590857683,542347947673.88055,736442.7660544169,68.50388489358097
3508100,35.08.08,2024,1190533.314,15502349221.0,124508.43032100276,10.458206322902003,1454904.8260088754,18428806839.13561,135752.7415529263,9.330695666556142
3508100,35.08.08,2025,1097849.176,31873905892.0,178532.64657199255,16.26203767100997,872407.7584864954,29851723796.374615,172776.51401847016,19.80455954658325
3508110,35.08.17,2018,838836.0032,21098890677.0,145254.57196591093,17.316206196657312,1032580.3828199632,22484643954.33125,149948.80444448782,14.521756072392122
3508110,35.08.17,2019,621781.0938,2888283.625,1699.4951088485075,0.27332691936033054,908774.9389337267,2943777.3405739246,1715.7439612523556,0.18879745553563046
3508110,35.08.17,2020,976168.0531,44012912023.0,209792.54520358916,21.491437313212064,886598.0548305066,39028187738.0947,197555.53077070432,22.28242321245241
3508110,35.08.17,2021,952599.7894,2053074349.0,45310.86347665425,4.756547710890588,1336322.520007862,2167928041.7101326,46561.01418257696,3.4842647254274386
3508110,35.08.17,2022,1126649.621,506809.9121,711.905830921478,0.06318786405746973,1297088.3761767019,491496.62821754673,701.0682051109911,0.05404937843768672
3508110,35.08.17,2023,1056664.401,37704204351.0,194175.70484228968,18.376289071395494,1270633.2344432853,40808438249.62093,202010.98546767433,15.898449685694182
3508110,35.08.17,2024,1092947.247,47314763371.0,217519.57008738318,19.90211061736479,1553961.8365440613,39971454196.48645,199928.62275443817,12.865735699087057
3508110,35.08.17,2025,1074827.754,22781490575.0,150935.38543032247,14.04275102393034,824003.0192726159,19822488537.206432,140792.35965494163,17.08638880707322
3508120,35.08.18,2018,531848.5333,2713199560.0,52088.38219795274,9.793837706904275,975510.9695605736,2524921115.732104,50248.593171671026,5.151002371024684
3508120,35.08.18,2019,645797.274,5793657090.0,76116.07642278995,11.78637313708914,958756.908024087,5392613757.058756,73434.41806849671,7.659336527737624
3508120,35.08.18,2020,737342.6142,2509317505.0,50093.08839550622,6.793732985290168,1403936.4008948621,2681212915.0949035,51780.42984656369,3.6882318752871637
3508120,35.08.18,2021,1328655.913,5578122129.0,74686.82701119388,5.621231673334966,3506395.4500187305,5600731943.81131,74838.03808098733,2.134329659838783
3508120,35.08.18,2022,782765.2099,4562015248.0,67542.6920399239,8.628729430700252,3098630.9652136024,3893184815.694295,62395.390981179815,2.013643821469996
3508120,35.08.18,2023,840198.2116,4099422782.0,64026.73490035237,7.620432180928528,2244720.550845508,3938102366.0608544,62754.301574161866,2.7956398203119095
3508120,35.08.18,2024,1064186.031,17297492171.0,131519.9306987348,12.358734926744665,2925452.3310168292,17235969318.3053,131285.83060751567,4.487710471832687
3508120,35.08.18,2025,875181.3736,1816545372.0,42620.94991902456,4.869956240465463,649388.5350067435,1737202518.6805398,41679.76149980395,6.418308801736257
3508130,35.08.15,2018,752481.2459,18100011563.0,134536.28344428132,17.879021460976098,1278991.6765508675,17359472681.614334,131755.35162419148,10.301501881505901
3508130,35.08.15,2019,574394.5115,548408626.4,23418.126022378478,4.077010757157709,964618.592409021,604680820.1358805,24590.258643126966,2.5492208875754407
3508130,35.08.15,2020,588225.4094,916880534.7,30280.035249318982,5.147692494311855,870908.5594630981,892766058.4410855,29879.191060687794,3.4308069126232796
3508130,35.08.15,2021,976840.3507,6397985272.0,79987.40695884572,8.188380721734832,1023044.755933451,6748155295.5211935,82147.1563447037,8.02967376239084
3508130,35.08.15,2022,859046.2994,14214471603.0,119224.45891259058,13.878700018364876,1454965.5365715846,11787083676.356297,108568.33643542806,7.461918080290314
3508130,35.08.15,2023,887246.406,11511010133.0,107289.37567625231,12.092399016858042,1332949.6140958664,10568878991.530746,102805.0533365493,7.712598604582777
3508130,35.08.15,2024,1913258.324,98153998909.0,313295.38603209594,16.37496526747613,1687167.0914702173,97998958590.49077,313047.85351522657,18.55464435608645
3508130,35.08.15,2025,970777.4706,13495716845.0,116171.06715959874,11.966807087910466,1435266.28607645,13648602072.436308,116827.23172461252,8.139760047174248
3508140,35.08.14,2018,880622.723,11001364556.0,104887.38988076689,11.910593167917481,1139436.1379294728,9627188657.95921,98118.23815152416,8.611122193282354
3508140,35.08.14,2019,728516.8857,10075779687.0,100378.18332187527,13.778429202149004,744007.3296306515,9036348290.377792,95059.70908001871,12.776716746488145
3508140,35.08.14,2020,687619.5593,4950552452.0,70360.16239321794,10.23242597474175,732394.7051455539,4566848289.518377,67578.46024820615,9.22705472519436
3508140,35.08.14,2021,927405.9584,6027219328.0,77635.16811342654,8.371217308908175,898838.3119609841,6507879953.7661295,80671.43207955422,8.975077164162526
3508140,35.08.14,2022,912958.2211,17577235082.0,132579.16533905317,14.521931264205271,1138396.3302602726,18240366281.27656,135056.90016165987,11.863785622954502
3508140,35.08.14,2023,976969.3946,13392060941.0,115724.07243525436,11.845209591507746,961510.622342736,11839358112.954994,108808.8145002738,11.31644435036603
3508140,35.08.14,2024,1070233.672,11619706264.0,107794.74135596782,10.072075302445523,1192417.476032208,9454134146.862328,97232.37190803446,8.154222314115778
3508140,35.08.14,2025,1198022.792,10337184191.0,101671.9439717762,8.486645216660971,815677.0090191956,12595549879.671337,112229.89744124039,13.75911006443474
3508150,35.08.11,2018,386319.4923,57963002.56,7613.343717447677,1.9707376586463994,1604039.9707315052,58623323.731462814,7656.586950558507,0.4773314312776634
3508150,35.08.11,2019,543728.8494,453683389.5,21299.844823378407,3.917365217402498,848896.2497153536,448676016.8390425,21181.973865507494,2.495237064907531
3508150,35.08.11,2020,523113.2401,593181781.2,24355.323467365404,4.655841527297142,1189067.616262753,636572792.313216,25230.394216365625,2.121863708277996
3508150,35.08.11,2021,982806.8584,888812172.6,29812.953100959323,3.0334498427793353,2074749.3993558048,1049310812.7168826,32393.06735579208,1.5613002402049088
3508150,35.08.11,2022,860633.6047,6458868151.0,80367.08375323818,9.338129874820838,2370849.2374754064,5778327574.261704,76015.31144619289,3.206248218766438
3508150,35.08.11,2023,1163145.712,33126823109.0,182007.7556287094,15.647889490625518,1864683.620190589,31565167997.03097,177665.88867036623,9.527937433815557
3508150,35.08.11,2024,1302895.195,8008322728.0,89489.23246961055,6.868490482813589,2292011.4010770223,8594149984.892097,92704.63842166743,4.044684872776169
3508150,35.08.11,2025,1530511.886,11849123918.0,108853.68123311219,7.11224017459948,1013012.1248911535,13406380802.042812,115785.92661477825,11.429865819939643
3508160,35.08.12,2018,650092.795,4286665751.0,65472.63360366681,10.071275071379125,2477223.7235093205,4663455331.674005,68289.49649597664,2.75669475663003
3508160,35.08.12,2019,595647.3621,1184207993.0,34412.32327233952,5.777298022611274,1216788.6677652416,1100975794.7202065,33180.95530150099,2.726928363200592
3508160,35.08.12,2020,617111.1556,1799239878.0,42417.447801582784,6.873550642645809,1296922.1011205097,1478803727.915895,38455.21717421311,2.965113875458574
3508160,35.08.12,2021,1183850.699,7655952659.0,87498.30089207448,7.39099119221574,2408089.1239515366,7806235844.653203,88352.90512854233,3.6690047826618755
3508160,35.08.12,2022,1171065.143,7114025340.0,84344.68175291196,7.202390256176548,2666096.526702985,6544999465.412556,80901.17097676989,3.0344426830192797
3508160,35.08.12,2023,1360606.726,11538846189.0,107419.02154181074,7.894935361491866,2220414.5942421975,9666330922.048492,98317.50058890072,4.42788931597954
3508160,35.08.12,2024,1961306.079,113000000000.0,336154.72627943225,17.139330259498585,2549418.077260264,124185697861.62398,352399.9118354373,13.822758808321636
3508160,35.08.12,2025,1866642.219,114000000000.0,337638.86032268265,18.088032987037174,1762571.2320625342,122609662743.75291,350156.6260172052,19.866239709782235
3508170,35.08.13,2018,761868.2877,11058208782.0,105158.01815363391,13.802650648591094,1183960.0602974105,10866015268.871956,104240.18068322769,8.804366310890806
3508170,35.08.13,2019,759221.3389,140747300.5,11863.696746798614,1.5626137120944683,862156.6937363287,135961455.09097373,11660.251073239106,1.3524514926291498
3508170,35.08.13,2020,539063.4649,19190170589.0,138528.59123300144,25.69801150569524,1079743.139812905,19913211971.187275,141114.18061692905,13.069236137159521
3508170,35.08.13,2021,919493.322,7367725579.0,85835.4564209919,9.335082090024347,942283.9002945202,6647228688.685339,81530.53838093637,8.652438862157487
3508170,35.08.13,2022,783438.0988,4586815418.0,67726.03205562836,8.64472026052409,1211400.2982920387,5105974014.873123,71456.09851421446,5.898636364458626
3508170,35.08.13,2023,1055045.54,38656266966.0,196611.9705562202,18.635401326488733,931074.9581553461,43718676146.22342,209090.11489361094,22.45685087566549
3508170,35.08.13,2024,1326426.744,52419278163.0,228952.56749597722,17.26085277846126,1160419.427628365,53979308187.972725,232334.4748158842,20.021594716896747
3508170,35.08.13,2025,1058715.933,9976790930.0,99883.88723913382,9.434436955728126,1000045.6204239115,10552636549.228745,102726.02663993553,10.27213404488395
3508180,35.08.16,2018,572240.8544,4565114181.0,67565.62869536552,11.807201141940265,1525004.146172527,4339869613.663725,65877.68676618605,4.319836567757971
3508180,35.08.16,2019,897821.7577,7087347811.0,84186.38732598044,9.376737264826975,603342.1579245388,8697420326.643103,93259.96100494092,15.457226016784514
3508180,35.08.16,2020,793281.0097,4025233802.0,63444.73029338213,7.99776239662858,813755.8264867177,3748791448.6613393,61227.37499404445,7.524047509236952
3508180,35.08.16,2021,958314.3638,31241216306.0,176751.84951224696,18.444036340160192,2151627.145465351,30548062711.308243,174780.0409409159,8.12315652873559
3508180,35.08.16,2022,1106853.988,32280844680.0,179668.7081269301,16.232376634571075,1492052.7544219191,30393085472.935143,174336.1278477159,11.684313931330175
3508180,35.08.16,2023,2109126.166,2171420170.0,46598.49965395882,2.2093746882071925,1421092.1133667086,1744166778.9208179,41763.222803332814,2.9388118061109765
3508180,35.08.16,2024,1372754.182,43760289081.0,209189.60079554623,15.238678820906786,2198228.4847114095,44314687342.91061,210510.53974305087,9.576372119965836
3508180,35.08.16,2025,1126505.2,1157551266.0,34022.80508717646,3.0202084364259,763145.1686927018,1280148858.5784566,35779.16794139372,4.688382945892833
3508190,35.08.19,2018,1114448.501,58471243569.0,241808.2785369434,21.69757313325539,1819819.0367884785,48433727312.18841,220076.63963307967,12.09332550018047
3508190,35.08.19,2019,1211435.785,30950332754.0,175927.06657589672,14.522194965199638,1712250.237554971,30246892121.395493,173916.33655696493,10.157179876074126
3508190,35.08.19,2020,845430.6397,10627987803.0,103092.13259507246,12.194037896669391,2262430.2259674994,10272114722.944757,101351.44164216293,4.479759882929485
3508190,35.08.19,2021,1218257.164,2171905022.0,46603.701805757875,3.8254404064196312,2277435.9154490703,2169794780.383479,46581.0560247777,2.0453289468561286
3508190,35.08.19,2022,1236018.668,4022950622.0,63426.734284527054,5.131535301740851,2453489.808812808,3706209685.5464993,60878.64720529276,2.481308338295102
3508190,35.08.19,2023,1075610.445,9507613777.0,97506.99347739115,9.065270231490839,2360163.424707453,9014928640.38898,94946.97804769239,4.022898459222638
3508190,35.08.19,2024,1105692.699,25342226249.0,159192.41894323987,14.397528272296196,2417763.0716818585,30550157215.64058,174786.03266748914,7.229245690559061
3508190,35.08.19,2025,1089033.988,2409333751.0,49084.964612394295,4.507202268547958,969986.3205568168,2567101772.269344,50666.57450696015,5.223431860139554
3508200,35.08.20,2018,1286053.118,3334159520.0,57742.18146208195,4.489875313383592,2282199.0344352126,3837423662.084353,61946.94231424464,2.7143531909159258
3508200,35.08.20,2019,741394.2734,12689958698.0,112649.71681278209,15.194306302930515,1535915.5968157314,13455788682.966232,115999.08914714043,7.552439039464823
3508200,35.08.20,2020,1003591.95,40477409674.0,201189.98403002074,20.046990615062303,1332385.6165297525,41950041290.4913,204817.0922811163,15.372208296166537
3508200,35.08.20,2021,1232817.279,3831935912.0,61902.63251268075,5.0212333625704115,1688494.034479316,3136078192.864628,56000.69814622518,3.316606218481205
3508200,35.08.20,2022,1720703.397,58570067577.0,242012.53599142338,14.064744476785815,2067007.9676301265,54544584352.445915,233547.8202690959,11.298835027562278
3508200,35.08.20,2023,2264165.321,107000000000.0,327108.54467592255,14.447202315220098,2226546.404166977,126314361141.71959,355407.3172315387,15.962268586291067
3508200,35.08.20,2024,1432376.856,67345225076.0,259509.58571120258,18.11740985789864,2993793.922709569,69567405431.82166,263756.3372353765,8.810103301855214
3508200,35.08.20,2025,1393072.39,88357856824.0,297250.4950778047,21.33776372366441,1070751.6474529016,85331322083.53726,292115.25479429733,27.28132667263969
3509010,35.09.02,2018,555929.6342,2481171421.0,49811.35835329127,8.960011355568652,992521.890785989,2775107559.2939715,52679.28966201017,5.307619927686719
3509010,35.09.02,2019,673241.6029,3068410951.0,55393.23921743519,8.227839601537967,866700.9188767163,3420837790.882124,58487.92859113857,6.748340438699612
3509010,35.09.02,2020,999564.0354,18630193789.0,136492.46788376273,13.65519997217006,1060122.68982467,18658665930.522167,136596.72737852167,12.884992340001034
3509010,35.09.02,2021,1090635.564,20369444992.0,142721.56456541526,13.086091200067932,1506509.182123695,22963316292.43949,151536.51801608579,10.058784892533337
3509010,35.09.02,2022,816998.6867,17484819814.0,132230.17739532833,16.18487025106846,1476064.3927044105,18954030196.045975,137673.63653236584,9.327075242301824
3509010,35.09.02,2023,764261.2654,13836521411.0,117628.74398292281,15.391169133942453,1180358.735786315,15263014466.838112,123543.5731506828,10.46661234462608
3509010,35.09.02,2024,1016466.196,52311906553.0,228717.96289972504,22.501285709232285,1341676.8638003813,51566720015.62841,227083.06853578583,16.925317463741546
3509010,35.09.02,2025,998247.7765,65449208029.0,255830.4282703682,25.627948721042625,1111696.1342404953,68512879834.101875,261749.65106777483,23.545071625764063
3509020,35.09.04,2018,643916.3477,620864468.5,24917.152094491055,3.8696256405808676,2426791.208734319,589909658.1234547,24288.05587368933,1.0008300584851981
3509020,35.09.04,2019,854715.6727,12524885047.0,111914.63285468974,13.093785036274994,1364970.9580598804,12552225420.708654,112036.71461047335,8.207992554634146
3509020,35.09.04,2020,811093.2021,5680530299.0,75369.29281212608,9.292309763783937,1495260.0135705757,5247758156.476678,72441.411889034,4.844736783674768
3509020,35.09.04,2021,1010104.498,7141345466.0,84506.48179873542,8.36611280971995,3813198.2700811573,7899701509.752229,88880.26501846306,2.330858736505495
3509020,35.09.04,2022,858741.9145,2576468112.0,50758.92150154493,5.91084709439147,2648756.366089014,2798904103.4901237,52904.66995918341,1.9973399832653955
3509020,35.09.04,2023,783594.8344,6000399938.0,77462.24846981915,9.88549758997992,2214493.080218934,6638274009.417129,81475.60376834976,3.6791988422151554
3509020,35.09.04,2024,1332956.752,154000000000.0,392428.33740697167,29.44044034573236,2333329.7683779383,147733071758.93823,384360.6012053502,16.472622362013848
3509020,35.09.04,2025,944288.7173,35384048825.0,188106.48267670095,19.92044162240473,1033521.6415196963,33240680726.242657,182320.2696527258,17.640682335847462
3509030,35.09.08,2018,791559.0856,9964809877.0,99823.8943189455,12.611047758144197,3494555.375664575,9703649053.70567,98507.10153946094,2.8188736749014143
3509030,35.09.08,2019,865649.7904,21346763597.0,146105.3167992185,16.878109186823238,3382125.9685467966,22321470010.517548,149403.71484845196,4.4174497413130505
3509030,35.09.08,2020,910312.2172,12799847570.0,113136.41133605043,12.428308573518114,3936890.7379297866,15220414059.025528,123371.04222233647,3.133717708589777
3509030,35.09.08,2021,950165.263,10742915982.0,103648.03896842428,10.908422250795784,3432146.1904745726,11138109963.582815,105537.2444380789,3.0749635528632875
3509030,35.09.08,2022,717695.0501,1395660272.0,37358.53680218218,5.205349653307046,3896432.24576106,1217862362.4415,34897.88478463272,0.8956368950749298
3509030,35.09.08,2023,869814.6632,3291901091.0,57375.09120689918,6.596243272770247,3357767.0953602893,3441767880.8750606,58666.582318003326,1.7471903396476756
3509030,35.09.08,2024,1050307.242,9714383020.0,98561.56969123412,9.384070274860974,3997023.4985928377,9510473323.190418,97521.65566268047,2.4398569509789776
3509030,35.09.08,2025,965349.0634,2488231519.0,49882.176365912506,5.1672683236699255,1255045.2711482178,2880836394.6715355,53673.423541558586,4.276612547406657
3509040,35.09.11,2018,878180.8773,4498645620.0,67071.94361281027,7.637600105689556,4688868.908621034,5030361132.824972,70925.03882850522,1.5126257571010622
3509040,35.09.11,2019,747655.2964,4997001731.0,70689.47397597467,9.45482153558575,2393562.8095637285,4022900058.2804866,63426.33568385049,2.649871372935107
3509040,35.09.11,2020,966247.1132,6932940169.0,83264.27906971873,8.617286192345306,2157275.950045731,7241246100.401828,85095.511634879,3.9445816671286353
3509040,35.09.11,2021,1125419.702,2307559832.0,48037.067271014785,4.26836914136543,4066027.328259336,2491650450.8572936,49916.43467694076,1.2276463153608452
3509040,35.09.11,2022,1151621.225,1482565361.0,38504.09537958268,3.343468715556426,3285555.700808265,1633508941.8944263,40416.691377380535,1.230132588147503
3509040,35.09.11,2023,1740031.279,85108196821.0,291733.09174826223,16.765968248336428,3194728.1377090914,94511903728.8657,307427.8837855566,9.622974805174193
3509040,35.09.11,2024,1459866.106,1916426973.0,43777.014208371955,2.998700636205603,4031332.2776186666,2098334671.481105,45807.58312202364,1.1362889478582616
3509040,35.09.11,2025,1541204.622,255000000000.0,504975.2469181039,32.76497096555579,1922139.6824734416,298015942901.6233,545908.3649309867,28.401076670375105
3509050,35.09.12,2018,563815.9,3448272529.0,58721.993571403895,10.41510066874735,2440946.7008022587,3425495277.0536785,58527.73083807093,2.3977471863205695
3509050,35.09.12,2019,694218.9358,1674762078.0,40923.85707628253,5.894949700431743,1762936.8678798124,1530023461.392286,39115.5143311741,2.2187699993032757
3509050,35.09.12,2020,940419.6586,1649047283.0,40608.46319426531,4.318121470867486,2020516.4567338582,1813655413.937393,42587.03340146379,2.107730093438845
3509050,35.09.12,2021,1027561.193,12759381983.0,112957.43438570124,10.992769594180388,9165511.578337109,13659487797.518078,116873.81142718876,1.275147714650458
3509050,35.09.12,2022,803278.3285,27156198300.0,164791.37811184177,20.514854224881756,4572558.754927581,29855513104.2298,172787.4795933716,3.778791894301381
3509050,35.09.12,2023,1138908.468,9534380263.0,97644.15119708912,8.57348539769476,3883022.8901875904,8768656782.763151,93641.10626622879,2.4115517449783805
3509050,35.09.12,2024,1139865.017,10361389343.0,101790.9099232343,8.930084563094747,4756621.39769467,10445700877.38546,102204.2116421112,2.1486724104559847
3509050,35.09.12,2025,852336.0923,2720301405.0,52156.50875010712,6.119242071442094,748549.1057561968,2678036574.694927,51749.74951335443,6.913340636627435
3509060,35.09.18,2018,937521.2149,8054566478.0,89747.23660369717,9.572821945503387,1827502.541957864,7866017446.119992,88690.57134848097,4.853102488900716
3509060,35.09.18,2019,876457.2534,6368411417.0,79802.32714025324,9.105102026445644,1186710.167929537,6397943326.848579,79987.14475994614,6.740242640669404
3509060,35.09.18,2020,766101.683,3404278536.0,58346.19555720835,7.615985821716091,1157024.22245409,3378142408.4077177,58121.78944602203,5.02338570948356
3509060,35.09.18,2021,972534.2772,2131534159.0,46168.54079348837,4.747240470167396,2660109.8775280337,1996069040.0949798,44677.38846547524,1.6795316931416644
3509060,35.09.18,2022,1140453.642,50299044094.0,224274.48382283706,19.66537486166729,1997763.9540181465,45237823409.70882,212691.85083051212,10.646495568343814
3509060,35.09.18,2023,1003252.801,3549295431.0,59575.963533962255,5.938280309267959,2080153.0586380041,3432903074.706702,58590.981172077176,2.8166668278939078
3509060,35.09.18,2024,1141263.188,9067348851.0,95222.627830784,8.343616865243533,2051468.5937310017,9237094078.656912,96109.80219861506,4.68492681254361
3509060,35.09.18,2025,951569.0465,1690239986.0,41112.52833383031,4.320498705275015,960069.1036234986,1622985541.9583654,40286.29471617321,4.196186979054365
3509070,35.09.30,2018,673817.5897,2648473589.0,51463.32275514281,7.637574848417884,5882799.219440473,2714390117.9647145,52099.80919316994,0.8856295659555974
3509070,35.09.30,2019,688492.4317,4224432460.0,64995.634161072696,9.44028302541945,1471505.021644007,4568348213.851993,67589.55698813236,4.593226390258553
3509070,35.09.30,2020,916678.3267,6506272299.0,80661.46725047841,8.799320863279924,1267572.5816477945,6561586514.781364,81003.62038070499,6.390452235516444
3509070,35.09.30,2021,853023.1088,5148717374.0,71754.5634367599,8.411795963851606,6275531.371674409,4448537648.995069,66697.35863581907,1.0628161136580085
3509070,35.09.30,2022,792207.9277,2380666883.0,48792.07807626152,6.1589989660818585,3649310.5255530328,2039247239.4943707,45158.02519480199,1.237439918543477
3509070,35.09.30,2023,782544.5707,1254043939.0,35412.482813267976,4.52529915089576,3227074.0619439073,1268045562.690485,35609.6273876951,1.1034648323579153
3509070,35.09.30,2024,1044005.356,7785212034.0,88233.84857298246,8.451474704214302,3643828.205058257,8671879295.970467,93122.92572707575,2.5556343627233904
3509070,35.09.30,2025,1084247.297,3135441941.0,55995.0171086678,5.164413807034633,1326018.679675101,3292932328.9162273,57384.077311709276,4.327546677228516
3509080,35.09.26,2018,536455.4256,2.2400000000000003e-21,4.732863826479693e-11,8.822473593563173e-15,661614.9293840291,1.1754119676116854,1.084164179269766,0.00016386634145017478
3509080,35.09.26,2019,770083.6639,6756540201.0,82198.17638488095,10.673928072775594,735603.009875079,7667360136.023205,87563.46347663051,11.903630395898004
3509080,35.09.26,2020,502358.6945,3677056936.0,60638.74121384777,12.07080555741188,778494.5287615405,3234792989.8771076,56875.24056983942,7.305798367050668
3509080,35.09.26,2021,917690.8161,5317232400.0,72919.35545518762,7.945961120661542,1395833.2574756406,6398870173.378537,79992.93827194083,5.730837680183074
3509080,35.09.26,2022,731815.2587,4028423070.0,63469.85953978471,8.672934703839443,1728921.2086508628,4807474523.813179,69335.9540484818,4.010359390673855
3509080,35.09.26,2023,662766.8433,150618158.0,12272.658962099453,1.8517309799313937,1541062.5863384989,142235345.6764933,11926.246084853912,0.773897581485654
3509080,35.09.26,2024,1034989.79,5946201379.0,77111.61636874174,7.450471213705572,1696746.5496497324,5373817168.361347,73306.32420440509,4.3204050846331805
3509080,35.09.26,2025,765280.6551,1.52e-21,3.898717737923586e-11,5.094494042076807e-15,943826.9843513155,1.1717316546574619,1.0824655443280686,0.00011468898031899759
3509090,35.09.23,2018,443146.5345,296396704.3,17216.175658374308,3.8849848341472946,1227498.1025342774,307014426.2376595,17521.827137535045,1.427442299206793
3509090,35.09.23,2019,996597.9588,27385746339.0,165486.3932140646,16.60513066004331,601804.0353685376,29010280208.980404,170324.04471765106,28.30224370518663
3509090,35.09.23,2020,646243.772,1537890719.0,39215.94980361944,6.068290558878987,950337.2306716689,1481523776.7187269,38490.56737330234,4.050200931946906
3509090,35.09.23,2021,1251580.665,15632193204.0,125028.76950526227,9.989669303916761,1587034.4985053346,14384674083.891413,119936.12501615772,7.557247503385294
3509090,35.09.23,2022,880492.054,2746461572.0,52406.693961745004,5.9519780699514415,1795354.4471647919,2683858112.553985,51805.96599383111,2.885556446842162
3509090,35.09.23,2023,879875.7931,3574712126.0,59788.89634371921,6.795151862636145,1465688.271211526,4008036837.964944,63309.05810359955,4.319408113382036
3509090,35.09.23,2024,732324.9606,5539004867.0,74424.4910429356,10.162768585951104,1680950.9476773378,5320740355.663458,72943.40515539056,4.33941307187937
3509090,35.09.23,2025,1078444.911,24707218523.0,157185.29995836125,14.575181203517335,680774.4964545654,24974944316.669327,158034.6301184311,23.21394690040041
3509100,35.09.16,2018,839794.5735,748402932.0,27356.953997110133,3.257576895632338,1977034.0265899731,718705076.4475102,26808.67539524305,1.3560047543280365
3509100,35.09.16,2019,706508.7865,9917024579.0,99584.2586908192,14.095261176319312,1191066.962535156,11247200485.695768,106052.81931988308,8.904018216923113
3509100,35.09.16,2020,868538.5318,4740251021.0,68849.48090581366,7.9270496800097945,996379.980430583,4340486223.158978,65882.36655706122,6.612172850822468
3509100,35.09.16,2021,995548.5862,4438275239.0,66620.38155849905,6.691826243537591,6350306.509319301,4689417645.703443,68479.32276025692,1.0783624799804716
3509100,35.09.16,2022,836811.1786,2610363801.0,51091.71949543292,6.105525452099036,2688239.098027745,2641283507.9111977,51393.418916347626,1.9117874951693454
3509100,35.09.16,2023,880230.5228,1178014946.0,34322.2223348081,3.899231104328174,2308181.7447284684,1158770718.1109006,34040.72146871891,1.4747851440408746
3509100,35.09.16,2024,1128918.52,327550171.1,18098.347192492467,1.6031579668382503,2390211.855148326,264391699.65639347,16260.12606520606,0.680279701156324
3509100,35.09.16,2025,1058258.746,29007162.43,5385.82978100868,0.508933169828835,938056.2102154271,29526681.95857307,5433.845963824616,0.5792665625631026
3509110,35.09.17,2018,438394.0783,717343080.7,26783.261203595055,6.109403052946086,1278542.3767223987,714639297.4485145,26732.738308084237,2.090876203619846
3509110,35.09.17,2019,851107.164,1151125121.0,33928.234864195336,3.986364620025139,847011.4070737141,1514434664.5165322,38915.738005549014,4.594476258589778
3509110,35.09.17,2020,698548.084,4666877186.0,68314.54593276604,9.77950516184739,1241154.9971092942,4723261718.596735,68725.9901245281,5.537260880759779
3509110,35.09.17,2021,953818.8362,239111346.7,15463.225624041059,1.6211910519241073,3646135.410292611,241215159.3132199,15531.102965121952,0.4259606739036481
3509110,35.09.17,2022,852021.9338,6987066205.0,83588.6727074907,9.810624514639779,2361876.6117898896,6915512372.47109,83159.55971787663,3.520910419399777
3509110,35.09.17,2023,950041.1829,26615356334.0,163142.1353728092,17.172111936749726,2205602.3616183572,25111054238.37145,158464.67820423405,7.1846440211444484
3509110,35.09.17,2024,922500.8235,4841795990.0,69583.01509707667,7.5428675318766985,2508559.6552328817,4863507663.433398,69738.85332749168,2.780035674336694
3509110,35.09.17,2025,1023817.119,3343686618.0,57824.61947994124,5.647944189136111,733129.2450003863,3381451568.2667775,58150.249941567556,7.931786971823354
3509120,35.09.13,2018,701358.2745,2268893747.0,47632.906136409525,6.79152265942355,1620270.312895365,2325778605.6206474,48226.32689331262,2.976437111109806
3509120,35.09.13,2019,1065395.837,3648099316.0,60399.49764691756,5.6692072138177085,1096775.7260003693,3938884310.840224,62760.53147353218,5.722275756630946
3509120,35.09.13,2020,930596.5729,774320419.5,27826.613511169482,2.990190843326872,1424452.4960470726,757776506.7329005,27527.740676141595,1.932513773013313
3509120,35.09.13,2021,919401.8172,9508865934.0,97513.41412339125,10.606180268423255,3029661.9515782404,7626755135.064187,87331.29527874979,2.8825425633132546
3509120,35.09.13,2022,1287710.864,64893700953.0,254742.42079598756,19.7825791423926,1989003.5013342851,63799523318.883064,252585.67520523223,12.699106614733957
3509120,35.09.13,2023,1288024.119,88796474777.0,297987.3735194161,23.135232417135825,2388204.666776406,87041232575.86821,295027.5115575973,12.353527135336556
3509120,35.09.13,2024,928798.4807,6386058262.0,79912.81663162675,8.60389183360846,2608731.8882384966,4729806007.718017,68773.58510153457,2.6362841429432136
3509120,35.09.13,2025,1103089.196,10011825568.0,100059.1103698209,9.070808664671294,845492.2287263371,9892821913.553785,99462.66592824558,11.763877011392253
3509130,35.09.10,2018,983297.5186,27171091242.0,164836.55917908502,16.763650478217023,1725378.982492368,22006438636.363667,148345.67279285117,8.597860197564296
3509130,35.09.10,2019,861935.5301,6494707181.0,80589.74612815207,9.349857769385862,1747053.5867693583,6284775549.624564,79276.57629857992,4.537730090190177
3509130,35.09.10,2020,754506.9582,3193056634.0,56507.137903100345,7.489279891852474,1877111.2796850444,3391152727.8380694,58233.60479858747,3.1022990181145964
3509130,35.09.10,2021,920480.9897,217730661.1,14755.69927519533,1.6030422616337199,1702665.3829765692,182123793.8225707,13495.32488762574,0.792599944918916
3509130,35.09.10,2022,730521.4852,136237264.6,11672.071992581266,1.5977725815121948,1903751.0935943623,125500368.8925431,11202.6947156719,0.588453750774779
3509130,35.09.10,2023,987439.3078,851667738.9,29183.346944790275,2.955457283730211,1700046.3427439881,746324112.7907279,27318.93322936911,1.6069522660937898
3509130,35.09.10,2024,1051229.29,118927904.4,10905.407117572457,1.0373956682250032,2251148.4597408455,114529098.21519066,10701.826863446757,0.4753940957176481
3509130,35.09.10,2025,1208206.807,30103013587.0,173502.2005249501,14.360306490555146,1650414.0954596538,28863954389.010986,169893.95041910993,10.29401959705107
3509140,35.09.05,2018,582888.4388,1850549501.0,43018.013680317694,7.380145293133526,1395400.6609676327,2039151600.5710397,45156.96624631729,3.236129056654126
3509140,35.09.05,2019,627262.6315,1062703430.0,32599.132350416934,5.197046773288763,1075241.225484687,1117336044.204949,33426.57691426014,3.1087514245180126
3509140,35.09.05,2020,847136.1112,4142758434.0,64364.26364062592,7.597865654605554,1219069.8422438705,4797668116.553769,69265.20133915564,5.681807468197494
3509140,35.09.05,2021,961882.647,1257990556.0,35468.16256870378,3.6873690027910215,1809347.5798089223,1165116515.9297402,34133.80312724822,1.8865254806847531
3509140,35.09.05,2022,998572.661,8669842992.0,93111.9916659503,9.324508401091737,1893519.1541932623,8704115695.17725,93295.85036418957,4.927114159768744
3509140,35.09.05,2023,1018268.94,32402453701.0,180006.81570707262,17.677728214618096,1831766.5363537886,26907593385.48493,164035.34187937956,8.955035405652682
3509140,35.09.05,2024,778205.0115,6297024049.0,79353.7903883614,10.197028959683255,2143975.4698588965,5359501760.26923,73208.61807375707,3.414620134556633
3509140,35.09.05,2025,944554.1382,438522766.5,20940.935186853523,2.2170179918707302,667361.4919186999,420222685.0286122,20499.33377035976,3.0716986248971425
3509150,35.09.07,2018,623066.199,5522313548.0,74312.27050763555,11.92686597778923,1036392.6579243492,5662193886.937255,75247.55070390833,7.260525258313917
3509150,35.09.07,2019,567546.5035,1.6e-21,4.0000000000000004e-11,7.047880614773271e-15,699959.8138378955,1.328334116666759,1.152533781139086,0.00016465713578894155
3509150,35.09.07,2020,937953.1021,2408356839.0,49075.01236882167,5.232139246508886,688366.8979709704,2732375154.8483014,52272.125983628226,7.593643177454566
3509150,35.09.07,2021,887541.6729,352694277.5,18780.15648230866,2.1159746134449544,1402290.7802968507,308813095.0092285,17573.078700365186,1.253169381648872
3509150,35.09.07,2022,743223.0203,8154661908.0,90303.16665543905,12.150211200265087,1172254.2353167986,7282363992.333343,85336.76811511755,7.279715060449794
3509150,35.09.07,2023,1136486.425,1523348953.0,39030.1031640963,3.434277990966438,1031016.0481885853,1639525520.520912,40491.0548210455,3.9272962716909325
3509150,35.09.07,2024,880962.2993,10931971180.0,104556.06716016053,11.868392920246336,1519438.4891043163,9291686459.455061,96393.39427292236,6.344014250273775
3509150,35.09.07,2025,904557.4322,636736378.1,25233.63584781234,2.7896112451854926,592664.7462010246,530460752.17563385,23031.733590323456,3.8861318710040798
3509160,35.09.01,2018,632832.5236,1.32e-21,3.63318042491699e-11,5.741140490455334e-15,780477.6043512743,1.2656482645671352,1.1250103397601,0.0001441438336587759
3509160,35.09.01,2019,851901.0076,9303591958.0,96455.12924671243,11.32234008249956,761733.8373077563,9194324214.338404,95887.03882349482,12.587997818554891
3509160,35.09.01,2020,1055780.056,7614440196.0,87260.75977207624,8.265050971191696,949642.1186277348,7871551282.943426,88721.76329933612,9.342652517091606
3509160,35.09.01,2021,1433900.529,471495659.5,21713.950803573265,1.5143275537192624,1485863.5454860805,550525966.2276196,23463.28975714232,1.579101245765244
3509160,35.09.01,2022,826762.6301,20554192845.0,143367.3353487467,17.34080982003334,1666781.8904033296,22890218259.6006,151295.1362721241,9.0770806392379
3509160,35.09.01,2023,804842.7536,16158075099.0,127114.41735302884,15.793695946749322,1231848.8693810273,13847535511.88496,117675.55188689349,9.552758849875996
3509160,35.09.01,2024,944484.1725,971910121.6,31175.473077404935,3.3007935956073347,1400442.5658928445,1137365039.604357,33724.843062709086,2.4081560989406228
3509160,35.09.01,2025,977622.0216,2.26e-21,4.7539457296018856e-11,4.862764570116232e-15,1205709.354251997,1.378329623481944,1.1740228377173691,9.73719606285807e-05
3509170,35.09.03,2018,527449.8025,1873237348.0,43280.91205138819,8.205693100318905,5546908.106318818,1630303294.63813,40377.01443442952,0.7279192959485595
3509170,35.09.03,2019,732241.4371,4238441468.0,65103.31380198707,8.89096280317391,1438406.2806130114,4036417772.8446107,63532.808633371555,4.416888989548593
3509170,35.09.03,2020,563284.86,1767474945.0,42041.34803975724,7.463603413689699,1549263.323206631,1967709979.2549932,44358.87711896,2.863223859656535
3509170,35.09.03,2021,864220.2754,1314935408.0,36262.03811150168,4.195925407410509,5632580.876338795,1068779860.5742649,32692.19877240234,0.5804124164418998
3509170,35.09.03,2022,726054.3777,4469397589.0,66853.553301227,9.207788748964802,3939315.600615666,4555449545.1181345,67494.07044413705,1.7133450905428487
3509170,35.09.03,2023,789126.2195,5215162449.0,72216.08165083453,9.151398073757013,3514831.102460522,4726979384.278145,68753.03181880887,1.9560835162372097
3509170,35.09.03,2024,978191.2216,22820489423.0,151064.52072872705,15.443250500820794,4255556.923892,23499633131.965576,153295.90057129896,3.6022523799564006
3509170,35.09.03,2025,851694.1753,5650996981.0,75173.11341829604,8.826303572149842,1063552.619838347,5506675579.04058,74206.9779673083,6.977273769358705
3509180,35.09.06,2018,518658.3037,8162109226.0,90344.39233289468,17.418865501313036,5176874.45038692,8369082690.094562,91482.6906583675,1.7671413810611165
3509180,35.09.06,2019,629506.1219,1165316316.0,34136.72972034667,5.422779625607747,1390598.1507187807,1171640330.5442703,34229.232105676434,2.461475451264179
3509180,35.09.06,2020,537589.7375,4396718299.0,66307.75444094001,12.334267158688089,1453916.4914463395,4486490935.318748,66981.27301954442,4.606954623158047
3509180,35.09.06,2021,1130216.154,2768984029.0,52621.136713301814,4.65584716048058,2885855.2085479563,2627809770.2113576,51262.1670456035,1.7763249831025483
3509180,35.09.06,2022,765644.3124,6248099125.0,79044.91840086876,10.323973824489519,3432394.560428874,7040003748.77981,83904.7301931173,2.444495488963643
3509180,35.09.06,2023,1004978.031,17675187894.0,132948.06464932088,13.228952330135153,2579805.0909305494,17430258705.99336,132023.705091144,5.117584485559812
3509180,35.09.06,2024,965000.417,1488168842.0,38576.791494368736,3.997593246052321,3498942.738079318,1581082501.0098777,39762.82813143298,1.1364240888737742
3509180,35.09.06,2025,630390.6794,1942435293.0,44073.067660420464,6.991389482847177,1176228.4905294073,1721985316.30889,41496.81091733304,3.527954921297289
3509190,35.09.09,2018,926880.1227,14217940246.0,119239.00471741619,12.864555167077398,19781649.761042498,12081559520.246513,109916.1476774296,0.5556470213818859
3509190,35.09.09,2019,1068955.366,47892981331.0,218844.65113637116,20.472758554483104,2364604.024323282,43946806185.62806,209634.93550844063,8.865540841174681
3509190,35.09.09,2020,754333.539,20453364529.0,143015.25977671053,18.9591543240013,1828748.9118167222,20799271214.462044,144219.5243871718,7.8862397924218435
3509190,35.09.09,2021,940604.306,8342626279.0,91337.97829490206,9.710563486927313,3629287.606567506,8693707081.749598,93240.0508459192,2.5691006322340884
3509190,35.09.09,2022,685113.584,7544624980.0,86859.80071356369,12.678160635268279,3474282.956095394,8471458103.466643,92040.52424593552,2.6491948240559005
3509190,35.09.09,2023,711008.8066,4535806547.0,67348.39676636705,9.472231024594885,2655876.237894872,4597837856.173497,67807.35842202892,2.55310685997082
3509190,35.09.09,2024,746726.913,3349998343.0,57879.17019964955,7.751049170990513,3135958.40888519,3568467486.3277617,59736.651114100474,1.9048929649336903
3509190,35.09.09,2025,723161.3891,8409942281.0,91705.73744864603,12.681227016665957,1640548.1331981868,8576156657.0163765,92607.5410375223,5.644914596744406
3509200,35.09.14,2018,831268.1401,31758843015.0,178210.10918295293,21.43834228526004,3103318.690052124,31591569516.185,177740.17417619744,5.727422541099447
3509200,35.09.14,2019,694640.0696,2562519687.0,50621.336282243676,7.287419556921522,1629131.5064042227,2269653039.8138437,47640.875724674115,2.924311238067321
3509200,35.09.14,2020,769785.7104,1950894187.0,44168.92784526244,5.7378212207019486,1579237.5767675766,1799036510.625663,42415.050520135694,2.685792887916959
3509200,35.09.14,2021,895196.3865,10519294599.0,102563.61245100526,11.457107512688252,4783278.21335982,8921205946.250185,94452.13574213229,1.9746318639447948
3509200,35.09.14,2022,682607.1308,10061846589.0,100308.75629275841,14.694947029808908,2798925.8374495287,10143341668.37074,100714.15823195237,3.5983146421530896
3509200,35.09.14,2023,717788.7397,5297873781.0,72786.49449588846,10.140378424759017,1926905.2732026586,5566316377.755367,74607.75011857259,3.8718950617935155
3509200,35.09.14,2024,690913.4276,4685324026.0,68449.42677627038,9.907091690783979,2122291.2009505616,4743602650.9959755,68873.81687547144,3.245257618022601
3509200,35.09.14,2025,782263.7125,3.4e-21,5.8309518948453e-11,7.453946542158314e-15,964772.3300151398,1.3396812405383716,1.1574459989728987,0.00011997089499392415
3509210,35.09.15,2018,520742.5972,5.59e-22,2.364318083507378e-11,4.540281698136789e-15,642236.16768978,1.6123924753324428,1.269800171417709,0.0001977154566030392
3509210,35.09.15,2019,624471.5558,4093573144.0,63981.03737827326,10.245628769481458,728315.2849046898,4216259057.3024645,64932.7271666797,8.91546951059486
3509210,35.09.15,2020,671790.1135,160705811.6,12676.97959294721,1.8870446793122104,870362.1173265,165822236.0523353,12877.198299798574,1.4795219189173343
3509210,35.09.15,2021,687747.3112,1.91e-21,4.370354676682432e-11,6.3545936211032495e-15,848204.4677332153,1.5665453550920498,1.2516170960369828,0.00014756077616307162
3509210,35.09.15,2022,829133.3023,2.83e-21,5.3197744313081546e-11,6.416066531824499e-15,1022576.9841690299,1.3153430730846296,1.1468840713361703,0.0001121562570927758
3509210,35.09.15,2023,683986.8459,1.42e-22,1.1916375287812986e-11,1.7421936341675172e-15,843566.6546639794,1.3757369023944002,1.1729181141044758,0.00013904273095902397
3509210,35.09.15,2024,822028.3422,1.06e-20,1.0295630140987e-10,1.2524665650131644e-14,1013814.3779010803,1.4626244194216016,1.2093901022505524,0.00011929107819070157
3509210,35.09.15,2025,835678.0207,1411377409.0,37568.30324888256,4.4955476054538,1014839.4737901379,1232830882.035997,35111.691529118856,3.459827138767734
3509220,35.09.22,2018,629617.1721,4.3000000000000006e-21,6.557438524302001e-11,1.0414961368398805e-14,776512.0846564396,1.223158572316762,1.10596499597264,0.00014242727419521922
3509220,35.09.22,2019,781009.2127,21817210636.0,147706.50167138886,18.912261119271285,805291.213434645,22452484943.829514,149841.53277322516,18.607123767579246
3509220,35.09.22,2020,759822.4394,8.5e-22,2.91547594742265e-11,3.837049021248806e-15,937095.321621129,1.2191512272431542,1.1041518134944823,0.00011782705430482288
3509220,35.09.22,2021,756427.186,11583044551.0,107624.55366225683,14.228012379007335,797777.86350985,12480605604.51193,111716.63083226208,14.003475897508746
3509220,35.09.22,2022,608363.1465,950597683.3,30831.764193766143,5.067986838312886,957591.8273492398,919621667.1774374,30325.264503008664,3.1668257431721845
3509220,35.09.22,2023,858892.4209,18231937073.0,135025.6904185274,15.720908362078598,803421.9659444996,16209944505.031683,127318.28032545712,15.847000172043128
3509220,35.09.22,2024,1158963.471,14150559879.0,118956.12585739332,10.264009939394658,1078363.136093383,13888750299.400873,117850.54221089046,10.928650865962556
3509220,35.09.22,2025,1051374.036,3.4e-22,1.8439088914585773e-11,1.7538086621140197e-15,1296668.3258098112,1.435306942924144,1.1980429637221464,9.239394067668999e-05
3509230,35.09.24,2018,740202.9424,322440328.8,17956.6235356205,2.425905452010062,788394.4458102287,336542957.26753783,18345.10717514449,2.3268945224863073
3509230,35.09.24,2019,862030.049,1062761559.0,32600.023911034175,3.7817734948859276,802740.9497809708,1020335789.3682282,31942.695399233737,3.9792034289454588
3509230,35.09.24,2020,658653.888,3.3899999999999996e-24,1.8411952639521967e-12,2.7953911720508915e-16,812323.3074029264,1.418335705294978,1.1909390015004875,0.00014660899061335947
3509230,35.09.24,2021,999875.9814,1574010340.0,39673.79916267158,3.967872006198346,1200204.769611046,1542321889.4581137,39272.40620917075,3.272142154700642
3509230,35.09.24,2022,904949.2643,10688350892.0,103384.48090501784,11.424340013689962,1226485.247330305,9787483189.985382,98931.70972941579,8.06627800413913
3509230,35.09.24,2023,1084345.5,34066089717.0,184570.01304924916,17.021328815331383,1106289.1134939021,32278136027.06666,179661.17005927203,16.23998355112281
3509230,35.09.24,2024,1169400.949,6396873818.0,79980.45897592737,6.839438521434564,1328392.718639622,6402906855.231423,80018.1657827235,6.023682956096625
3509230,35.09.24,2025,605623.7857,57532519.94,7585.019442295451,1.2524309020538937,805125.9512444144,61823873.97503105,7862.815906215218,0.9765945184181847
3509240,35.09.27,2018,460144.5509,7352712548.0,85747.95943927762,18.635004863485307,3395095.7127901358,8642215110.799212,92963.51494430065,2.7381706675922244
3509240,35.09.27,2019,582937.1549,2739934378.0,52344.382487522,8.979421203045709,876635.115942007,2725091042.7811065,52202.40456895742,5.954861221006668
3509240,35.09.27,2020,626001.7363,2548860197.0,50486.2376990007,8.064871832049695,815318.3757942274,2724882886.0917573,52200.41078470319,6.402457289626659
3509240,35.09.27,2021,802190.0379,1924981515.0,43874.61128032931,5.469353794916943,1303676.3422486088,1826992130.0709972,42743.32848610409,3.278676393895396
3509240,35.09.27,2022,632428.6998,8274900152.0,90966.47817740335,14.383673322569122,1586508.3238926954,9076814384.440376,95272.31698893638,6.005157083271641
3509240,35.09.27,2023,562225.6893,735839118.3,27126.354681379507,4.824815940935253,1347028.2665242425,857736056.3493087,29287.13124137133,2.174203167758414
3509240,35.09.27,2024,646064.8795,1944705133.0,44098.811015717874,6.825755804873134,1417657.669631642,1805819846.6086974,42494.93907053753,2.997545880140389
3509240,35.09.27,2025,580299.0625,730694542.1,27031.36219468046,4.6581778158017375,979673.47448323,773472739.7902278,27811.37788370486,2.8388415740637605
3509250,35.09.28,2018,866554.0107,12590914359.0,112209.24364329349,12.9489036179812,2751023.030493324,15968159665.66576,126365.1837559134,4.5933887995569815
3509250,35.09.28,2019,609504.4643,2652808415.0,51505.42121951824,8.450376369051025,1220264.4649676885,3493541738.3160486,59106.1903552923,4.843719706027609
3509250,35.09.28,2020,866661.2923,18208824427.0,134940.07717131334,15.570105457600503,912299.7726383831,16616424302.018305,128904.71016226795,14.12964400829278
3509250,35.09.28,2021,1133687.18,13865006050.0,117749.76029699594,10.386441901636037,4744455.135987497,11646120378.152527,107917.19222696876,2.274596115545462
3509250,35.09.28,2022,1323156.047,32991376143.0,181635.28330971382,13.727427216278581,2990162.239801598,29553934345.14889,171912.5776234796,5.749272575754494
3509250,35.09.28,2023,1000144.859,70750464670.0,265989.59504085867,26.59510696348624,3090869.1151028746,64447924140.9354,253865.95703428888,8.213416601622724
3509250,35.09.28,2024,1689081.258,23408345553.0,152997.86126936547,9.058052153780128,2921283.1725676837,25723285151.709854,160384.80336899083,5.490217616528404
3509250,35.09.28,2025,680192.6593,5543997432.0,74458.02463133172,10.946608084238658,1219731.9578785724,5426492684.731232,73664.73162057425,6.039419656487166
3509260,35.09.31,2018,723277.1679,8837000861.0,94005.32357797616,12.997136886114632,3658497.4524085447,10195110935.170488,100970.84200486043,2.7598992022910123
3509260,35.09.31,2019,604873.1975,794486810.7,28186.642416222618,4.659925837798858,1262743.6688389801,781513024.5953228,27955.55444979267,2.213874053749657
3509260,35.09.31,2020,1100138.896,60805122292.0,246586.9467185966,22.414164940005595,1031208.108536433,67849855309.734344,260480.04781505693,25.25969740334466
3509260,35.09.31,2021,993775.9051,4027669428.0,63463.92225508915,6.3861401679589935,2613042.540925874,4207278390.4991436,64863.536678931894,2.4822992991131683
3509260,35.09.31,2022,802225.6382,5541707823.0,74442.64787740963,9.27951493104121,2267554.1778824204,5886448844.27673,76723.19625951939,3.3835220788933107
3509260,35.09.31,2023,1044192.775,46600595255.0,215871.710177596,20.673549496413244,1859219.9037093676,50715651190.74728,225201.35699135403,12.112679976265863
3509260,35.09.31,2024,984850.6808,4580054078.0,67676.096799387,6.871711429839629,2487772.4942681976,4040681444.254622,63566.35465601769,2.5551514377811446
3509260,35.09.31,2025,949909.7576,4254060492.0,65223.15916911722,6.8662479406367165,1000221.1362370781,3965053070.0513787,62968.66736759941,6.295474579200875
3509270,35.09.29,2018,564892.4035,1852059094.0,43035.55615999403,7.618363407500492,2528673.083237862,1695360789.4648232,41174.75913062302,1.628314842419267
3509270,35.09.29,2019,683243.0062,2672591782.0,51697.115799626576,7.566431757150503,989311.3696940978,2529096441.991358,50290.12270805628,5.0833462799084534
3509270,35.09.29,2020,877341.9839,23862882460.0,154476.15498839942,17.607290865269558,920193.0469410033,20692027054.078293,143847.23512837602,15.63228885575339
3509270,35.09.29,2021,741996.0039,1001275219.0,31642.933160502045,4.264569215222703,4974566.378367343,837485975.163697,28939.34994369599,0.5817461813263393
3509270,35.09.29,2022,641242.3576,9876282127.0,99379.4854434254,15.497960212013512,2498768.7329433435,11011969337.396963,104937.93088010151,4.19958555974459
3509270,35.09.29,2023,681790.557,2901975460.0,53869.986634488785,7.901251503324764,2221209.5241852617,2969273294.150102,54491.038659123595,2.45321470423241
3509270,35.09.29,2024,984543.9879,26162281044.0,161747.58435290464,16.428680317057946,2630086.478453309,26302980760.056168,162181.93721884125,6.166410821374078
3509270,35.09.29,2025,1501078.166,5.300000000000001e-21,7.280109889280519e-11,4.8499205798724006e-15,1851292.162228061,1.2559109228399532,1.1206743161329045,6.0534708621255885e-05
3509280,35.09.25,2018,374747.9419,4.77e-22,2.1840329667841556e-11,5.82800523389387e-15,462179.7474406578,1.2854156893672188,1.1337617427692728,0.0002453075343624492
3509280,35.09.25,2019,581832.6382,31706876339.0,178064.24778433205,30.60403217241381,588637.4000490996,29599057342.0002,172043.76577487544,29.22746087158663
3509280,35.09.25,2020,614542.7014,4.7899999999999993e-23,6.92098258919931e-12,1.1262004370782542e-15,757920.6148124596,1.238574445739868,1.1129125957324177,0.000146837620455514
3509280,35.09.25,2021,968039.733,5670312825.0,75301.47956713733,7.778759176937351,1264676.606555067,5768120802.278634,75948.14548281369,6.005341214438502
3509280,35.09.25,2022,665479.4408,5592435932.0,74782.59110247518,11.23740066448574,1516607.0545186133,6418283114.954642,80114.18797538076,5.282461777867031
3509280,35.09.25,2023,1070349.671,28383160807.0,168473.02694200043,15.739998946755449,1112537.0207706601,29193883630.323257,170862.17729598103,15.357886893294022
3509280,35.09.25,2024,1131667.73,34913401329.0,186851.28131484677,16.511143364920972,1694317.1236247288,35910674601.012695,189501.12031598308,11.184513080442391
3509280,35.09.25,2025,1095227.525,3697413048.0,60806.35697030369,5.5519383490936,985275.8667377874,3521317155.3986382,59340.687183404254,6.022748469408787
3509710,35.09.19,2018,1190954.608,43160001035.0,207749.85206974277,17.44397735012104,2757101.70325455,45217566149.45221,212644.22435009188,7.712599941419695
3509710,35.09.19,2019,1052092.642,29173351238.0,170802.08206576406,16.23450970449464,2433138.029894681,24280000699.251083,155820.41169003208,6.404092565877852
3509710,35.09.19,2020,1435981.025,50088382995.0,223804.34087613225,15.585466449748683,2556683.9708995614,50938194618.82854,225694.91491575202,8.827642269620908
3509710,35.09.19,2021,2063575.81,22308621768.0,149360.7102554082,7.237956053352272,4071013.5140085276,20657035040.815113,143725.5545851715,3.5304612497749237
3509710,35.09.19,2022,1818161.598,35999553349.0,189735.48257771923,10.435567596765358,4386396.856928445,37974589975.92884,194870.70066053758,4.442614451374446
3509710,35.09.19,2023,2253323.822,201000000000.0,448330.2354291979,19.89639620599537,3939326.3692950327,189524910869.20868,435344.5886527231,11.051244498196548
3509710,35.09.19,2024,1869559.909,209000000000.0,457165.1780264984,24.453090581677554,5127973.009126675,212042104331.60797,460480.2974412781,8.979772253514664
3509710,35.09.19,2025,1738142.501,36112232317.0,190032.18758147262,10.933061441863485,2571931.991462552,41605478577.6605,203974.21057001423,7.930777767339893
3509720,35.09.21,2018,1034863.79,25522192371.0,159756.66612382722,15.43745830780563,3195770.3607399934,21790362595.499516,147615.59062476942,4.619092549271545
3509720,35.09.21,2019,732289.8513,6253982223.0,79082.12328333124,10.7992925400974,2959797.378326174,7811495409.878958,88382.66464572653,2.986105241288805
3509720,35.09.21,2020,1577932.408,192000000000.0,438178.0460041329,27.769126470982076,2832790.2181128566,199931180417.04333,447136.64624703187,15.784319057162822
3509720,35.09.21,2021,1441181.476,18560629050.0,136237.3996008438,9.453174487016778,6435044.117907318,18190344570.832184,134871.5854834968,2.0958921650308304
3509720,35.09.21,2022,1189734.645,9663926913.0,98305.27408537143,8.262789900126968,4112978.8570934637,8322650455.189728,91228.561619647,2.218065416560781
3509720,35.09.21,2023,2105920.822,71012342019.0,266481.41026908427,12.653914025884694,3317495.9666180518,85664593685.30118,292685.14428529027,8.82247174466535
3509720,35.09.21,2024,1615345.291,81623527367.0,285698.3153030483,17.686516740094817,4733176.358082553,75143069597.60364,274122.3624544405,5.791509585023991
3509720,35.09.21,2025,1595556.586,31587969213.0,177730.04589264022,11.139062534798764,2493420.224130825,28657579823.196552,169285.49797072564,6.789288718059405
3509730,35.09.20,2018,1059107.161,3577772196.0,59814.48149068919,5.647632618611781,3302476.339170626,3376391616.549487,58106.72608699863,1.759489550244329
3509730,35.09.20,2019,1326293.072,67875715198.0,260529.68199036364,19.643447401673804,2196700.1896769926,89136740649.57814,298557.7676925826,13.591193240461422
3509730,35.09.20,2020,918786.664,2736782985.0,52314.271332018,5.693843128312754,2745485.349360212,2678325352.0563083,51752.53957108103,1.885005126075106
3509730,35.09.20,2021,1882148.409,188000000000.0,433589.667773576,23.036954243366257,3170631.8639722797,152479645912.16357,390486.4221866921,12.315728818087287
3509730,35.09.20,2022,978591.2283,29152619898.0,170741.38308564798,17.447671524938805,3972749.1841312423,29994192878.448074,173188.31622961196,4.35940725685366
3509730,35.09.20,2023,1496810.603,25585506498.0,159954.7013938634,10.686368808002317,2594280.7271845364,26571339072.361176,163007.17491068048,6.283328292215519
3509730,35.09.20,2024,1614013.612,91891091115.0,303135.43361837463,18.78146698172795,3613745.9594799774,93771408561.31305,306221.1758865037,8.473788122355156
3509730,35.09.20,2025,2298306.078,1650000000000.0,1284523.257866513,55.889999602851546,1598782.5683133118,1564030830852.2332,1250612.1824339603,78.22278070953293
3510010,35.10.01,2018,1109465.565,26226367202.0,161945.56863958953,14.596718794024898,2198867.1405382636,29536899587.40972,171863.02565534486,7.815980442241466
3510010,35.10.01,2019,923987.169,13609843343.0,116661.23324823889,12.62584992110847,1191530.8801148906,15124772942.883574,122982.81564057466,10.321412368995112
3510010,35.10.01,2020,1002407.131,9634111461.0,98153.50967234946,9.791780867962467,1115009.4997168274,8455636215.294151,91954.53341349817,8.246973091875121
3510010,35.10.01,2021,1614356.689,242000000000.0,491934.9550499537,30.47250699934714,1827132.6965659503,227033098528.16278,476479.9035931765,26.078013079658003
3510010,35.10.01,2022,997055.1617,12563699209.0,112087.90839782853,11.241896406886484,1973215.3367491527,10864118099.979881,104231.08029748076,5.282296278377815
3510010,35.10.01,2023,1484247.857,33871794513.0,184042.91486770145,12.3997426709912,1413714.6503907503,29155006648.377186,170748.37231545485,12.07799411771393
3510010,35.10.01,2024,1770735.979,39621308251.0,199051.01921617985,11.24114614357084,1938389.8663960132,46098145424.18558,214704.78668205228,11.076450119977467
3510010,35.10.01,2025,2119774.008,205000000000.0,452769.2569068708,21.359317323362088,1827830.9492037522,179605782700.3499,423799.2245159846,23.18590921663745
3510011,35.10.22,2018,943276.5637,49517156798.0,222524.50830863553,23.590590169629962,1874625.3414111119,46249901031.571045,215057.90157901906,11.472047071396977
3510011,35.10.22,2019,807555.9471,4354289584.0,65987.04103079635,8.171203650689622,1028246.6592175752,4363969588.718854,66060.34808202916,6.424562383922212
3510011,35.10.22,2020,1335971.252,1441636037.0,37968.882482896435,2.842043376760957,1053015.2956201227,1305790321.806523,36135.720856328895,3.431642541815929
3510011,35.10.22,2021,1184473.276,4394490404.0,66290.95265569804,5.59666089551336,2671545.6006364487,5743383350.627002,75785.11298815224,2.8367516156227226
3510011,35.10.22,2022,1203119.402,15059783679.0,122718.31028416257,10.200010911648699,1952431.6876967738,15097786792.217484,122873.0515296885,6.2933342202941915
3510011,35.10.22,2023,1275681.173,37809339832.0,194446.23892479896,15.2425420269802,1687821.6729514522,38419646201.60499,196009.3013140065,11.613152292993718
3510011,35.10.22,2024,1760664.953,36624416438.0,191375.06744087642,10.86947673461621,2134791.2893733378,46842004853.288506,216430.1385049885,10.138234101963242
3510011,35.10.22,2025,1748379.542,11526106611.0,107359.7066454636,6.140526359777299,1481286.6454910354,14719243959.01334,121322.89132316844,8.190372315342842
3510020,35.10.02,2018,1043968.629,6598980268.0,81234.10778730815,7.781278625692129,1988638.150590508,6177352109.323642,78596.13291583526,3.9522591323362097
3510020,35.10.02,2019,953676.9272,576729002.2,24015.182743422964,2.518167532261859,1189780.3123874413,581684096.7110035,24118.127968625664,2.0271076700058734
3510020,35.10.02,2020,907075.0787,5040532818.0,70996.70990968525,7.826993771170096,1257182.082370646,5301198564.033786,72809.33019904651,5.791470561030527
3510020,35.10.02,2021,1120235.394,3312369369.0,57553.18730530916,5.137597652561687,1944784.5650130175,3521400909.032529,59341.39288079215,3.0513093300077143
3510020,35.10.02,2022,1035175.387,1729799911.0,41590.86331154957,4.017760065961612,2229227.376985238,1611788651.337558,40147.08770680083,1.8009418025852049
3510020,35.10.02,2023,1153935.269,20104921075.0,141791.8230188187,12.287675645939432,2041501.6260648626,18810119672.764793,137149.98969290807,6.718093580815523
3510020,35.10.02,2024,1138168.159,6250891102.0,79062.57712723511,6.946475922916336,2754888.2899513217,5780583706.633672,76030.14998429026,2.7598269687237913
3510020,35.10.02,2025,1797213.71,254000000000.0,503984.1267341661,28.042526268852363,1326820.6969891381,277312538878.9182,526604.7273609668,39.689215623177596
3510030,35.10.03,2018,1046504.269,10140151091.0,100698.31722029917,9.622351308372846,1865090.7836556952,9133031666.640207,95566.89629071463,5.123980941206385
3510030,35.10.03,2019,1154584.173,65162738187.0,255269.93200727736,22.10925266228098,1675128.2533586735,45952972852.49898,214366.4452578784,12.797016874861274
3510030,35.10.03,2020,1347665.725,197908032.5,14067.978977095467,1.043877477636041,2290099.153235842,164657137.78470993,12831.879744788366,0.5603198327311418
3510030,35.10.03,2021,1414298.24,38132190780.0,195274.654730203,13.80717653514177,3007442.329548465,38260692595.59099,195603.40640078584,6.5039786292478485
3510030,35.10.03,2022,1085035.068,15394839155.0,124075.94108045282,11.435201012365143,2602993.257857456,14717392076.754684,121315.25904334823,4.660605964965264
3510030,35.10.03,2023,1346477.038,29591749937.0,172022.52741138297,12.775749051532134,1934285.3128096368,28827167373.825874,169785.65126012822,8.77769427993572
3510030,35.10.03,2024,2456085.637,64881357035.0,254718.1914096439,10.370900247630246,2475624.110293839,62242509403.24083,249484.48729979352,10.077640069121054
3510030,35.10.03,2025,1534139.807,136000000000.0,368781.7782917155,24.038342308115045,2039952.8448601812,151585361974.59406,389339.64860336797,19.08571806374541
3510040,35.10.04,2018,860839.549,25488319392.0,159650.61663520127,18.545920296141187,1877167.5173101996,19573355452.81131,139904.80854070495,7.452974081992164
3510040,35.10.04,2019,747684.7359,3530427062.0,59417.39696418886,7.946851675749031,1429467.975496992,3496001942.027357,59126.99841888947,4.136294022140119
3510040,35.10.04,2020,823503.008,16096282960.0,126871.1273694689,15.406273703552628,1352814.9995186483,14621006123.563356,120917.35245018953,8.938203116702116
3510040,35.10.04,2021,1057691.697,14809550014.0,121694.49459199049,11.505667950042582,5460252.551296968,16512652672.172888,128501.56680824124,2.353399693530996
3510040,35.10.04,2022,880062.9901,10880060613.0,104307.52903314315,11.852279917064898,3354851.9017312443,9274389283.881413,96303.63068899019,2.8705777038710254
3510040,35.10.04,2023,1903993.099,94671582368.0,307687.47515620454,16.160115040217622,2871787.5528688007,85297947407.45929,292058.12333756324,10.169906999067841
3510040,35.10.04,2024,1609683.911,24752964662.0,157330.7492577341,9.774015145619114,4813284.942590192,23229970921.30015,152413.81473245838,3.1665238304059216
3510040,35.10.04,2025,1672650.474,95049866706.0,308301.58401474357,18.43191920888689,1308458.5882749092,83615820415.7259,289164.00262779236,22.099591474960654
3510050,35.10.05,2018,797993.3318,5824292350.0,76317.05150226914,9.563620203457587,3304115.299297385,6283617531.898098,79269.27230584432,2.3991073290541896
3510050,35.10.05,2019,718322.5012,2178878737.0,46678.46116786628,6.498259638238696,1721058.935097952,1862915788.7151225,43161.508183972466,2.5078460303578147
3510050,35.10.05,2020,1076021.483,2987713979.0,54659.985171970184,5.079822850708844,1719971.922711177,2836608780.4752045,53259.82332373254,3.0965519041601293
3510050,35.10.05,2021,1333368.537,9485667283.0,97394.39040827763,7.304386424732147,4549893.577439951,8733989146.17799,93455.8138703954,2.0540219739156926
3510050,35.10.05,2022,959008.1871,24927490295.0,157884.42068487947,16.46330269216108,4108518.4501188355,26837948599.83752,163822.9184205846,3.9873964400925637
3510050,35.10.05,2023,1237004.086,13847357149.0,117674.79402573858,9.512886445367698,3315228.7088817786,15292528903.803791,123662.96496447023,3.7301488320599625
3510050,35.10.05,2024,1610106.967,52749378281.0,229672.328069796,14.264414276632095,4257581.444906111,47038755515.098236,216884.1983988189,5.094070453033969
3510050,35.10.05,2025,1259378.637,6327073149.0,79542.90131117924,6.316043402217822,1575950.3985615247,6077568089.792586,77958.75890361895,4.946777447740558
3510060,35.10.06,2018,1296470.267,10220369671.0,101095.84398480483,7.79777574218791,3432014.1721778014,9860321268.272657,99299.15039048751,2.893319940094442
3510060,35.10.06,2019,1180231.201,12992794231.0,113985.93874246068,9.657933008878377,2264132.46318529,13279111229.144314,115235.02605173617,5.089588525647392
3510060,35.10.06,2020,1232398.316,53620197444.0,231560.35378276653,18.789408487212388,2279869.062795311,52123596333.325294,228305.9270656925,10.013992943339044
3510060,35.10.06,2021,1414526.909,17221520608.0,131230.79138677783,9.277362668169491,5490423.076354041,17288965600.274113,131487.51119507174,2.3948520790930936
3510060,35.10.06,2022,2064694.961,56833719120.0,238398.23640287275,11.546414405322547,4290647.576715993,53427550049.69251,231144.00284171882,5.387158901049466
3510060,35.10.06,2023,1263246.867,10405105250.0,102005.41774827453,8.074860141194755,4937669.899188212,10359550986.759413,101781.87946171663,2.0613342232223806
3510060,35.10.06,2024,1331734.088,7899215346.0,88877.53003993754,6.673819559084346,4527725.409903879,8007932858.059223,89487.05413666953,1.976424054800825
3510060,35.10.06,2025,1477157.444,72126969285.0,268564.64637960074,18.181179499211243,1032626.4649166928,60963685319.413605,246908.25283779722,23.910703553168815
3510070,35.10.07,2018,856495.7312,13398439920.0,115751.6303124928,13.51456009597597,1598610.3465210656,14326529923.396143,119693.4832118948,7.4873457107527575
3510070,35.10.07,2019,998829.97,1382155459.0,37177.351425296554,3.7220900996089012,1189591.4420833623,1576472078.0087075,39704.81177399922,3.3376847184158587
3510070,35.10.07,2020,860383.6877,6321584280.0,79508.39125526311,9.241038898332324,1568492.3125533038,6600032009.828734,81240.58105299798,5.179533262789715
3510070,35.10.07,2021,1334182.275,6216768845.0,78846.48911016902,5.909723925103789,1761608.4080036639,6039966725.652794,77717.2228380093,4.41171956746517
3510070,35.10.07,2022,1002674.783,17925385608.0,133885.7184616791,13.352855854327302,2338950.964313532,17483805623.291336,132226.3423954975,5.653232770286191
3510070,35.10.07,2023,956414.7309,74384915390.0,272735.9811062706,28.516497320113647,2052180.2728883917,73467361924.26306,271048.6338727112,13.207837413387525
3510070,35.10.07,2024,1115048.696,16116777928.0,126951.87248717523,11.38532092298642,2491465.6825346523,14663364404.94619,121092.37963202388,4.860286877755928
3510070,35.10.07,2025,1554805.993,7483857914.0,86509.29380130206,5.56399281909007,985025.2864740957,7154004643.726169,84581.34926640842,8.586718577465955
3510071,35.10.23,2018,1301281.026,9253836590.0,96196.86372226487,7.392474169700594,1500338.4953813176,9676938701.280396,98371.43234334039,6.556615900089858
3510071,35.10.23,2019,928655.1142,12149284735.0,110223.7938695634,11.86918503803394,1072224.204627719,13435441061.64043,115911.35001215554,10.810364988206965
3510071,35.10.23,2020,1002834.994,15508758745.0,124534.16697838389,12.41821114375511,1155258.7607793042,16104113296.09132,126901.98302663091,10.984723711683996
3510071,35.10.23,2021,885134.0189,8202037263.0,90565.09958587801,10.231795146505357,1178038.9020046683,8049956225.82936,89721.54828038446,7.616178729556839
3510071,35.10.23,2022,848273.7368,14900505224.0,122067.6256179336,14.390121999817831,1347136.5087955939,15961873463.253756,126340.30814927498,9.378433983815746
3510071,35.10.23,2023,979407.7904,26165935179.0,161758.8797531684,16.515988675881825,1193714.544523404,26032644605.066284,161346.34983496307,13.51632604086108
3510071,35.10.23,2024,1212878.132,866059279.3,29428.885118196373,2.4263678552493166,1665286.4441004836,810408028.9525383,28467.666377006357,1.709475656747051
3510071,35.10.23,2025,1283586.361,8426695817.0,91797.03599245458,7.151605749451756,1218043.139479597,9168686720.530556,95753.2595817529,7.861237133412452
3510080,35.10.10,2018,821913.087,339147185.9,18415.94922614634,2.2406200263053284,1844679.8168956358,322972700.26671076,17971.441240666,0.974230924850128
3510080,35.10.10,2019,883879.8329,18342282552.0,135433.6832254074,15.322635293199413,1336004.7921588297,18722317165.629356,136829.51861944614,10.241693699192906
3510080,35.10.10,2020,758518.4299,8098444034.0,89991.35532927593,11.864096082825572,1660706.2722674648,7698235595.720773,87739.58967148623,5.283269602618526
3510080,35.10.10,2021,1280681.224,24059287214.0,155110.5644822428,12.111566998521313,2312456.2387056607,24605446271.320187,156861.23253156015,6.783316799947717
3510080,35.10.10,2022,951259.5954,11158319686.0,105632.94791872468,11.104534285859849,2858689.236352493,10566250348.677881,102792.26794208736,3.5957832224269257
3510080,35.10.10,2023,1022321.013,32373357939.0,179925.97905527707,17.599753577135665,2142677.8637867873,28410843923.955254,168555.1658180646,7.86656588313161
3510080,35.10.10,2024,1175047.711,59910174404.0,244765.54987170888,20.830264812260793,2755980.2147431397,52654760012.59689,229466.2502691777,8.326121103542254
3510080,35.10.10,2025,1234350.383,6370883308.0,79817.81322486854,6.466382181603661,1211480.4344789258,6591409477.950964,81187.49582263862,6.701511102617061
3510090,35.10.11,2018,738183.5411,16205827684.0,127302.11185993734,17.245319730407267,1359992.9691519479,15912758655.42274,126145.78334380718,9.275473197664253
3510090,35.10.11,2019,583797.1561,9604486261.0,98002.48089206722,16.78707747512222,1054932.306745973,10250460736.239014,101244.55904511122,9.597256468276012
3510090,35.10.11,2020,811919.5636,3239491045.0,56916.52699348406,7.010118926204928,1143701.1409839499,3036203466.820727,55101.75556931672,4.817845641205843
3510090,35.10.11,2021,951812.0462,5913589636.0,76899.8675941643,8.07931228661984,1259301.087330556,6646386808.07269,81525.37524030595,6.473858877794029
3510090,35.10.11,2022,928294.2167,17819317004.0,133489.01454426878,14.380032983379976,1418908.7007105255,15901373763.165754,126100.64933681251,8.887157381843313
3510090,35.10.11,2023,931926.2598,18417175387.0,135709.89421188124,14.56229962239779,1261036.064974233,19022206430.308846,137921.01518734862,10.9371190101662
3510090,35.10.11,2024,1173516.537,13936285176.0,118052.04435332748,10.059683066343315,1422378.4381386081,15014897813.221098,122535.29211301166,8.614816481144578
3510090,35.10.11,2025,1112029.197,839707339.8,28977.70418442427,2.6058402299687344,1227376.7880978908,714147881.0104957,26723.54544237152,2.177289460051297
3510100,35.10.09,2018,976905.2298,3603109730.0,60025.90882277419,6.144496619704164,2441486.0699162683,3721376726.536701,61003.08784427802,2.498604788122758
3510100,35.10.09,2019,1117961.177,8796675950.0,93790.59627702556,8.389432317203406,1507193.3484664569,8536167638.256774,92391.38292209276,6.130028573712814
3510100,35.10.09,2020,724016.6535,6782162101.0,82353.8833389173,11.374584126042798,1745479.8628305078,7658762525.028899,87514.35610817747,5.013770595225447
3510100,35.10.09,2021,1924674.363,208000000000.0,456070.1700396552,23.69596534391284,4419823.974711364,161277245502.02478,401593.3832896463,9.086185006177136
3510100,35.10.09,2022,1620576.513,112000000000.0,334664.01061363023,20.65092317018112,4367573.222244226,119889348816.53922,346250.41345323937,7.9277529152750565
3510100,35.10.09,2023,1750377.52,51381087513.0,226673.96743561004,12.950004490209063,3734390.132618293,45455618213.73706,213203.2321840761,5.709184756082057
3510100,35.10.09,2024,1534495.388,93566166754.0,305885.8721059212,19.933971421354393,4479532.0582599435,105839199994.2719,325329.3715517735,7.262574914535748
3510100,35.10.09,2025,1118903.224,18751837145.0,136937.34751703058,12.23853364435659,1592747.0843031872,18943644998.375927,137635.91463849807,8.64141683227206
3510110,35.10.08,2018,883647.3172,18644086396.0,136543.3498783445,15.452245168469178,2781718.644532141,20075374507.396553,141687.59475478632,5.093527162903165
3510110,35.10.08,2019,935691.9602,1524640266.0,39046.6421859806,4.173023157924169,1513728.3789259528,1439905528.1580513,37946.08712579007,2.506796308642522
3510110,35.10.08,2020,990537.5692,3953159540.0,62874.15637605009,6.347478210930446,1616101.2222954014,3433466480.0353627,58595.78892749344,3.6257499294671613
3510110,35.10.08,2021,1250420.936,8483818939.0,92107.64864548438,7.366131355744061,7317535.556119604,9223552541.305895,96039.32809690984,1.3124545464844761
3510110,35.10.08,2022,1120802.393,10965040364.0,104714.08866050451,9.34277882653526,4213735.753692916,9674636633.091627,98359.73074938558,2.334264332147149
3510110,35.10.08,2023,1286061.16,9550847654.0,97728.43830738319,7.5990506009358985,3538652.677781647,9430657310.849998,97111.5714570102,2.74430921312935
3510110,35.10.08,2024,1227048.118,16524370845.0,128547.15416919971,10.476129850451366,4395482.085610765,17186596328.733788,131097.6595089851,2.982554744976709
3510110,35.10.08,2025,1266630.62,4034499277.0,63517.70837333475,5.014698631976444,1265461.5922925526,4609001276.201808,67889.62568906834,5.364811235880911
3510120,35.10.13,2018,1006569.896,6515452631.0,80718.35374312339,8.019150390240103,1229736.3320699225,6205608334.581389,78775.6836503587,6.405900321556047
3510120,35.10.13,2019,858662.7264,2393288315.0,48921.24604913493,5.697376227595259,906030.6160939718,2168787228.0416493,46570.23972497511,5.140029365204689
3510120,35.10.13,2020,1074184.56,4263275856.0,65293.76582798698,6.0784494824601625,967805.2328554073,4275623337.6480412,65388.25076149416,6.756343997910924
3510120,35.10.13,2021,1525910.997,98915378694.0,314508.15362085606,20.61117288224485,1335692.6185285843,114523679324.12123,338413.473910424,25.33617908910993
3510120,35.10.13,2022,1131645.712,96010181.23,9798.478516075851,0.8658609679842846,1493469.0666736017,103529581.82006426,10174.948737957566,0.681296249450964
3510120,35.10.13,2023,1262559.051,13460933837.0,116021.26458972941,9.189373320624938,1238853.6471284505,10453651490.857395,102243.0999669777,8.253041043546013
3510120,35.10.13,2024,1187828.76,32081180220.0,179112.20008698458,15.078958021439433,1510897.4867327164,33484542357.810413,182987.82024443708,12.111200253575399
3510120,35.10.13,2025,1768045.744,4934345113.0,70244.89385713384,3.9730246853349422,1199289.302675084,5571266745.288256,74640.9187060841,6.223762568347206
3510121,35.10.25,2018,1012721.475,6332437019.0,79576.61100474183,7.857699571813844,1384316.4747090705,6331398539.591924,79570.08570808456,5.747969280276542
3510121,35.10.25,2019,834983.2837,7889179355.0,88821.05243127892,10.637464745125522,976183.6437159205,8163387328.514332,90351.46555819851,9.255580764933583
3510121,35.10.25,2020,926448.1652,4040601263.0,63565.72396346949,6.861228328920813,905662.2120901386,4221163431.407954,64970.481231155696,7.173809436214981
3510121,35.10.25,2021,1304455.212,21973709322.0,148235.31739096457,11.36377209637494,2156241.388666191,19794451903.738914,140692.7571118674,6.5249075475217175
3510121,35.10.25,2022,628285.553,8699107325.0,93269.00516784769,14.84500235959551,1945774.8279185528,8699199136.517017,93269.49735319162,4.793437350249026
3510121,35.10.25,2023,1036360.553,16825712162.0,129713.96286445034,12.516296812818805,1288098.5473320927,16538412776.480352,128601.76039417327,9.983844843279499
3510121,35.10.25,2024,1427083.213,7667731786.0,87565.58562586103,6.135983159789368,1871307.3635694887,7193720413.684892,84815.80285350657,4.532435692003145
3510121,35.10.25,2025,1432964.583,22076211952.0,148580.65806826943,10.368759970131755,1012679.7650139653,21424026534.72752,146369.48635124575,14.453679377036554
3510130,35.10.14,2018,899547.4416,8009441133.0,89495.48107586215,9.948945095844977,1336271.0574935752,9621501163.18385,98089.25100735477,7.340520507219502
3510130,35.10.14,2019,1318177.686,179000000000.0,423083.91602612357,32.09612182936949,1070884.283541272,222482005777.4742,471679.9823794457,44.04584039833536
3510130,35.10.14,2020,886088.3353,9196304560.0,95897.36471874501,10.822551307627512,1283067.7473358484,9793653172.811264,98962.88785606078,7.712990063193977
3510130,35.10.14,2021,905180.95,16759730587.0,129459.37813461023,14.302044042642551,10162464.582139906,17036717338.076544,130524.77672103693,1.2843811229652757
3510130,35.10.14,2022,1420642.121,66650741527.0,258168.04900490688,18.172630896173946,2723527.610432928,63791595779.88316,252569.9819453673,9.273633980351649
3510130,35.10.14,2023,1462100.473,12420538020.0,111447.46753515757,7.622421960269592,2989583.3204044476,11842423634.034832,108822.90031989972,3.640069155362345
3510130,35.10.14,2024,1725263.762,48752742091.0,220800.23118420868,12.798056508660888,3115171.3611457124,50521623449.56421,224770.1569371793,7.21533844785066
3510130,35.10.14,2025,1293871.633,7316260783.0,85535.1435551493,6.610790543172014,807427.1734846338,7295543955.533125,85413.95644467667,10.578533798417201
3510140,35.10.12,2018,938552.0863,7544170836.0,86857.18643842892,9.254381052077889,929426.4511930933,6626054859.716026,81400.58267430293,8.758152145316071
3510140,35.10.12,2019,1026098.629,7391236472.0,85972.30060897522,8.378561103113531,780958.882077688,7363085755.982489,85808.42473779885,10.987572675978967
3510140,35.10.12,2020,1066334.701,7109476698.0,84317.71283662763,7.907246454378271,990516.1567989432,7035359290.460178,83877.0486513455,8.468014183878783
3510140,35.10.12,2021,1044330.354,26154981759.0,161725.01896429012,15.48600194802823,1523561.212446041,23643958785.09532,153765.92205393015,10.0925332568071
3510140,35.10.12,2022,859455.1896,35425528668.0,188216.70666548173,21.899536932586315,1278859.0423067224,40375938074.21667,200937.64722972314,15.712259176530116
3510140,35.10.12,2023,1045036.199,10181992382.0,100905.85900729452,9.65572858661277,1063280.29528551,9590782979.33867,97932.54300455324,9.210416429118212
3510140,35.10.12,2024,1421401.551,81785427050.0,285981.51522432355,20.119685040664738,1359402.2997971787,92815846706.96791,304656.93280634185,22.41109440904994
3510140,35.10.12,2025,1092626.27,44563588.7,6675.59650518214,0.6109679666755715,1007218.1230843853,44140505.63358183,6643.832149714638,0.6596219823139554
3510150,35.10.20,2018,1149972.999,16742855545.0,129394.18667389969,11.25193259201903,1469896.510134242,17434690775.02892,132040.48915021832,8.982978613790939
3510150,35.10.20,2019,1032597.693,11391128897.0,106729.23168935491,10.335993621995717,1411727.3111728362,10996261619.93941,104863.06127488082,7.427996925820085
3510150,35.10.20,2020,1135373.812,16057118497.0,126716.68594545865,11.160789918365552,1540830.1503273463,14808346274.599478,121689.54874844215,7.897661447148438
3510150,35.10.20,2021,1190446.715,7478973641.0,86481.05943499999,7.264588859401404,3226440.6721741636,7467240844.002491,86413.19832064134,2.6782825751576924
3510150,35.10.20,2022,1111276.429,7551243896.0,86897.89350726518,7.81964696087918,2570260.7011165237,7703575299.931219,87770.01367170464,3.4148292285516897
3510150,35.10.20,2023,1201559.128,32758306136.0,180992.5582337572,15.063142047368078,2274601.4190396657,33004618244.293785,181671.73210021912,7.986969962276763
3510150,35.10.20,2024,1559673.741,42660868617.0,206545.07647726682,13.242838617314826,2825481.562352515,36580015269.829254,191259.02663620678,6.769077143683898
3510150,35.10.20,2025,1410066.376,21580326799.0,146902.439731272,10.418122311943705,1261073.7207553377,19027064040.987103,137938.62418114478,10.938188776031629
3510160,35.10.19,2018,651044.4273,5.6100000000000005e-22,2.3685438564654024e-11,3.638067936912057e-15,802938.4963572551,1.274547015780166,1.1289583764604283,0.00014060334403970533
3510160,35.10.19,2019,887947.3963,4640329519.0,68119.9641735079,7.671621591251678,885480.2175051972,3636784195.4556055,60305.75590651033,6.810514194932465
3510160,35.10.19,2020,1204068.398,176000000000.0,419523.53926806065,34.84216843203459,1140587.9957208522,163044570526.56412,403787.77907034795,35.401720918091364
3510160,35.10.19,2021,1020880.496,2706625887.0,52025.24278655506,5.09611487244586,1992725.4262722903,2579522491.788226,50788.99971242027,2.5487204128984877
3510160,35.10.19,2022,942438.3836,9673302819.0,98352.95023028033,10.436008543559531,2061585.1474291903,7962649001.029961,89233.67638414301,4.3284012060049015
3510160,35.10.19,2023,1236972.834,19362352511.0,139148.6705326357,11.24912905990591,1915212.2782512954,19098148107.708805,138196.0495372744,7.215704029605311
3510160,35.10.19,2024,1327603.826,8557014569.0,92504.13271308476,6.9677512900663165,2773593.7011542562,8347837170.851343,91366.4991714761,3.2941558503487047
3510160,35.10.19,2025,1151818.267,16023900102.0,126585.54460126955,10.99006225443632,1040247.5497030459,15478833536.443375,124413.96037600996,11.960033975713355
3510170,35.10.15,2018,967301.869,2420497130.0,49198.548047681244,5.086162823043326,1001039.9160222578,2923451700.053585,54068.95319916583,5.401278443922073
3510170,35.10.15,2019,1239759.801,3629320841.0,60243.844839120284,4.859315876392115,756169.5962556447,4127724284.022999,64247.36791513718,8.496423055525302
3510170,35.10.15,2020,1821515.979,35402683770.0,188156.00912540636,10.329638130800408,907039.9044988711,32877849250.278652,181322.50067291333,19.99057591331573
3510170,35.10.15,2021,1092096.26,1204665481.0,34708.29124287164,3.1781347958165918,3762424.954694988,1065186399.1078318,32637.193493127314,0.8674510159305793
3510170,35.10.15,2022,1000863.527,1757516346.0,41922.742586810804,4.188657240060543,1347287.8224374196,2116036380.5149567,46000.39543868027,3.4142960897144867
3510170,35.10.15,2023,1062943.159,19931302911.0,141178.26642582065,13.281826523879122,1180964.2123980012,17493958859.91203,132264.73021902714,11.199723821474457
3510170,35.10.15,2024,1708295.228,3538969890.0,59489.24180051382,3.4823747573281763,1268569.0984033947,3311386260.505452,57544.64580224169,4.5361853662261415
3510170,35.10.15,2025,2244509.068,2.12e-20,1.4560219778561036e-10,6.487039854793331e-15,2768171.664711435,1.3135639012512386,1.1461081542556264,4.140307369178643e-05
3510171,35.10.24,2018,604713.7508,3.83e-21,6.188699378706321e-11,1.0234097323765241e-14,745798.4884496492,1.297727448484302,1.139178409418078,0.00015274614082232574
3510171,35.10.24,2019,933475.9883,1438371284.0,37925.86563283691,4.062864616572046,785917.1595237007,1510199759.2270663,38861.28869745658,4.944705459925086
3510171,35.10.24,2020,1140946.009,1.48e-20,1.216552506059644e-10,1.0662664985575526e-14,1407138.183626798,1.3493602304063836,1.1616196582386094,8.255192501738654e-05
3510171,35.10.24,2021,1147553.084,29715153.04,5451.160705757995,0.47502470968549937,1424576.1119362384,24511806.645138856,4950.9399759175885,0.3475377647031038
3510171,35.10.24,2022,888401.544,5338372.653,2310.4918638679515,0.2600729230461526,1397521.844569264,6316615.752356835,2513.287837148152,0.1798388946058144
3510171,35.10.24,2023,1392451.011,13754266216.0,117278.58379090362,8.422456723032507,1031652.9716967016,15367906388.614826,123967.36017442182,12.016381823680465
3510171,35.10.24,2024,1294842.432,10395541462.0,101958.52814747769,7.874203503664427,1485598.310303244,8576032638.624665,92606.87144388728,6.233641409095581
3510171,35.10.24,2025,1457778.077,6.41e-21,8.006247560499238e-11,5.492089424870146e-15,1797889.8030404048,1.087998076105888,1.0430714626073747,5.8016429084999555e-05
3510180,35.10.16,2018,1078159.25,18900093783.0,137477.61193372542,12.75114153439999,2075378.8456914406,16683531305.557573,129164.74482442015,6.223670685117115
3510180,35.10.16,2019,1463977.921,61259705789.0,247506.98129345765,16.906469540496413,1815263.8899106714,51633211919.33667,227229.42573385313,12.517707590439372
3510180,35.10.16,2020,1090610.043,8565052952.0,92547.57129174164,8.485853572113276,2273295.265894932,10207990091.736097,101034.59848851827,4.444411599508777
3510180,35.10.16,2021,1694038.058,150000000000.0,387298.33462074166,22.86243409891218,5793277.847004212,170894276653.25226,413393.609836016,7.13574630379221
3510180,35.10.16,2022,1668462.697,133000000000.0,364691.65057620936,21.8579445157478,4193522.271083085,146515336197.71036,382773.2177121466,9.127725882168395
3510180,35.10.16,2023,2018594.398,158000000000.0,397492.1382870358,19.691530833577385,4076811.466475928,151562255982.43283,389309.97416253394,9.549373998868305
3510180,35.10.16,2024,1988281.083,89733204344.0,299555.0105473117,15.066029300813485,4845018.950631409,103787863089.06766,322161.2377196668,6.649328743650885
3510180,35.10.16,2025,1846912.473,32743449963.0,180951.51274029183,9.79751425070872,1190377.9229482815,35114680380.76937,187389.11489403373,15.741985068902798
3510190,35.10.17,2018,1376196.034,577524425.0,24031.73786890994,1.746243796318769,1139561.0088291715,579185517.272733,24066.273439665165,2.1118898640092794
3510190,35.10.17,2019,1421291.364,7.47e-21,8.642916174532761e-11,6.081030528609305e-15,1752890.4370297976,1.2278072624636542,1.1080646472402476,6.321357135804897e-05
3510190,35.10.17,2020,810297.3156,3398586398.0,58297.39615111468,7.194568589672208,1101045.8622993145,3157659359.42686,56193.05436997405,5.103607060710994
3510190,35.10.17,2021,1285806.357,83359398448.0,288720.27716805757,22.454413574505104,1272484.4707526008,68576868417.58414,261871.8549550221,20.57957177270227
3510190,35.10.17,2022,1098583.905,29881181219.0,172861.74018272522,15.734960197029757,1249095.3527048987,29226824399.671356,170958.54585153487,13.686588896622384
3510190,35.10.17,2023,1696399.189,17935910918.0,133925.01976105885,7.894664217565767,1114231.4960228452,21163153966.174034,145475.61296029665,13.056139005185145
3510190,35.10.17,2024,1521639.946,20228845835.0,142228.14712636877,9.34703032082261,1456774.2116936657,19677550807.67315,140276.6937437333,9.629268051130978
3510190,35.10.17,2025,1669458.645,59224842038.0,243361.54593115157,14.577273097480745,1057913.3351242451,71697395299.30057,267763.6930192377,25.310550886268068
3510200,35.10.21,2018,897430.8309,17493832013.0,132264.25069912127,14.738099711426047,1921848.089519572,17935860235.033154,133924.8305394976,6.968544042051547
3510200,35.10.21,2019,1024446.626,19714824398.0,140409.48827625575,13.705886154800586,1252110.3444193166,17190421633.962814,131112.24822251662,10.471301415796683
3510200,35.10.21,2020,964296.2111,11125368296.0,105476.86142467456,10.938222115832449,1484618.4088545314,11293407799.589077,106270.44650131605,7.158098395351963
3510200,35.10.21,2021,1632673.574,308000000000.0,554977.4770204644,33.99194339017729,2191729.449635814,283624612099.4394,532564.1858963475,24.298810511709846
3510200,35.10.21,2022,1235404.992,31610665550.0,177793.88501857987,14.391546591595757,2581827.926178218,34060834480.155617,184555.7760682543,7.148260122100593
3510200,35.10.21,2023,1133644.099,10365702987.0,101812.09646697194,8.980957653004284,2124513.2300743884,9946523404.067759,99732.25859303377,4.694358085477383
3510200,35.10.21,2024,1286704.411,3423313598.0,58509.089874992926,4.547205199173979,2211023.456555648,3092601706.338759,55611.16530283068,2.515177536355144
3510200,35.10.21,2025,1619198.111,96226775869.0,310204.4098155279,19.15790339107726,1433810.7260988445,98620266064.83777,314038.63785343,21.902377499147033
3510210,35.10.18,2018,877296.1767,10965485438.0,104716.21382574907,11.936244179205833,1638885.782280827,12004145967.207298,109563.43353148119,6.68523912502325
3510210,35.10.18,2019,732507.3731,9420415025.0,97058.82249955436,13.250217822217625,1155181.0763604548,8109834518.863679,90054.61964199104,7.795714584047689
3510210,35.10.18,2020,846719.2747,3673388836.0,60608.48815141325,7.158038084450998,1163310.9744109134,3057688672.2634826,55296.371239562206,4.753361092253395
3510210,35.10.18,2021,1123898.724,3754633995.0,61275.068298615544,5.452009775448019,944774.6828200929,4109262391.7890935,64103.528699979484,6.785059958278569
3510210,35.10.18,2022,966372.6013,5884224520.0,76708.69911555012,7.937797389160119,1843078.2474774043,5367331850.618721,73262.07648312135,3.974984598911855
3510210,35.10.18,2023,1411013.514,115000000000.0,339116.4991562634,24.033540132080084,1619682.1944257193,128241207712.71736,358107.8157660307,22.10975813641038
3510210,35.10.18,2024,1744775.809,150000000000.0,387298.33462074166,22.19759883321157,2470357.5004652743,162684627670.76028,403341.82484681683,16.327265376402007
3510210,35.10.18,2025,1077636.355,15536563134.0,124645.75056535221,11.566587373098805,1463712.9834195022,16352275327.282255,127876.01544966224,8.736413278983179
3511010,35.11.01,2018,496227.909,4459123897.0,66776.67180235924,13.456855326200373,1921118.1120400415,4562203954.42444,67544.08896731409,3.51587383118203
3511010,35.11.01,2019,679851.6222,3512798224.0,59268.863866283114,8.717911663502258,877519.5365355232,3006128925.2329426,54828.17638069812,6.248086122066479
3511010,35.11.01,2020,689561.3952,11028548242.0,105016.8950312282,15.229520643447442,1040613.251467964,10968648629.585,104731.31637473578,10.064384268314308
3511010,35.11.01,2021,908025.9902,6279456610.0,79243.02246885841,8.726955321114156,2454405.5306150876,5951760388.722526,77147.65316406278,3.1432317195247332
3511010,35.11.01,2022,1349845.054,216000000000.0,464758.00154489005,34.43047038381711,2228934.9194069672,203871693671.7567,451521.5317919586,20.25727749431513
3511010,35.11.01,2023,919826.3925,3636679337.0,60304.88651013283,6.556116132548658,2553397.146309336,3930923297.383159,62697.07566851232,2.4554376807044793
3511010,35.11.01,2024,1006226.577,8403365799.0,91669.8739990407,9.110261654223898,2367047.182901816,7089683225.428598,84200.25668267644,3.557185394988767
3511010,35.11.01,2025,1090770.553,7368641587.0,85840.79209210502,7.869738677489309,674261.024525586,7225941015.572688,85005.53520549522,12.607214730423669
3511020,35.11.06,2018,550656.7288,1916016995.0,43772.33138639065,7.949114048198415,2569395.369576084,1685238161.4519067,41051.652359581174,1.597716445108802
3511020,35.11.06,2019,706194.9619,1324181682.0,36389.3072481464,5.152869846344113,1061465.561810115,1399089382.00109,37404.40324348312,3.5238451994332696
3511020,35.11.06,2020,832893.8314,27052333291.0,164475.9352944983,19.74752712696082,1196422.7833025442,30625261630.888603,175000.74751522808,14.626998913558381
3511020,35.11.06,2021,808776.3635,1228277332.0,35046.78775579868,4.333310088852353,2276398.448115557,1506007470.5131354,38807.312075343936,1.7047679903080815
3511020,35.11.06,2022,736300.8574,1400999615.0,37429.92940148298,5.0835102289102645,2277131.6605167645,1411791155.08314,37573.80943001574,1.6500499326195688
3511020,35.11.06,2023,871605.6933,5031220018.0,70931.09344991094,8.137979592739649,1935177.4623976257,4809737043.415412,69352.26775971649,3.5837678511298465
3511020,35.11.06,2024,1057177.509,16479662121.0,128373.13629026907,12.143006751221858,2561292.335640659,17231585084.824997,131269.13226202494,5.125113226452163
3511020,35.11.06,2025,823764.8408,319874561.5,17885.03736367358,2.1711338573645005,682501.8952687524,327081679.7746799,18085.399629941272,2.649868045101866
3511030,35.11.02,2018,752970.3322,4983091623.0,70591.016588515,9.37500636741754,1084056.7548598729,5247020699.520287,72436.32168684635,6.6819676517960165
3511030,35.11.02,2019,597141.6836,3425022540.0,58523.69212549734,9.800637559360183,790267.1493912772,3285952346.6847453,57323.22693886611,7.253651753463464
3511030,35.11.02,2020,490171.2787,968125723.9,31114.718766204525,6.347723768868086,675873.166399362,910785484.4355129,30179.22272749106,4.4652198412118445
3511030,35.11.02,2021,756960.9696,1410192503.0,37552.52991477405,4.960959867536881,718197.3086228409,1578337225.4138212,39728.292505641635,5.53166825169834
3511030,35.11.02,2022,645646.5039,21651995746.0,147146.17136031776,22.79051624557519,954055.1217518153,23447949470.43521,153127.2329484054,16.050145264902145
3511030,35.11.02,2023,646345.8299,5038703152.0,70983.82317119866,10.982328637005516,848396.8736944372,5188352953.447766,72030.222500335,8.490156521519404
3511030,35.11.02,2024,675748.3895,4983074022.0,70590.89191956708,10.446327807277306,953109.0575084866,5000584191.799344,70714.80885782938,7.419382734929022
3511030,35.11.02,2025,914263.0017,3140853030.0,56043.31387418128,6.129889733038869,757972.5931152977,3025894695.797466,55008.1329968348,7.257272030212751
3511031,35.11.23,2018,463109.4367,3849396131.0,62043.50192405326,13.397157778981889,1757300.8030831842,3614437226.208056,60120.1898384233,3.4211666968422496
3511031,35.11.23,2019,633711.3983,3982824620.0,63109.62383028439,9.958732634379443,733539.1850478563,3943730592.8273625,62799.12891774346,8.561114415945813
3511031,35.11.23,2020,762636.1012,14169271619.0,119034.74962799728,15.608328722007434,733878.066450876,12224581635.941858,110564.8300136253,15.065831105748986
3511031,35.11.23,2021,965581.202,5030314638.0,70924.71105334163,7.3452870567939685,3014074.745462642,4351461551.28179,65965.60885250579,2.1885856995354795
3511031,35.11.23,2022,769303.2451,7479208520.0,86482.41740377058,11.241655089148745,2166781.7745058825,7080721280.248682,84147.02181449253,3.8835023814837832
3511031,35.11.23,2023,839203.5447,10013327213.0,100066.61387795632,11.923997999046621,1926962.533988799,9092639938.61845,95355.33513452957,4.948478937841344
3511031,35.11.23,2024,1477554.868,11741392754.0,108357.7074046881,7.333582647347625,2321502.510068357,13857678019.04768,117718.63921676838,5.070795258942113
3511031,35.11.23,2025,1055576.863,10357734922.0,101772.95771470926,9.641454003213527,693348.7829090703,9704129467.25975,98509.53998095692,14.207790135239343
3511040,35.11.05,2018,636746.1828,22830300512.0,151096.99041344272,23.729547894424023,1953465.8506659109,24065922704.585655,155131.95255841286,7.941370078495634
3511040,35.11.05,2019,614542.726,3961535451.0,62940.72966688581,10.241880182450618,812145.1927021493,4031827569.3845057,63496.673687560244,7.818389403537032
3511040,35.11.05,2020,770750.5039,2826520480.0,53165.030612236085,6.897826254179641,657991.5198128332,2689560192.579977,51860.96983840523,7.881707936472673
3511040,35.11.05,2021,1071388.331,11268219360.0,106151.86931938598,9.90787992065465,3082372.8742237743,13097323529.105728,114443.53860793421,3.712838883477205
3511040,35.11.05,2022,822850.5937,12996091234.0,114000.40014842054,13.854325563017522,2150781.0002161814,14560922004.243206,120668.64548938637,5.6104571073139295
3511040,35.11.05,2023,943257.2093,18825134250.0,137204.71657344728,14.545843405243431,1808075.0118549466,19159609940.130894,138418.24280105167,7.6555586407361025
3511040,35.11.05,2024,943439.4741,15022847290.0,122567.72531951468,12.99158331661275,2166713.8964201296,16079709407.398428,126805.79406083316,5.852447536813384
3511040,35.11.05,2025,1232440.495,15082400136.0,122810.42356412586,9.964815669589456,614162.9289689091,14004332322.769176,118339.90165100349,19.268486596818715
3511050,35.11.03,2018,643636.7264,8948292689.0,94595.41579273279,14.697019593929248,2692936.227173201,8217702081.599326,90651.54208064706,3.3662714016738824
3511050,35.11.03,2019,662841.5978,4530404048.0,67308.27622217048,10.154503948691447,1482283.2452379444,4672297257.844059,68354.2043903962,4.611413143202844
3511050,35.11.03,2020,715061.4723,1336767723.0,36561.834240092496,5.113103650024817,1401154.9987994058,1313572685.2467575,36243.243304742435,2.586669093412066
3511050,35.11.03,2021,1014267.658,8456785538.0,91960.7826086751,9.066717437289624,6306434.376701876,8972489750.382854,94723.22709020662,1.502009240596344
3511050,35.11.03,2022,856809.185,3452087899.0,58754.47131070111,6.85735778039087,3485378.7161548967,3182655317.955686,56415.027412522686,1.6186197256279882
3511050,35.11.03,2023,861754.6585,9541721854.0,97681.73756644585,11.335214333099639,2527031.907739989,10826023533.981567,104048.17890756938,4.11740661401554
3511050,35.11.03,2024,1242717.733,8853439199.0,94092.71597206661,7.571527586149493,2657206.6200041026,7607585308.1995945,87221.47274725183,3.2824497760402673
3511050,35.11.03,2025,876950.5609,8813457707.0,93880.01761290844,10.705280525342378,1019224.1601298468,8484846993.930295,92113.22920151206,9.037582977799216
3511060,35.11.04,2018,354976.9836,4.0599999999999995e-23,6.371812928829596e-12,1.7949932596220293e-15,437796.0604551479,1.3847200439272396,1.1767412816448821,0.0002687875446895299
3511060,35.11.04,2019,849794.2541,1447643124.0,38047.90564538343,4.477307943871567,409702.0155072872,1829150338.1670682,42768.56717458592,10.438944783229951
3511060,35.11.04,2020,597502.3395,1.57e-21,3.96232255123179e-11,6.631476212373541e-15,736904.5950331133,1.2587564083667724,1.1219431395426296,0.00015225079977852687
3511060,35.11.04,2021,1032561.579,7856538393.0,88637.11633960121,8.584196637012505,675656.4371154109,6877556578.728115,82931.03507570682,12.274142673718229
3511060,35.11.04,2022,649547.7096,674423550.3,25969.665964351563,3.9981152393477033,1012115.2057883366,651585153.4520793,25526.16605469923,2.5220613136443197
3511060,35.11.04,2023,965841.5352,6336154512.0,79599.96552763073,8.241514019289687,718631.0301929334,6553745039.330783,80955.20390518934,11.265197368871618
3511060,35.11.04,2024,1304980.027,85094502279.0,291709.61979166884,22.353569691198718,1010187.5911535326,72026502798.53268,268377.5378054816,26.567099037419517
3511060,35.11.04,2025,823786.4771,1.76e-20,1.32664991614216e-10,1.6104293442791207e-14,1015982.700267119,1.4335992562552846,1.197330053183033,0.00011784945283696612
3511061,35.11.18,2018,337642.9225,682641526.5,26127.409486973636,7.738177745151355,1135308.2129104852,716485675.7376844,26767.250059310994,2.357707779695371
3511061,35.11.18,2019,757207.181,4702774168.0,68576.77571889773,9.056540592804776,699058.4664722782,4435659077.417286,66600.74382030043,9.527206523424823
3511061,35.11.18,2020,638145.1364,337319207.2,18366.251854964856,2.878068139573281,1170997.7546648006,321506204.8471412,17930.5941019014,1.5312236108457826
3511061,35.11.18,2021,703287.4234,1288319066.0,35893.161827846816,5.103626288996257,1745543.5558313106,1266250889.0787115,35584.41918984644,2.038586723944534
3511061,35.11.18,2022,631431.7332,4087089043.0,63930.34524386678,10.124664612574588,1634183.6740180834,3713725705.424347,60940.345465252714,3.7291001271242887
3511061,35.11.18,2023,861897.5972,15641801488.0,125067.18789514698,14.51067833364961,1229080.46655359,13011585052.406689,114068.33501198607,9.280786581194315
3511061,35.11.18,2024,994236.4471,16413943915.0,128116.91502295862,12.885960416825542,1666894.8794279736,15323624510.620213,123788.62835745541,7.426300835475348
3511061,35.11.18,2025,972732.6468,4795601873.0,69250.28428100495,7.119148772154168,688382.0401777901,4432532637.011405,66577.26817023514,9.671557984435514
3511070,35.11.10,2018,946227.6916,64066954217.0,253114.50811243514,26.749852108474816,1095907.0674732083,57895340027.77606,240614.50502364995,21.955739876596084
3511070,35.11.10,2019,848665.4731,5840180102.0,76421.07106027761,9.004852145230698,809958.703755983,4961440742.495072,70437.49528834109,8.696430442898464
3511070,35.11.10,2020,939591.7693,4692890143.0,68504.67241728844,7.290897457342004,716338.4379081081,4374041393.156695,66136.53599302503,9.232582323260589
3511070,35.11.10,2021,1117740.213,7813176690.0,88392.17550213367,7.908114468288677,1696853.8400434463,7419042731.594235,86133.86518434103,5.07609218612109
3511070,35.11.10,2022,819991.682,7907588297.0,88924.6214329867,10.844576034734303,1429344.184476651,8098689916.364353,89992.72146326254,6.296084766750076
3511070,35.11.10,2023,1146866.824,18380467759.0,135574.5837500525,11.821301385037927,1077987.9889128897,17356750987.719444,131745.02262977316,12.221381312665
3511070,35.11.10,2024,1345570.452,7225044611.0,85000.26241724199,6.317042878795467,1381885.2364613009,7514259126.093035,86684.82638901133,6.272939611902345
3511070,35.11.10,2025,1291750.701,69502335034.0,263632.95513649273,20.40896551729394,650668.7710937286,67113130525.09566,259062.02061494012,39.81473095434948
3511080,35.11.09,2018,938359.6373,21485580948.0,146579.60618039605,15.62083452376091,1948123.1603306518,26989175138.5046,164283.8249448332,8.432928076115557
3511080,35.11.09,2019,843103.753,7050227544.0,83965.63311260148,9.959110348379802,1354109.0598794918,7641344302.380607,87414.7830883347,6.455520140756915
3511080,35.11.09,2020,676452.1123,3868777440.0,62199.497104076334,9.194959402609044,1271567.8707370216,3631866226.370806,60264.96682460554,4.739421953912297
3511080,35.11.09,2021,838031.2302,4822623944.0,69445.1146157885,8.286697692544836,2656924.7930927235,4767740517.069916,69048.82705064522,2.5988250487990197
3511080,35.11.09,2022,929131.4154,9757289700.0,98778.99422448075,10.63132648269733,2331851.8327403935,9282286993.041437,96344.62617625041,4.131678729476828
3511080,35.11.09,2023,1155952.313,58667673544.0,242214.1068228686,20.953641780797977,2212546.4637907567,58278913209.5962,241410.25912250747,10.910969015715006
3511080,35.11.09,2024,903831.6082,5078904212.0,71266.43117204621,7.884923532822096,2785210.7674806407,5046327760.749889,71037.50953369557,2.550525452619605
3511080,35.11.09,2025,877118.6205,4210662360.0,64889.61673488294,7.398043459377561,663307.0459217513,4292288055.4992313,65515.5558283621,9.877108381582127
3511090,35.11.08,2018,730017.9082,5916985365.0,76921.94332568569,10.536994019140103,1707476.8702900189,5616912313.486109,74946.06269502161,4.389287140521667
3511090,35.11.08,2019,813352.8008,36732447832.0,191657.11004812736,23.56383476636666,1174342.6520136902,43809185531.508514,209306.43929776386,17.823285132227642
3511090,35.11.08,2020,773304.5431,33621754473.0,183362.3583863384,23.711532542053988,1185198.8737127397,32741452557.034534,180945.99348157598,15.267141869173967
3511090,35.11.08,2021,1124847.255,26814305421.0,163750.7417418315,14.557598021771545,2594886.5234377314,24862295560.10662,157677.82202994378,6.076482366598854
3511090,35.11.08,2022,1140968.97,25501747619.0,159692.6661403084,13.996232179768079,2292924.3743705573,26982701885.397682,164264.12233168166,7.1639572664394855
3511090,35.11.08,2023,1224287.325,160000000000.0,400000.0,32.67206903412155,2276469.901415687,172230440447.73322,415006.55470454105,18.230267593103584
3511090,35.11.08,2024,1082332.669,24478178754.0,156455.037483617,14.45535572978413,2625339.283057244,27449346527.986263,165678.4431601959,6.31074407142002
3511090,35.11.08,2025,1009085.931,2578956681.0,50783.42919693392,5.032616909702402,745304.6149498019,2443812609.448776,49434.93308834124,6.632849454671738
3511100,35.11.11,2018,965958.4276,20819494685.0,144289.62084987265,14.93745659514267,2143461.078919597,23614421090.233032,153669.8444400626,7.1692388516575845
3511100,35.11.11,2019,917486.3346,13961494818.0,118158.76953489317,12.878531818831645,2041182.7367347856,13262658984.688265,115163.61832058015,5.64200432660937
3511100,35.11.11,2020,1474547.267,65480208354.0,255891.00874004932,17.35386952095916,2178522.101676337,58939454949.87702,242774.4940266111,11.14399958760116
3511100,35.11.11,2021,1538875.053,37496754197.0,193640.78650170786,12.583268935590954,3125209.2418360123,39614776650.13109,199034.61168884946,6.368681143791822
3511100,35.11.11,2022,1911569.717,98185781157.0,313346.1044228889,16.392083513158568,3321803.848414108,101840275560.56068,319124.2321738678,9.606955941309531
3511100,35.11.11,2023,2182259.4,128000000000.0,357770.87639996636,16.394516453908565,3433332.8014649968,113911913493.7338,337508.39025679615,9.830342986639161
3511100,35.11.11,2024,2141972.892,40913422367.0,202270.66610608666,9.44319448960079,4280426.303845779,44747364071.37381,211535.72764753902,4.941931308512035
3511100,35.11.11,2025,1566893.9,57838071563.0,240495.47098230352,15.348548550881686,1758338.1717784137,55218977055.08509,234987.1848741652,13.364163313163763
3511110,35.11.07,2018,690603.1919,4.7299999999999996e-23,6.8774995456197594e-12,9.958684851569045e-16,851726.649106527,1.286381118798333,1.134187426662072,0.0001331633133531574
3511110,35.11.07,2019,548937.5408,88987208.32,9433.303150010604,1.7184656630083779,893306.0183306522,95858709.7144774,9790.746126546097,1.0960125562393903
3511110,35.11.07,2020,771182.4245,12225967215.0,110571.09574839167,14.33786510631139,830676.9205775175,12023309243.596865,109650.85154068282,13.200180337796008
3511110,35.11.07,2021,1079736.399,40374355529.0,200933.70928990486,18.609515199820994,1519837.890260453,40598518051.45842,201490.7393689805,13.257383610461984
3511110,35.11.07,2022,757758.4101,488460167.3,22101.134977643116,2.9166466096663277,1670696.9628090768,421430531.86112195,20528.773267322184,1.228755048001375
3511110,35.11.07,2023,782150.234,25309536006.0,159089.71055979704,20.34004512741692,1182992.7122557638,24201124332.96772,155567.10556209408,13.15030126140459
3511110,35.11.07,2024,844687.0319,2863741064.0,53513.93336319056,6.33535633225229,1407207.3762847218,2932468628.740799,54152.272609197105,3.8482084106301913
3511110,35.11.07,2025,1036557.905,1393586754.0,37330.77489150205,3.6014172205364687,611799.6288586027,1503713482.147028,38777.744675870825,6.338307976455641
3511111,35.11.20,2018,807859.7419,2374992489.0,48733.894662749866,6.0324697636415126,993346.1617808173,2541798267.236212,50416.25003147509,5.0753958661391065
3511111,35.11.20,2019,777519.8836,6887472683.0,82990.79878516654,10.673784752733305,694056.1366021234,6830437421.122926,82646.46042706806,11.90774867745982
3511111,35.11.20,2020,621575.4511,2.03e-22,1.4247806848775008e-11,2.2922087453036815e-15,766594.163394686,1.3021571416468856,1.141121002193407,0.00014885594708159727
3511111,35.11.20,2021,1286243.936,49150026943.0,221698.05353904216,17.236081534307203,928357.5176672747,52100246131.90361,228254.7833713537,24.58694834990938
3511111,35.11.20,2022,628327.8604,220986176.1,14865.603791975622,2.36589919512912,1277951.9645594638,227724832.27880818,15090.554405945733,1.1808389379602195
3511111,35.11.20,2023,1071179.429,4674687682.0,68371.68772233138,6.38284174166412,721392.1406155748,5436605314.716818,73733.33923481846,10.22097900483095
3511111,35.11.20,2024,804979.6959,6798925095.0,82455.59468586714,10.243189375562874,1147543.6647542084,7110895159.5035305,84326.12382591488,7.348402192955039
3511111,35.11.20,2025,979317.8573,516105621.1,22717.958119073995,2.3197737026574687,631866.462005768,479526641.84565264,21898.096763089998,3.4656209942806084
3511120,35.11.17,2018,564876.9222,3785275565.0,61524.59317216165,10.891681135165634,1015992.3331949611,4307264427.307061,65629.75260738883,6.459670064734138
3511120,35.11.17,2019,522900.3341,4.7299999999999995e-24,2.1748563170931544e-12,4.1592176850229983e-16,644897.3225194211,1.3284288993917546,1.1525748996884126,0.00017872223367057052
3511120,35.11.17,2020,552759.9825,3967986101.0,62991.95266857505,11.395895987925474,786426.7885615574,3693512747.6973414,60774.27702323855,7.727900156402347
3511120,35.11.17,2021,808681.5167,5560570194.0,74569.23087976703,9.221087577723171,990588.0908202734,4944222600.941922,70315.16622281371,7.0983254164289455
3511120,35.11.17,2022,1011887.152,45985372838.0,214442.00343682672,21.192284437348675,1252874.6660822693,37623161245.71958,193966.90760467257,15.481748722017485
3511120,35.11.17,2023,880248.3034,9521168268.0,97576.4739473609,11.085107869048679,1181896.6765117773,9766484817.269238,98825.52715401642,8.36160462399199
3511120,35.11.17,2024,882714.6072,8418729677.0,91753.63576992467,10.3944848110048,1368516.605334953,8474823544.257336,92058.80481658089,6.726904478740243
3511120,35.11.17,2025,1301322.671,38477832528.0,196157.6726207772,15.073715150911804,756414.3074664607,42894137505.74935,207108.9990940745,27.380365105436304
3511130,35.11.12,2018,670322.3169,8291262623.0,91056.37057888921,13.583968231878693,1200978.1690963989,7454005840.090786,86336.58459825005,7.188855452985346
3511130,35.11.12,2019,649895.0069,2626519189.0,51249.577451916615,7.885824157409235,886056.4874959592,2571475028.1696734,50709.71335128679,5.723079066278835
3511130,35.11.12,2020,563626.0619,1450670269.0,38087.66557561647,6.757612564476141,893097.3749335379,1419066598.0115087,37670.500368478104,4.217961156954632
3511130,35.11.12,2021,741738.1004,1075393843.0,32793.19812095185,4.421128981141367,1562317.1635779885,1210791203.4959738,34796.42515397198,2.2272318300774394
3511130,35.11.12,2022,648392.3484,3495773339.0,59125.06523463631,9.118717298335767,1471287.0346858385,3716492898.156527,60963.04534844471,4.1435181518786415
3511130,35.11.12,2023,744690.0484,4533190720.0,67328.97385227254,9.041207680555402,1143798.751668264,5073808594.278923,71230.67172418721,6.227552847062929
3511130,35.11.12,2024,690725.7469,1402677153.0,37452.33174316387,5.422171087620691,1520379.8587130185,1423087619.350155,37723.83357176409,2.481211083899573
3511130,35.11.12,2025,1014008.043,1682283361.0,41015.64775789845,4.044903592337526,781866.692421272,1756806269.9697952,41914.27286700552,5.360795295833115
3511140,35.11.13,2018,543650.687,74170760.84,8612.244820022246,1.5841504528480888,823990.9974222858,65689870.75834132,8104.9287941561415,0.9836186098526583
3511140,35.11.13,2019,730375.2049,674333425.5,25967.930712707934,3.555423368495013,557896.3637496918,701745581.0459653,26490.480951578913,4.748279908750982
3511140,35.11.13,2020,565494.0544,1533827768.0,39164.11326712249,6.925645453280029,700708.438118377,1907152451.5033374,43670.956613100854,6.232400558836017
3511140,35.11.13,2021,748479.8587,3698296263.0,60813.61905856286,8.124950638509794,828412.3701501518,3374438916.480161,58089.920954328736,7.012198640128925
3511140,35.11.13,2022,1194558.125,39398149015.0,198489.66979417342,16.616158363509808,903000.970857393,39269169570.45193,198164.50128731917,21.945103901622982
3511140,35.11.13,2023,843348.1024,5213927.608,2283.4026381696244,0.2707544644579762,999320.2920428538,5201309.516589692,2280.637962630126,0.22821891847787332
3511140,35.11.13,2024,680578.4368,5630659060.0,75037.71758255977,11.02557964301342,1000746.0906754248,5025915865.1550455,70893.69411418088,7.084084042370149
3511140,35.11.13,2025,1016030.512,5929616675.0,77004.00427899837,7.578906673523046,532245.3670368086,5421238503.942852,73629.0601864702,13.833668594691256
3511141,35.11.21,2018,740039.7248,1.8300000000000003e-21,4.277849927241488e-11,5.7805679666690896e-15,912697.1354932424,1.2009774959622401,1.0958911880119486,0.00012007172427682749
3511141,35.11.21,2019,540054.6014,1.5300000000000002e-21,3.9115214431215896e-11,7.242825879053031e-15,666053.8227740894,1.6610817164061158,1.2888295916862382,0.0001935023188243723
3511141,35.11.21,2020,825569.636,12490848121.0,111762.46293367018,13.537617913756481,463767.85853207926,10968408072.146914,104730.16791806892,22.58245499150404
3511141,35.11.21,2021,869028.2701,87898.42905,296.47669225421413,0.034115885806580065,765247.2776266116,84123.25550255926,290.0400929226152,0.03790148640870238
3511141,35.11.21,2022,681744.1042,889584749.6,29825.90735585424,4.374941737245205,747183.0657895155,782786464.6237772,27978.321333199696,3.744506883816516
3511141,35.11.21,2023,1205735.939,512653255.5,22641.84744008315,1.8778446181890867,558906.7827311918,517415604.70112807,22746.77130278335,4.0698685372232255
3511141,35.11.21,2024,841773.8592,24947942354.0,157949.17649041416,18.763849074682,877836.8455140239,22687763298.328194,150624.57733825577,17.158607332101266
3511141,35.11.21,2025,1166283.399,1.04e-20,1.019803902718557e-10,8.744048861477081e-15,1438386.9970335707,1.4286336929834957,1.19525465612291,8.309687577737563e-05
3511150,35.11.14,2018,744271.2007,2207548706.0,46984.558165422815,6.31282765223658,695464.9012822694,2533821172.132406,50337.07552224708,7.23790308172816
3511150,35.11.14,2019,791595.0697,35649940207.0,188811.91754494736,23.85208356799185,602683.2587723745,36005848199.44296,189752.07034296874,31.484543096398767
3511150,35.11.14,2020,1306703.081,2.98e-23,5.458937625582472e-12,4.1776419639301914e-16,1611567.7564352488,1.311684178676505,1.1452878147769254,7.106668709420422e-05
3511150,35.11.14,2021,988169.928,2261774.521,1503.9197189344916,0.15219241917008547,1093855.298790992,2115045.5294390945,1454.3196104842616,0.13295356452463875
3511150,35.11.14,2022,786437.2235,4266309611.0,65316.99327893163,8.305430023802991,987760.762388526,3905770112.7332516,62496.16078394937,6.327054400584413
3511150,35.11.14,2023,993135.3519,6898116976.0,83054.90338324403,8.362898694961261,720821.7831727542,6298420663.418163,79362.58982302785,11.010015467860464
3511150,35.11.14,2024,967668.6773,15058995519.0,122715.09898541418,12.681520221137593,946754.7982670834,12823155059.993244,113239.37062697427,11.96079183694076
3511150,35.11.14,2025,868515.638,7.7e-22,2.7748873851023215e-11,3.1949768820424183e-15,1071147.545691437,1.4400934735237372,1.2000389466695391,0.000112033020240447
3511151,35.11.19,2018,897848.935,9304650401.0,96460.6158025129,10.74352399855694,1016737.0010462421,9493302560.443624,97433.58025056672,9.582967881596291
3511151,35.11.19,2019,924295.6941,4652325201.0,68207.95555505238,7.379451834563337,732116.7616285427,5244639247.715426,72419.88157761256,9.891848592090637
3511151,35.11.19,2020,950742.4532,1.8000000000000001e-22,1.3416407864998739e-11,1.411150603388112e-15,1172558.55942324,1.3065035416708728,1.1430238587496206,9.748117478344563e-05
3511151,35.11.19,2021,751473.4468,445042625.5,21096.033406780527,2.80728926572373,1218122.474406826,425354146.2338958,20624.115647316754,1.6931068985784719
3511151,35.11.19,2022,1093548.834,66078934649.0,257058.2320195173,23.5067903716056,1076832.5320448375,60817292356.63721,246611.62250923456,22.901576166252568
3511151,35.11.19,2023,1412938.58,28300952548.0,168228.86954384495,11.90631156407697,1045863.5994432177,27439048072.21702,165647.36059538354,15.838333094637633
3511151,35.11.19,2024,1978569.746,26200554357.0,161865.85296782025,8.180952594421214,1312644.6455124295,26120834563.037384,161619.41270477808,12.312503102595993
3511151,35.11.19,2025,1665709.883,3018056139.0,54936.83772297055,3.2981036063751654,1347267.9880538771,2984523749.6599097,54630.794884020404,4.054931562868525
3511152,35.11.22,2018,461435.1605,8421415358.0,91768.26988670975,19.887576357916,927562.3057062638,8057077402.015613,89761.22437899125,9.67710997167412
3511152,35.11.22,2019,799816.1095,10182288107.0,100907.3243476409,12.61631556917783,674004.1066011927,9336743050.26109,96626.823658139,14.33623663591607
3511152,35.11.22,2020,789768.2488,2879460899.0,53660.60844791084,6.794475281760763,992451.717603932,2609860570.6289673,51086.794483789716,5.1475344923708874
3511152,35.11.22,2021,827684.637,12622582955.0,112350.2690472969,13.57404306240577,1856446.985085864,9941269243.9639,99705.9137863141,5.370792410842936
3511152,35.11.22,2022,877604.0953,30491895073.0,174619.28608547224,19.89727338564668,1557821.6755951475,32845794638.282684,181234.08795886795,11.633814755442378
3511152,35.11.22,2023,952862.4096,33789950563.0,183820.43021111662,19.291392792825377,1240698.5815883817,28922320510.873867,170065.63589059922,13.707248353010593
3511152,35.11.22,2024,1010438.34,39983851009.0,199959.62344683488,19.789393922526227,1398568.8045597714,46363269874.78253,215321.31774346574,15.395833014539646
3511152,35.11.22,2025,698060.2581,15550244.62,3943.3798472883636,0.5649053647634326,760744.5143582566,16298911.70927245,4037.1910667285056,0.5306894746568327
3511160,35.11.16,2018,987747.6029,8862026747.0,94138.33834841149,9.530606611650981,660136.3568726488,9281381758.191504,96339.92816164803,14.593943684309693
3511160,35.11.16,2019,1148508.412,64570653575.0,254107.56300236323,22.125006691057933,689692.7851768079,61076147156.749344,247135.88803884664,35.832749500995796
3511160,35.11.16,2020,616138.9471,1.6399999999999998e-23,4.049691346263317e-12,6.572691704239965e-16,759889.2778843334,1.4720674438593628,1.2132878652073311,0.00015966640147698093
3511160,35.11.16,2021,924943.4701,4298891376.0,65565.93151934928,7.0886420239564085,677217.2186358286,3651028745.9356117,60423.743230088054,8.922357785261914
3511160,35.11.16,2022,876399.3884,35777580373.0,189149.62430044633,21.58258287306289,1015964.6506707171,32802594826.837093,181114.8663882595,17.826886621369308
3511160,35.11.16,2023,1123076.238,43022447966.0,207418.53332332673,18.468784781049454,834301.111527582,38175468462.28746,195385.43564525852,23.419054936593962
3511160,35.11.16,2024,982507.0216,12300752413.0,110908.75715199408,11.288342445775157,1135758.584312605,10816855115.023394,104004.11104866669,9.157237504976736
3511160,35.11.16,2025,881780.0315,12315170454.0,110973.73767698374,12.585195140811456,654738.0420326133,12319988958.058867,110995.44566358958,16.952649538891578
3511170,35.11.15,2018,675731.8972,8762422711.0,93607.81330102739,13.85280370645605,1776750.2253804926,9219819479.381973,96019.89106108158,5.404242514758586
3511170,35.11.15,2019,712907.1883,3051815441.0,55243.23887137683,7.749008535474299,983834.4933931793,2981978076.9181867,54607.49103299095,5.550475349228036
3511170,35.11.15,2020,860807.6683,31926259493.0,178679.20833997446,20.7571580644543,992754.1883275133,35007854127.5588,187103.85920006782,18.846947351114228
3511170,35.11.15,2021,1017032.745,424631191.0,20606.581254540986,2.026147275576755,2179312.2800419317,470419799.3723562,21689.16317824079,0.9952297051170413
3511170,35.11.15,2022,753575.7531,4131784076.0,64278.95515641181,8.529859790735856,2064444.1257185135,3362694454.835381,57988.74420812526,2.8089277634454133
3511170,35.11.15,2023,974328.5822,7148997440.0,84551.7441570545,8.677949687788038,1385296.8582120708,7506216808.879116,86638.42570637532,6.254141499908903
3511170,35.11.15,2024,1077062.686,13488807239.0,116141.32442416868,10.783153657982046,1760776.9317511644,12978524531.21161,113923.32742336667,6.47006019723721
3511170,35.11.15,2025,1010634.943,13275941421.0,115221.27156475926,11.400879453339787,852877.1246467892,13026229323.805021,114132.50774343399,13.382057560835726
3512010,35.12.15,2018,426256.3154,2398226876.0,48971.69464088414,11.48879039948745,953749.4033901345,2211118696.536155,47022.53392296246,4.930281870250117
3512010,35.12.15,2019,505695.2113,5989460060.0,77391.60199918335,15.304001356910485,697379.5261869609,7056373789.182815,84002.22490614647,12.045410246762286
3512010,35.12.15,2020,473154.3162,287454174.2,16954.473574841537,3.5832862544732587,957009.7782538375,321940133.9519891,17942.690265174537,1.8748701082148624
3512010,35.12.15,2021,688463.6275,3662839468.0,60521.39677832956,8.790790734740677,1167724.6743793506,3483260671.0655947,59019.155119889634,5.054201252641896
3512010,35.12.15,2022,550244.7135,1871373274.0,43259.37209437973,7.861842382676473,1401266.5917103412,2047219696.9070148,45246.21196196445,3.228951023997394
3512010,35.12.15,2023,633653.9283,598293163.7,24460.031964410842,3.86015628910145,1013656.2827239276,579532796.5362737,24073.487419488556,2.3749162146756055
3512010,35.12.15,2024,572974.3941,844626917.9,29062.465791807823,5.072210222842107,1358992.0809182993,867008446.994226,29445.00716580361,2.1666798194958576
3512010,35.12.15,2025,664238.5183,24125628516.0,155324.268921505,23.383809376040062,682320.0024670741,24124739517.697376,155321.40714562617,22.763718868570226
3512020,35.12.01,2018,487604.0769,5953484976.0,77158.8295401116,15.824073914774853,712695.3069481747,5621871019.89665,74979.13723094345,10.520503853464511
3512020,35.12.01,2019,579244.4577,479897754.5,21906.56875231719,3.7819211666351333,757748.1371445509,531693155.4223709,23058.472530121566,3.0430259607121735
3512020,35.12.01,2020,379637.5449,5470474529.0,73962.6563138453,19.482439844912534,988927.903942757,5919630909.058033,76939.13769375137,7.7800552888641015
3512020,35.12.01,2021,671761.5984,564708235.8,23763.590549409826,3.5375035735906732,841736.0933656931,515211090.7044604,22698.261843243865,2.6966007543391135
3512020,35.12.01,2022,644651.6904,4304605473.0,65609.49224769232,10.177510309013893,1162653.175363617,3906346144.587179,62500.769151964676,5.375701926966974
3512020,35.12.01,2023,538312.2813,497199671.4,22297.974603088955,4.14220061062704,911027.9636786412,376505933.1011985,19403.76079787623,2.1298754342869737
3512020,35.12.01,2024,562231.2557,248394984.6,15760.551532227544,2.8032151134331795,957950.8753000794,235240955.73641098,15337.56681277741,1.6010807243088427
3512020,35.12.01,2025,585080.3734,1962679130.0,44302.13459868497,7.571974144550063,393454.17175227567,1906300617.112833,43661.202653074426,11.096896611523068
3512030,35.12.16,2018,407853.3447,242244311.3,15564.199667827446,3.8161265244191696,663798.7519023143,240627528.3512253,15512.173553413631,2.3368789876387757
3512030,35.12.16,2019,737190.2477,990095635.1,31465.785149905285,4.26833985502075,456823.5476762719,1183521705.1192362,34402.35028481682,7.53077429125787
3512030,35.12.16,2020,792830.6378,18639973986.0,136528.29005740897,17.22036000478701,645826.1694331494,17508318889.86434,132319.00426569246,20.488331152921642
3512030,35.12.16,2021,784369.0692,4048808907.0,63630.251508225236,8.11228463829196,798505.3675794754,4091983344.0732555,63968.61217873384,8.011043478974115
3512030,35.12.16,2022,856585.5594,28614759637.0,169158.97740587106,19.748053834150483,851759.7994341161,30975344350.14185,175998.13734850107,20.662883769042516
3512030,35.12.16,2023,887465.0204,8433519689.0,91834.19672975857,10.347922973726543,796091.9187146233,8324430017.459337,91238.31441592582,11.460776358996329
3512030,35.12.16,2024,936118.5113,19776211594.0,140627.91897059418,15.02244825554217,964305.8970695745,18889874396.654034,137440.4394516186,14.25278429482655
3512030,35.12.16,2025,905368.0499,21411195042.0,146325.64724613386,16.162006960848228,672962.8166454263,19404447666.054848,139299.84804749375,20.69948659895851
3512040,35.12.02,2018,601183.0531,7824972638.0,88458.87540546738,14.714133232686658,3073669.7574608633,7602358667.432443,87191.50570687745,2.836723284771677
3512040,35.12.02,2019,841486.5184,2981174307.0,54600.131016326326,6.488533068853303,1271907.5353751772,3215348081.0052605,56704.03937115292,4.458188806502102
3512040,35.12.02,2020,995772.6741,18538723707.0,136156.9818518316,13.673500528109301,1512313.5342813677,18634941833.421947,136509.85983958063,9.026558100893304
3512040,35.12.02,2021,1062230.535,5884487771.0,76710.41500995807,7.221635274301175,2642870.385697282,5889370290.757127,76742.23277151329,2.903745608820918
3512040,35.12.02,2022,795738.5614,9363823533.0,96766.85141617454,12.160633669169641,2645410.3954138546,8663295443.091629,93076.8254889026,3.5184266928966013
3512040,35.12.02,2023,955536.5584,3996572701.0,63218.45221926902,6.616016065897602,2102812.5928245215,4223518614.44034,64988.60372742547,3.0905561412932214
3512040,35.12.02,2024,1159387.303,24495160217.0,156509.29754171157,13.499310984063067,2564943.864062916,26382822830.47682,162427.90040653982,6.332610342171434
3512040,35.12.02,2025,917463.2095,9352361628.0,96707.60894572877,10.540761519846946,1169627.5405380588,9601732654.489754,97988.43122782277,8.377746575866842
3512050,35.12.03,2018,466842.925,1288430453.0,35894.713440839725,7.688820268795918,691881.4249217062,1136655861.955854,33714.32725053036,4.872847577075147
3512050,35.12.03,2019,611265.9395,60263288302.0,245485.82097954254,40.16023225183194,631688.9632871754,53693419712.03544,231718.40607089337,36.68235785933
3512050,35.12.03,2020,859810.524,19540989782.0,139789.09035400438,16.25812739575218,795679.1876647171,22535867298.1729,150119.51005173477,18.86683884397289
3512050,35.12.03,2021,1267338.658,41572545912.0,203893.4670655242,16.088317497336547,1375628.0578125427,33261062596.142685,182376.15687403516,13.257664805415567
3512050,35.12.03,2022,931126.0741,52247681384.0,228577.51723211975,24.548503536758574,1461849.9971405237,49252522492.24934,221929.09338851753,15.1813861765999
3512050,35.12.03,2023,1137135.565,65379363871.0,255693.88704269016,22.485787527249677,1155891.0252096811,62165552192.697975,249330.20714044652,21.570390434964878
3512050,35.12.03,2024,1045652.856,93216679692.0,305314.06730119727,29.198415664366266,1470783.8013233326,80810310029.21336,284271.54277066386,19.32789459027843
3512050,35.12.03,2025,1135677.276,109000000000.0,330151.4803843836,29.070889007061858,673491.5942946229,125249398397.7565,353905.91743817524,52.54793384746491
3512060,35.12.04,2018,837905.1588,3877124902.0,62266.56327436098,7.431218512073086,1164457.4855178918,3529096690.7089367,59406.20077659349,5.101620412545385
3512060,35.12.04,2019,721638.144,1736729653.0,41674.08850832853,5.774928730531259,919867.8924363761,1711144634.7407186,41365.98402964347,4.496948352016168
3512060,35.12.04,2020,777405.893,8456244331.0,91957.83996484475,11.82880664950719,896665.4647537477,8152060672.85128,90288.76271636067,10.069392238849835
3512060,35.12.04,2021,883060.5873,4106795127.0,64084.28143468568,7.25706507077011,720355.0768800079,3413157057.934747,58422.2308538004,8.11019908498986
3512060,35.12.04,2022,857580.8016,10797278324.0,103909.95295928104,12.116637028885775,1027014.9661455473,10544473955.275074,102686.28903254356,9.998519244362305
3512060,35.12.04,2023,715890.0462,1971193111.0,44398.120579592105,6.201807220991657,888586.7461218747,1749309507.315825,41824.74754634898,4.706884018795896
3512060,35.12.04,2024,736571.807,14784915246.0,121593.23684317314,16.507994969073415,971214.8362463294,15900524805.74654,126097.283102161,12.983459312618958
3512060,35.12.04,2025,932979.884,37363005883.0,193295.12638191372,20.7180379445259,692609.6350174451,39519615135.717064,198795.4102481168,28.702374353066812
3512070,35.12.17,2018,527870.7234,88574614.12,9411.408721333912,1.7829003019366751,989333.2888404803,75094592.8864595,8665.713639767904,0.8759144908511374
3512070,35.12.17,2019,769970.6449,4090324760.0,63955.64681871336,8.30624482145285,658910.4990248348,4096758862.3128924,64005.92833724774,9.713903243608097
3512070,35.12.17,2020,593787.054,3825900446.0,61853.86363033436,10.4168427407874,787208.2583342108,3856311087.625111,62099.20359896019,7.8885355865507005
3512070,35.12.17,2021,914525.4319,1448970632.0,38065.34686562044,4.162305993671126,837135.2382087206,1453347617.5147443,38122.79655947009,4.55395912386202
3512070,35.12.17,2022,1037689.228,12795785031.0,113118.45574882995,10.900995471144078,1208231.2820088174,10773255215.283672,103794.29278762716,8.590598036417143
3512070,35.12.17,2023,998562.5784,31800178645.0,178326.04589627395,17.858274459073595,1214337.136152153,32333495945.868866,179815.17162316662,14.807681184233857
3512070,35.12.17,2024,751004.277,9384515267.0,96873.70782105948,12.899221853707163,1427955.0260098667,9587504503.989613,97915.80313713213,6.8570649182655385
3512070,35.12.17,2025,668049.2797,17343647717.0,131695.28357917757,19.71340851356322,530093.4355459294,17900178600.444836,133791.54906213185,25.239238988942287
3512080,35.12.05,2018,735722.288,4092854951.0,63975.424586320645,8.695594197673763,589266.0853550528,4351128688.517177,65963.08580196333,11.194108644860892
3512080,35.12.05,2019,567880.0522,14768246460.0,121524.67428469002,21.399708233084862,617214.0162380375,15667848156.286139,125171.27528425257,20.28004419717819
3512080,35.12.05,2020,580870.1261,3424433442.0,58518.658921749055,10.074310296287253,587585.9571758995,3737748266.7921557,61137.12674629186,10.404797119409352
3512080,35.12.05,2021,736476.8251,2348807839.0,48464.500812450344,6.58058735329109,749841.6196937835,2496732379.852763,49967.3131142026,6.663715616986958
3512080,35.12.05,2022,793745.6882,38985590207.0,197447.6897990959,24.875434630310085,897508.8146852321,41959197934.42019,204839.44428361492,22.823112256056753
3512080,35.12.05,2023,936811.4262,5606696725.0,74877.8787426567,7.992844306605523,749062.867620683,5358489427.890406,73201.70372259381,9.772437920345869
3512080,35.12.05,2024,475649.711,548119715.1,23411.95666961649,4.922100471877821,948605.7946529038,431633595.8726711,20775.79350765383,2.1901398478443537
3512080,35.12.05,2025,646079.246,2731046772.0,52259.41802201781,8.088700936543907,467153.2044399355,3247754605.6330323,56989.074440922726,12.199225842675371
3512090,35.12.06,2018,1304936.27,10857321822.0,104198.47322297962,7.984947281983327,1582840.325833745,11673789279.260193,108045.31123218717,6.826039839190691
3512090,35.12.06,2019,1235508.213,5652141880.0,75180.72811565474,6.085004318433838,1196198.6717919498,5062501045.654352,71151.25470189792,5.9481135015231805
3512090,35.12.06,2020,749211.6862,4610209113.0,67898.52069817133,9.062661721489219,1083487.5342474265,6487809497.170621,80546.9397132543,7.434043970722833
3512090,35.12.06,2021,1224703.947,20547211200.0,143342.98448127834,11.704296767590833,1030948.4784549151,23399640479.437485,152969.4102735494,14.837735684212369
3512090,35.12.06,2022,1033289.321,44619500878.0,211233.285440529,20.44280156075754,1433448.5013331613,40616505604.40649,201535.37060378876,14.059477575675249
3512090,35.12.06,2023,1473680.89,142000000000.0,376828.8736283354,25.570588326509103,1243476.4140792289,145812185947.19922,381853.61848121753,30.708553387719302
3512090,35.12.06,2024,1614667.714,224000000000.0,473286.3826479693,29.311689243819817,1659508.5893893505,226479767893.77982,475898.9051193329,28.67709803746478
3512090,35.12.06,2025,1465152.699,279000000000.0,528204.5058497703,36.05115741248553,1043414.1953511891,277647807029.46173,526922.961190212,50.499884277773496
3512100,35.12.07,2018,1137702.962,73932906184.0,271906.06132265605,23.89956521205366,1122280.373734472,68970225465.70787,262621.8297585101,23.4007326426476
3512100,35.12.07,2019,1125827.24,38684048138.0,196682.6076143999,17.470052298112797,1121629.5331059643,44274934320.81383,210416.098055291,18.759857140406826
3512100,35.12.07,2020,803866.9485,2425948221.0,49253.91579356915,6.12712288836803,1103004.4852493636,2431360937.8155046,49308.8322495626,4.470410855891943
3512100,35.12.07,2021,1027544.847,4971598626.0,70509.56407467004,6.861945177432245,1340105.8070172297,4738887320.350214,68839.5767008355,5.136876233232413
3512100,35.12.07,2022,960226.7003,8197667423.0,90540.97096342627,9.429124490616529,1502549.3806870093,7501428205.444271,86610.78573390424,5.764255527781939
3512100,35.12.07,2023,930251.7933,7109034059.0,84315.08796769414,9.063684539493607,1230789.2649538955,6659359638.0567665,81604.89959589906,6.630290165795029
3512100,35.12.07,2024,996817.1367,25866735022.0,160831.38693053665,16.13449257734221,1332709.220348206,25951338444.253487,161094.19121822328,12.087722419758833
3512100,35.12.07,2025,949955.0164,4365643345.0,66073.01525585161,6.955383582924318,826151.9831325794,4662275660.013128,68280.85866487861,8.264927042355236
3512110,35.12.09,2018,553627.6915,63827585.73,7989.216840842411,1.4430666968981287,1198044.0622553478,58247738.48637084,7632.020603114934,0.6370400591734051
3512110,35.12.09,2019,650149.0808,2530634513.0,50305.41236288597,7.73751957027853,793012.5414288506,2215355804.0203824,47067.56637027649,5.935286507004052
3512110,35.12.09,2020,705309.478,1390961869.0,37295.60120175032,5.28783496678749,868248.9028766977,1456264599.4066224,38161.03509349062,4.395172279176489
3512110,35.12.09,2021,814182.2755,3085952723.0,55551.35212575838,6.8229625966302905,724280.5045255123,3090575724.5470347,55592.946715811304,7.675609983763283
3512110,35.12.09,2022,759768.4807,1346460797.0,36694.152081769105,4.829649164698378,1081744.957003569,1400254583.3161752,37419.97572575609,3.4592234965817945
3512110,35.12.09,2023,988396.7221,2996618840.0,54741.381422101505,5.538401756917512,1118856.8490811433,3443034153.4251165,58677.37343665884,5.244404007970045
3512110,35.12.09,2024,1290263.974,238000000000.0,487852.4367060187,37.8102811933598,1464508.614784874,271571482053.93845,521125.2076554525,35.583621864320826
3512110,35.12.09,2025,938841.1195,29804385014.0,172639.46540116487,18.38857095363566,767017.0166631402,34713439114.405525,186315.42908306204,24.290912070453892
3512120,35.12.08,2018,912021.1859,17241307270.0,131306.15853797566,14.397270652040852,1030172.4831734009,16517490870.973,128520.39087620687,12.475618692542193
3512120,35.12.08,2019,861242.2293,7432109165.0,86209.68138788125,10.0099226971198,1266808.6584291582,7971228648.272937,89281.73748462189,7.047768176397782
3512120,35.12.08,2020,859124.3944,8657444677.0,93045.39041242182,10.830258227902302,1262470.4819896067,8278929615.149008,90988.62354794146,7.207188195366497
3512120,35.12.08,2021,1026109.871,19709447696.0,140390.3404654323,13.68180391137006,1886457.8656833863,18474910459.331234,135922.44280960827,7.205167169761788
3512120,35.12.08,2022,804931.5749,16263546263.0,127528.60958624147,15.843409994456344,1958843.7466056421,15551751508.260801,124706.66184394802,6.366340452628975
3512120,35.12.08,2023,1447183.586,372000000000.0,609918.0272790763,42.14517309202513,1484967.2175431424,420211063934.0648,648236.8887482915,43.65327941857131
3512120,35.12.08,2024,1243296.641,30596215193.0,174917.73836006457,14.068865996402588,2299235.099580911,33445186379.151993,182880.25147388657,7.953960493523292
3512120,35.12.08,2025,906780.3079,12326242053.0,111023.61034032356,12.243716518,856863.2233628221,11579351130.61035,107607.39347558953,12.558292915557336
3512130,35.12.10,2018,611142.7295,11313129084.0,106363.19421679663,17.403985858396215,951721.589517327,10551511612.987043,102720.5510741986,10.79313028154527
3512130,35.12.10,2019,758002.934,999776866.8,31619.248359187794,4.171388650480843,738722.7768545575,997157078.0552535,31577.79406569201,4.274647412409373
3512130,35.12.10,2020,697716.168,942181873.5,30694.9812428677,4.399350717477956,786050.3252484486,1110038242.925279,33317.23642388845,4.238562768020966
3512130,35.12.10,2021,1097341.712,8294059630.0,91071.72794012421,8.299304304594248,1002245.4752865552,8893037259.682426,94302.90165038628,9.409162124021945
3512130,35.12.10,2022,902034.0634,1682742632.0,41021.24610491495,4.547638251076156,1321909.6254468267,1790408574.6531365,42313.21985683832,3.200916238319679
3512130,35.12.10,2023,876851.3765,3988864067.0,63157.45456397052,7.202754794782547,1052759.1668234004,3603240622.8105946,60026.99911548631,5.701873800501971
3512130,35.12.10,2024,1368643.846,19190574017.0,138530.0473435276,10.121701693862555,1166447.988153547,21393851265.679653,146266.37093221277,12.539467890355589
3512130,35.12.10,2025,1002253.647,17154660053.0,130975.79949364692,13.06812899964902,870793.0119073082,16667703429.758184,129103.46017732516,14.825964197226197
3512140,35.12.11,2018,748875.7407,2026857981.0,45020.639500122605,6.0117636415943,1536786.0191824585,2098137392.0546725,45805.429722410336,2.9805990652347276
3512140,35.12.11,2019,660656.7028,4336962336.0,65855.61734582708,9.96820543358106,1000398.5330543185,5411477388.270276,73562.74456727588,7.353343906121227
3512140,35.12.11,2020,606297.6057,6229423000.0,78926.69383674956,13.017813874693578,1033427.6413449892,6853515331.376745,82785.96095580907,8.010813495182353
3512140,35.12.11,2021,1129174.251,13723394244.0,117146.89173853483,10.374562795316065,1376859.2013518969,12181607179.340586,110370.31838017223,8.01609331381182
3512140,35.12.11,2022,951273.883,32758298447.0,180992.53699255115,19.026333028481886,1590909.7808533793,34842430485.72064,186661.27205641946,11.732989155192229
3512140,35.12.11,2023,1068361.281,13969760605.0,118193.74181825365,11.063087358203658,1320659.5240961637,13977307108.111467,118225.6618002685,8.952016749447976
3512140,35.12.11,2024,1457840.319,60133600785.0,245221.53409723216,16.820877492635198,1504517.6973858066,51903002118.61371,227822.30382167088,15.142547290572011
3512140,35.12.11,2025,1070475.338,19281317206.0,138857.18276704306,12.971544307267644,1240984.7763455864,20217874146.032764,142189.57115777783,11.457801406435724
3512150,35.12.12,2018,678977.3724,6657632682.0,81594.31770656582,12.017236659618295,916476.5832555396,6147237611.171939,78404.32138072453,8.554972687050444
3512150,35.12.12,2019,856410.9926,6614195392.0,81327.70371773692,9.496340474429465,631061.0334687227,6803850974.390578,82485.45916942318,13.070916249737262
3512150,35.12.12,2020,742447.1599,12012988899.0,109603.78140830726,14.762502616761275,703086.5214010731,13944743538.848993,118087.86363910981,16.795637527482484
3512150,35.12.12,2021,837630.7255,2595771273.0,50948.71218195804,6.0824789051936525,753753.0010752839,3077430635.2870784,55474.5945031334,7.359784229581153
3512150,35.12.12,2022,786239.693,10551074447.0,102718.4231138699,13.064517605557965,952318.2085755718,9906731757.91756,99532.56631835412,10.45160802577006
3512150,35.12.12,2023,945072.8047,9252996143.0,96192.49525300818,10.178315868854478,760577.99850268,9339419216.542301,96640.67061306177,12.706214326908544
3512150,35.12.12,2024,1017568.633,13938214406.0,118060.21517005634,11.602186952440812,945776.3574186043,13447509188.568819,115963.39589960626,12.261185743331117
3512150,35.12.12,2025,1100143.632,23785927715.0,154226.87092397356,14.018794131780565,827111.0161561667,22257225799.98418,149188.55787219133,18.037307563078457
3512160,35.12.13,2018,1112438.3,43317523210.0,208128.62179431258,18.7092283495015,1559687.9144976712,39243436713.87959,198099.56262919813,12.701230854443088
3512160,35.12.13,2019,1036698.381,32112679740.0,179200.1108816621,17.285655516198023,1164112.2969756124,34172379321.922432,184857.7272442849,15.879716048404358
3512160,35.12.13,2020,1039713.02,6993001256.0,83624.1666983893,8.043004664728475,1153218.866450622,6433910244.925896,80211.65903362114,6.9554584448047265
3512160,35.12.13,2021,1267373.557,27516951783.0,165882.34319239645,13.088670051240184,1478982.896254229,27512155108.97754,165867.88450142342,11.214996800944185
3512160,35.12.13,2022,1083868.974,6230165734.0,78931.39891069966,7.282374604690886,1853676.1067580564,6916025708.073617,83162.6461103398,4.486363383934703
3512160,35.12.13,2023,1011512.207,737194128.8,27151.31909871047,2.6842304928021963,1391624.420994439,708431663.0969292,26616.379601608653,1.9126122824568492
3512160,35.12.13,2024,1083707.87,5123669947.0,71579.81522049355,6.605084008524691,1518055.6388239071,5180269865.745898,71974.09162848738,4.741202482159898
3512160,35.12.13,2025,1026751.937,12199760182.0,110452.52456146035,10.75746931475819,808691.615959741,11002887402.78001,104894.64906648008,12.970908439800377
3512170,35.12.14,2018,700337.7345,4519468738.0,67226.99411694681,9.599224888966312,677806.3531859114,4706915525.862956,68606.9641207287,10.121912224376999
3512170,35.12.14,2019,858980.9563,4631451850.0,68054.7709569285,7.922733380501199,906891.0201756113,5229311947.177513,72313.98168526964,7.973833688557937
3512170,35.12.14,2020,743500.7371,1093132692.0,33062.5572513682,4.4468761901067655,1205227.4404409502,1126694443.188047,33566.269426137405,2.7850568531576654
3512170,35.12.14,2021,943372.407,2427775667.0,49272.463577539944,5.223013012881131,1061035.7229756827,2452094443.9069204,49518.62724174531,4.66700848703472
3512170,35.12.14,2022,759887.2147,10391873752.0,101940.54027716353,13.415219825406483,1316706.4013466716,9437007948.438808,97144.26358997637,7.377822686258783
3512170,35.12.14,2023,895866.947,26834135715.0,163811.28079286846,18.285224311648644,944576.5069425288,26013978966.667603,161288.4960766502,17.075217824199342
3512170,35.12.14,2024,1952178.463,227000000000.0,476445.1699828638,24.40582042128921,1115157.2205918005,218121034816.45078,467034.2972592599,41.880578687497575
3512170,35.12.14,2025,934929.1521,5509717230.0,74227.46951095665,7.939368383607455,1017824.4326818644,5828521006.528173,76344.75100835795,7.50077798851785
3513010,35.13.01,2018,632045.6299,3.75e-21,6.123724356957945e-11,9.688737754466902e-15,779507.1218192431,1.2716517376095546,1.1276753688937053,0.000144665178460704
3513010,35.13.01,2019,886317.9249,573733651.6,23952.73787273597,2.702499543314378,775610.3602458242,574032680.258877,23958.9791155399,3.089048360306362
3513010,35.13.01,2020,1140590.22,1147467303.0,33874.28675263879,2.9698910405034677,1224522.2588361287,1160333430.0299845,34063.667301539695,2.781792413795416
3513010,35.13.01,2021,1403194.479,6672502980.0,81685.39024819554,5.821387660134568,1311434.6219718605,6644017466.611464,81510.84263220117,6.215395054131044
3513010,35.13.01,2022,1330396.341,68937400628.0,262559.3278251603,19.735421673499648,1743907.6456113898,67915684702.264694,260606.3788595066,14.943817668059001
3513010,35.13.01,2023,1541807.093,156000000000.0,394968.35316263,25.617235447666342,1120226.9182947846,163897485464.18216,404842.54403926246,36.13933368567111
3513010,35.13.01,2024,2130097.25,273000000000.0,522494.0191045253,24.529115706079864,1547191.365728711,245176899948.69348,495153.41051909706,32.0033721417444
3513010,35.13.01,2025,2645843.395,9.34e-20,3.056141357987225e-10,1.15507265613777e-14,3263140.6215833114,1.210465605772845,1.1002116186319997,3.371634098006371e-05
3513020,35.13.02,2018,853551.1508,16109548960.0,126923.39800052629,14.870040053436279,1092851.3734779314,19341236691.206078,139072.7748022814,12.725680561638587
3513020,35.13.02,2019,822718.079,10671108056.0,103301.05544475332,12.55606970133852,795278.6229245511,9480340503.8202,97367.0401307352,12.243135590980485
3513020,35.13.02,2020,3400520.858,4.88e-19,6.985699678629192e-10,2.0543028466344408e-14,4193890.601103068,1.2878914340008083,1.1348530451123653,2.7059672105273295e-05
3513020,35.13.02,2021,1160788.06,10082378076.0,100411.04558762447,8.650247969265333,2195268.9752611397,8880604692.940632,94236.96033372804,4.29272956506471
3513020,35.13.02,2022,793939.5614,3852652382.0,62069.73805325748,7.817942456955576,1437175.089177669,4197539147.5801435,64788.41831361639,4.508039333654704
3513020,35.13.02,2023,915100.8867,23321530980.0,152713.88600909873,16.688202167501924,845718.7532719433,19885666171.180008,141016.5457355271,16.674165636029453
3513020,35.13.02,2024,729294.6398,5359454712.0,73208.29674292389,10.038233211613946,1106999.7423616315,5921964072.665188,76954.2985977079,6.951609440625208
3513020,35.13.02,2025,1319159.245,127000000000.0,356370.5936241092,27.01497904630227,1067614.583036507,124604214430.5365,352993.22150791576,33.06373171710836
3513030,35.13.03,2018,503086.8269,7728992653.0,87914.68963148308,17.47505299894448,655865.1375060598,6635793145.194862,81460.37776241197,12.42029391471647
3513030,35.13.03,2019,535844.775,6.49e-22,2.5475478405713992e-11,4.754264591963967e-15,660861.8089301804,1.1941264880776128,1.0927609473611384,0.0001653539261302037
3513030,35.13.03,2020,609958.6914,868159508.6,29464.54663829057,4.830580669432292,603913.4363583894,827485126.2556397,28766.041198879622,4.763272261723377
3513030,35.13.03,2021,803940.9635,339774717.2,18432.97906470899,2.2928274464906018,704477.9302571078,320325581.6997653,17897.64179158152,2.540553936877704
3513030,35.13.03,2022,747706.2268,32165512.93,5671.4647958001115,0.7585151216504638,949082.0419152757,27342135.391009808,5228.970777410198,0.5509503442777169
3513030,35.13.03,2023,767645.3047,20491415354.0,143148.2286093684,18.647704575658352,682373.052947356,19063834768.158573,138071.84639946904,20.23407076277396
3513030,35.13.03,2024,875558.9924,7227142850.0,85012.6040655149,9.709523264958577,807726.5123917864,7140190493.331152,84499.64788879982,10.461418139982188
3513030,35.13.03,2025,940429.2427,8055441.431,2838.210956042556,0.3017995216624665,821316.3194035036,8477003.1991392,2911.5293574235516,0.3544954956621469
3513040,35.13.04,2018,804847.5407,37449842746.0,193519.6185041713,24.044257914469302,980983.7506000481,37196119139.77817,192862.9542959927,19.660157895380255
3513040,35.13.04,2019,503730.3148,21746165977.0,147465.81290929773,29.274754482038123,912286.2405092368,27351337194.782524,165382.39687095638,18.128344978505886
3513040,35.13.04,2020,852535.5448,3536872694.0,59471.612505463476,6.97585137279117,825479.6484814542,3210225531.6174912,56658.852191140366,6.86374913002029
3513040,35.13.04,2021,971015.7577,3980141395.0,63088.36180310914,6.49715118450226,1362100.2734507897,4336827987.30047,65854.59731332712,4.83478335603655
3513040,35.13.04,2022,606988.4975,5112409372.0,71501.1144808247,11.779649000815654,1622206.1959295257,5519842372.954379,74295.64168209585,4.579913568849636
3513040,35.13.04,2023,524837.5232,1833339727.0,42817.51659075991,8.15824225556438,1062923.9485653546,1552584476.891512,39402.84858854131,3.7070242552841117
3513040,35.13.04,2024,707666.33,681024069.4,26096.437868030953,3.687675499275337,1165545.7911442395,676443196.9416028,26008.521621607077,2.2314457157512444
3513040,35.13.04,2025,641160.4118,4423082026.0,66506.25554036252,10.37279506288484,715448.2097389797,3886116948.808534,62338.727519965745,8.713241108354868
3513050,35.13.05,2018,883544.3426,70784529776.0,266053.62199376273,30.112084834457605,1789105.1712819568,74528664832.93193,272999.38614021085,15.258990389290371
3513050,35.13.05,2019,753063.2584,24481887164.0,156466.88839495723,20.77738976767974,1406532.660374482,22553570169.51265,150178.46107052985,10.677211080938969
3513050,35.13.05,2020,610581.1853,6251247630.0,79064.83181541589,12.94911040807269,1345349.8024647546,6018655266.932526,77579.99269742506,5.766529459869416
3513050,35.13.05,2021,680347.6879,350645867.7,18725.540518233378,2.7523486669048145,1406902.6852664526,362626033.36724794,19042.742275398465,1.3535223491162767
3513050,35.13.05,2022,526111.7761,3110414356.0,55771.08889021264,10.600615957247081,1697406.8508356018,3011282139.3869867,54875.150472568064,3.2328814064556206
3513050,35.13.05,2023,604082.19,8111493030.0,90063.82753358864,14.909200937307663,1344271.3651147415,8883190641.790607,94250.67979484609,7.011283751238816
3513050,35.13.05,2024,784157.1521,24050058412.0,155080.81252044046,19.776751650498717,1731884.3187916665,24886422748.7926,157754.31134771754,9.108824973817104
3513050,35.13.05,2025,693273.6845,2167801772.0,46559.65820321279,6.715913101013254,711627.9465986878,2157699889.6568527,46451.048316016,6.527434530646868
3513060,35.13.20,2018,847252.0012,2.6e-21,5.099019513592785e-11,6.0183032986299476e-15,1044922.9259215003,1.197289841498819,1.0942074033284634,0.00010471656580445872
3513060,35.13.20,2019,712849.4032,15977328064.0,126401.45594098195,17.731859685027786,914154.4266738375,18730381293.162315,136858.98323881524,14.971101079363406
3513060,35.13.20,2020,976847.0306,1145583920.0,33846.475739728055,3.464869593649564,915970.8397797454,1291155958.3992426,35932.658660322406,3.922904212645326
3513060,35.13.20,2021,979416.3717,39542268129.0,198852.37773031532,20.303150271539955,973871.4029057435,38960492155.36813,197384.12336195668,20.26798638639773
3513060,35.13.20,2022,838643.2434,10569906301.0,102810.04961092082,12.259092339921763,1236016.5377813126,12576867564.110563,112146.63420767724,9.073230881601622
3513060,35.13.20,2023,1451464.916,17252846473.0,131350.09125615406,9.049484407665426,1062324.542625697,18692745011.65821,136721.4138738267,12.870023085026247
3513060,35.13.20,2024,575946.0442,14361629094.0,119840.01457776947,20.80750719353052,1724284.857639372,12382973813.882248,111278.81116314213,6.453621086453669
3513060,35.13.20,2025,1503176.377,132000000000.0,363318.042491699,24.17002076740985,686333.4641485777,141582399080.79764,376274.36676021083,54.82384094836368
3513070,35.13.06,2018,717208.9329,9265715315.0,96258.58566901968,13.421275342988645,1296167.1234400875,10647979736.377214,103189.0485292757,7.96109133330023
3513070,35.13.06,2019,466405.2516,538724228.4,23210.433610770826,4.976452029891943,1443531.6519870018,448431325.348235,21176.197140852157,1.4669714454617888
3513070,35.13.06,2020,848115.7146,2331894611.0,48289.694666667754,5.693762517941647,1356985.3614372602,2431962334.443575,49314.9301372675,3.6341534358952305
3513070,35.13.06,2021,759836.4821,5283400685.0,72687.00492522717,9.566137799061487,2601799.347305247,5453123698.505725,73845.26862640372,2.838238417689175
3513070,35.13.06,2022,679832.4541,1554659814.0,39429.17465532343,5.799837065372522,2417598.3570973217,1736231129.862444,41668.10686679254,1.7235330568647955
3513070,35.13.06,2023,801185.3546,5439705048.0,73754.35612897722,9.20565455989892,2192831.499829257,5066543378.031132,71179.65564703957,3.2460157404972483
3513070,35.13.06,2024,977284.8795,6112298647.0,78181.19113316195,7.999836360218847,2855069.081352197,5923531554.039281,76964.48241909563,2.6957134915504133
3513070,35.13.06,2025,1028775.256,31946385814.0,178735.51917288292,17.373621510671608,810942.4469586546,34592739320.17695,185991.23452511666,22.935195367150303
3513080,35.13.07,2018,509137.5457,1479915194.0,38469.66589405216,7.55584934149007,5428250.30149182,1518375846.5231316,38966.34248326537,0.7178435097688187
3513080,35.13.07,2019,463540.9334,1726408477.0,41550.07192532884,8.963625201460761,3701517.8013505503,1741363213.9825873,41729.64430692631,1.127365760383502
3513080,35.13.07,2020,493416.011,716345326.7,26764.62827502,5.424353421522837,4285374.833310403,681556838.9042478,26106.643577914183,0.6092032691046327
3513080,35.13.07,2021,679070.8032,251706069.4,15865.247221521637,2.3363170889927076,2053474.1723019185,326917477.474571,18080.859423007827,0.8805009416183409
3513080,35.13.07,2022,548329.6259,738587331.0,27176.963240950965,4.956318600576086,4153412.1431775778,679621928.8797687,26069.55943010485,0.6276660858934233
3513080,35.13.07,2023,821892.3531,7769848941.0,88146.74662742806,10.724852992603912,3387380.530912137,7602767678.003735,87193.85114790912,2.5740790074279016
3513080,35.13.07,2024,911047.0744,1087727536.0,32980.714607176116,3.6200889650950967,4939934.427599979,1217170921.612713,34887.97674862664,0.7062437216515168
3513080,35.13.07,2025,661600.8821,2056767784.0,45351.601779871016,6.854827888971313,1854512.1932058649,2156449416.7894764,46437.58625068142,2.5040324038207338
3513090,35.13.08,2018,484927.7332,568761955.5,23848.73068949373,4.917996859473849,5283985.374061899,599151770.5932547,24477.57689382784,0.46324081466961875
3513090,35.13.08,2019,470101.8889,190301844.3,13794.993450523998,2.9344688409576816,3013425.573766129,199890450.19333467,14138.261922645748,0.4691757462247851
3513090,35.13.08,2020,588118.166,1692982167.0,41145.864518806746,6.996190034165132,3434625.1090102815,1552903659.2242465,39406.898624787085,1.1473420642447507
3513090,35.13.08,2021,938574.4545,10804416192.0,103944.29369619094,11.074698783653178,2268665.6969999163,10062055927.9847,100309.79976046557,4.421532881337045
3513090,35.13.08,2022,703738.2873,10693994389.0,103411.77103695691,14.694634767380933,4971502.508737803,12174966448.52841,110340.23041723453,2.2194543847318386
3513090,35.13.08,2023,861156.6954,8257487433.0,90870.71823750487,10.55216997358375,3854938.1779376687,7669673000.347754,87576.66926954777,2.2718047664359666
3513090,35.13.08,2024,1005107.875,8372962396.0,91503.89279150915,9.103887758466637,5551952.506835093,7821863135.071328,88441.29767858073,1.5929764811514382
3513090,35.13.08,2025,654609.7711,1984332168.0,44545.843442458245,6.804946306805632,1682360.8332848924,2042876866.3756564,45198.195388484884,2.6865934164808856
3513100,35.13.09,2018,803495.7861,2785285234.0,52775.80159504922,6.568273599941561,3483745.669471595,2603347556.0122404,51023.0100642077,1.4646020377241469
3513100,35.13.09,2019,578497.3122,8698660114.0,93266.60771144193,16.12221971382254,2136621.3731057756,8253789641.994911,90850.36952040928,4.252057508361902
3513100,35.13.09,2020,724384.13,3283674145.0,57303.35195256906,7.910630503814192,1847669.6238914174,2741662793.69834,52360.8899246216,2.8338881176356185
3513100,35.13.09,2021,633255.0132,2649698369.0,51475.22092230397,8.128671680337195,3274053.3934648545,2523410515.1659994,50233.559650556315,1.534292621825428
3513100,35.13.09,2022,655238.6366,5772965786.0,75980.0354435295,11.595780712472337,2838804.597429222,6337508817.1825075,79608.47201889072,2.804295585930181
3513100,35.13.09,2023,756332.3178,13606856989.0,116648.43328995036,15.42290743693914,2584652.5528807812,12131115254.386198,110141.34216717262,4.261359695886868
3513100,35.13.09,2024,818313.0517,18531537053.0,136130.58823423926,16.63551472769932,3224411.2263991185,19019682945.110054,137911.86658554824,4.277117802358051
3513100,35.13.09,2025,865189.0672,5994203482.0,77422.24152012133,8.948592215882005,969209.6429996323,4953871282.0850935,70383.7430241181,7.26197304499423
3513110,35.13.10,2018,958820.9732,21895420042.0,147971.0108163082,15.43260055341353,2716860.933929824,22279503515.370487,149263.20214765088,5.493958129529583
3513110,35.13.10,2019,988317.4281,16384558369.0,128002.18111032328,12.951525235814392,1974923.1203661165,19958106367.34446,141273.1622331165,7.153349959613968
3513110,35.13.10,2020,1362642.532,13758884295.0,117298.27063942589,8.608146882606325,2166455.603089214,15579184128.39937,124816.6019742541,5.761327478683356
3513110,35.13.10,2021,1160151.917,6445548412.0,80284.17286115614,6.920143102358564,2805734.5495147137,5768611918.760223,75951.37864950328,2.7070051463934823
3513110,35.13.10,2022,877656.23,5967727200.0,77251.06601206225,8.8019731839723,2667967.8411103,6257900472.689142,79106.89270025174,2.9650617028176276
3513110,35.13.10,2023,1025100.974,39387806103.0,198463.61405305506,19.36039659377546,2011832.5750728103,40368993360.55071,200920.36571873623,9.98693272035645
3513110,35.13.10,2024,874242.9709,4976938023.0,70547.41684144076,8.069543501026365,2479192.847913672,4875092315.566778,69821.86130121982,2.8163142435642863
3513110,35.13.10,2025,1944584.241,63299272684.0,251593.46709324548,12.938162399375605,944402.5924391546,60457518711.2789,245881.10686117975,26.0356238779619
3513120,35.13.11,2018,565794.23,37806033.1,6148.661081894172,1.0867309625787758,969718.4158596467,31125527.096934624,5579.025640462197,0.5753242950961637
3513120,35.13.11,2019,476504.6588,1.4e-22,1.1832159566199233e-11,2.4831151905201967e-15,587677.1510522364,1.369183388216989,1.1701210998084723,0.00019910951067492918
3513120,35.13.11,2020,930581.4516,6414167041.0,80088.49506015205,8.606285341541193,652824.7947124514,6914428905.879635,83153.04507881617,12.737421395803821
3513120,35.13.11,2021,836049.0227,3189198043.0,56472.98507251056,6.754745659546664,1956914.2925560698,3425749800.6391497,58529.90518221561,2.990928391951463
3513120,35.13.11,2022,813659.9993,4046979878.0,63615.87756213066,7.818484086333364,1437698.1484016108,4287293633.02463,65477.428424035024,4.554323763776899
3513120,35.13.11,2023,1090679.172,18121237268.0,134615.14501719337,12.342322882204389,1232964.3736652448,18504851481.295483,136032.53831821078,11.032965852356753
3513120,35.13.11,2024,1173201.391,36254421148.0,190405.9377960677,16.229603822219445,1672281.2552720322,38540569149.570404,196317.52124955735,11.7395037844649
3513120,35.13.11,2025,1147271.265,4435327301.0,66598.25298759721,5.804926438874699,613188.8947719474,3652637080.78408,60437.050563243734,9.85618804882646
3513130,35.13.12,2018,733636.6741,2303224007.0,47991.91605885308,6.541646260763599,4261591.8143531,1647565554.694583,40590.2150116821,0.9524660450814105
3513130,35.13.12,2019,641116.6626,2620531487.0,51191.12703389133,7.984682043091751,1988020.439449411,2746267576.583231,52404.843064198096,2.6360314021073044
3513130,35.13.12,2020,741326.6364,14085912208.0,118684.08574025416,16.009688565434928,1605848.6865576294,13216847236.572649,114964.54773786852,7.15911459779637
3513130,35.13.12,2021,1021543.495,11199542528.0,105827.89106847023,10.359606965973606,3358116.6677726926,10942402257.282677,104605.93796378233,3.115017979204497
3513130,35.13.12,2022,893788.5045,1758773272.0,41937.73088759095,4.692131379677075,3409444.235624724,1587151335.094687,39839.0679496231,1.16849155452819
3513130,35.13.12,2023,1114793.94,28706068589.0,169428.65338838057,15.198203659806456,2926445.0174326682,28391562524.033913,168497.9599996211,5.757769546186182
3513130,35.13.12,2024,1531641.561,22907852353.0,151353.4021850847,9.881776914323671,3742497.646176099,22997786978.037514,151650.21258817118,4.052112437348356
3513130,35.13.12,2025,1902298.589,275000000000.0,524404.4240850757,27.566882881448418,1442927.8182039193,377290428891.31085,614239.7161461564,42.56898428299274
3513140,35.13.13,2018,817782.3037,557911116.2,23620.142171460357,2.888316617343349,1231128.3508807572,582124842.9099908,24127.263477443743,1.9597683263636114
3513140,35.13.13,2019,796067.8385,8537041147.0,92396.11002093108,11.606562349639638,1065032.1450286892,8364704649.383339,91458.7592818935,8.587417732769918
3513140,35.13.13,2020,735552.216,3837276439.0,61945.75400299846,8.421666423610972,1118334.3461031483,3982775546.806882,63109.23503582405,5.643145563375485
3513140,35.13.13,2021,1010793.071,3025809472.0,55007.358344134285,5.441999942650407,1137937.8429611542,3308079022.2362804,57515.90234218951,5.054397540073103
3513140,35.13.13,2022,900136.7816,5426666917.0,73665.91421410584,8.183857800273877,1466928.8315642143,4713499265.331926,68654.92892234269,4.680181304305991
3513140,35.13.13,2023,948306.96,19414601663.0,139336.28982788368,14.693163258854886,1276068.6575919618,18641353352.376816,136533.34154109322,10.699529428043627
3513140,35.13.13,2024,1042635.474,2149276135.0,46360.28618332721,4.446452028480206,1512532.1172665197,2026280443.2313552,45014.2248987068,2.976083904919485
3513140,35.13.13,2025,629027.3945,200150005.4,14147.438121440928,2.24909729610209,1012746.2918954227,188918934.62012345,13744.77844929206,1.3571788471886461
3513150,35.13.14,2018,720834.007,7901400129.0,88889.82016519102,12.331524220830916,3059175.349367628,7251613605.777671,85156.40672185311,2.7836392817252555
3513150,35.13.14,2019,1282490.428,101000000000.0,317804.97164141404,24.78029969681879,2133570.612076023,89966436121.86319,299944.0549866978,14.058313949817858
3513150,35.13.14,2020,898339.4352,12958458696.0,113835.22607699253,12.671738723308865,3185158.820698601,12790551971.93716,113095.32250246762,3.550696491726664
3513150,35.13.14,2021,981050.9417,11268208379.0,106151.81759630873,10.820214637617601,4082655.6380347447,9971422099.989195,99857.00826676711,2.4458836874822723
3513150,35.13.14,2022,1303388.955,77502662743.0,278393.0005280305,21.359165233069703,3428874.1246406194,82432556245.86952,287110.70381626236,8.37332294449142
3513150,35.13.14,2023,1122718.086,96013311411.0,309860.1481491287,27.599105422189552,3477974.6093557123,88133342627.62341,296872.6033631656,8.535789840575076
3513150,35.13.14,2024,1315753.729,70044707046.0,264659.60599607945,20.11467649019898,3543720.477118132,59911883928.325226,244769.04201374247,6.907120456994862
3513150,35.13.14,2025,1419790.517,112000000000.0,334664.01061363023,23.57136539556351,1775572.4113532116,117680237351.40326,343045.5324755057,19.320278366685223
3513160,35.13.15,2018,501231.4882,5589121921.0,74760.4301820154,14.915349881646842,1590984.66473598,4879533846.182516,69853.66022036724,4.390592930822453
3513160,35.13.15,2019,556363.0499,1483924839.0,38521.74501499121,6.9238503566897664,1120951.3779259382,1256932535.4236639,35453.24435680977,3.1627816384335796
3513160,35.13.15,2020,1106936.46,14867744020.0,121933.35893019596,11.01538916969055,1209950.1437737166,13984157708.81173,118254.63081339237,9.773512687437492
3513160,35.13.15,2021,830595.1214,2115567603.0,45995.2997924788,5.537631826557319,2353197.348216382,1943249154.235609,44082.299783877075,1.873293789715065
3513160,35.13.15,2022,619973.8699,1516813975.0,38946.29603697892,6.281925404898249,2218156.6512780683,1488961696.0530486,38587.066434921544,1.7396006009173546
3513160,35.13.15,2023,793068.7011,3209050599.0,56648.48275991158,7.142947727143835,1755739.9781657392,3281750569.604276,57286.56535003889,3.2628160241522464
3513160,35.13.15,2024,861902.0504,789365322.8,28095.645975844727,3.2597260863697706,2536879.936159618,676533468.7208298,26010.25699067254,1.0252852971058384
3513160,35.13.15,2025,814604.9272,3854261360.0,62082.69775066158,7.62120331926487,735992.1237823461,3982945500.636052,63110.58152668261,8.574899035923135
3513170,35.13.16,2018,886846.5035,16339082500.0,127824.42059324971,14.413364667818158,1326082.9485945993,18698388596.862633,136742.05131144784,10.311726838533662
3513170,35.13.16,2019,609931.2525,23225721.7,4819.307180498044,0.7901394068174993,1094602.8569678434,20282207.776319314,4503.577219979615,0.4114348132120688
3513170,35.13.16,2020,1062416.449,22651907134.0,150505.5053278783,14.166338018348801,910877.6333611371,19520384524.35419,139715.36967833637,15.338544340230076
3513170,35.13.16,2021,1058015.314,370072802.3,19237.276374268786,1.8182417702007654,1773020.0195374608,308926074.5448515,17576.29296936221,0.9913194874103819
3513170,35.13.16,2022,1113530.187,14422601221.0,120094.134831806,10.784991393484873,1595684.8307855155,12421986939.559885,111453.96780536746,6.98471061797971
3513170,35.13.16,2023,974073.7234,3022471818.0,54977.01172308295,5.644029851373665,1383499.3187334673,3182426488.9610357,56412.99929059822,4.077558877458779
3513170,35.13.16,2024,817668.288,3672883189.0,60604.31658718709,7.411846280039063,1466241.6046244912,3732059709.2036147,61090.58609314216,4.166474740620093
3513170,35.13.16,2025,1648088.883,3.51e-20,1.8734993995195194e-10,1.136770849463657e-14,2032601.699805882,1.2832770010701864,1.132818167699559,5.5732422530579685e-05
3513180,35.13.17,2018,657312.8384,5578781554.0,74691.24148118038,11.36311922082494,2315108.7014425155,4935600718.479867,70253.83063207206,3.034580215965573
3513180,35.13.17,2019,645633.9262,1286500402.0,35867.818472831605,5.555442026403166,1742594.3897041366,1344872005.0841126,36672.49657555526,2.104476910532326
3513180,35.13.17,2020,737817.3425,1456517171.0,38164.34423647287,5.1726005934148755,1823117.601048876,1407482877.123864,37516.43476030024,2.057817594362332
3513180,35.13.17,2021,938856.8436,4492811387.0,67028.4371517045,7.139367157903144,2786786.323623334,4935113578.374889,70250.36354621155,2.5208378177654174
3513180,35.13.17,2022,609353.879,662595417.2,25740.92883328028,4.224298838553923,2916776.7738958756,640266362.1610419,25303.485178153656,0.8675153136369891
3513180,35.13.17,2023,1004055.695,48568423676.0,220382.44865687468,21.94922550156689,1974182.0225482965,50921059460.61401,225656.95083602902,11.430402478528727
3513180,35.13.17,2024,1000815.025,27711902186.0,166468.92258316567,16.633335673908938,2993889.1163775143,26901387167.951157,164016.4234701853,5.47837334966629
3513180,35.13.17,2025,1049842.593,23666510148.0,153839.23474848672,14.65355242530979,867722.9463036037,27140414320.602753,164743.48035841284,18.98572361837386
3513190,35.13.18,2018,626092.9005,12938046109.0,113745.53225951339,18.16751670058482,1435161.6371015403,12151995458.730553,110236.08963824212,7.6810922747959935
3513190,35.13.18,2019,753172.0848,1562877309.0,39533.24308730565,5.248899140732686,1018195.2141256541,1475689959.0760202,38414.71019122779,3.77282368432809
3513190,35.13.18,2020,512741.6514,2164040513.0,46519.248843892565,9.07264871439164,1179788.3317714205,2173009613.040585,46615.551193143525,3.951179202048178
3513190,35.13.18,2021,1320518.904,72761163195.0,269742.7722757368,20.427028455151657,1343882.8291812195,71422433696.25198,267249.75902000733,19.88638839762788
3513190,35.13.18,2022,829982.2442,532307160.5,23071.782776803357,2.779792331466283,1991201.2960132745,556232158.1458566,23584.574580557026,1.1844394952824397
3513190,35.13.18,2023,980989.5854,1869308423.0,43235.49956921973,4.407335226865879,1447288.390539246,1941639759.9311929,44064.041575089235,3.044593037789199
3513190,35.13.18,2024,3204870.917,727000000000.0,852642.9498916883,26.60459569116831,1756254.649295226,705127646675.2903,839718.7902359279,47.81304297602297
3513190,35.13.18,2025,1355567.856,11728154194.0,108296.60287377439,7.9890211614588775,1830336.7199488797,10531722161.240368,102624.17922322384,5.606846986388934
3513200,35.13.19,2018,1045931.867,89473449098.0,299121.1278027682,28.598528952055364,990563.9203798672,91269754889.36644,302108.84609585075,30.498672511713963
3513200,35.13.19,2019,1087453.818,23379930827.0,152904.9731925028,14.060824529883881,915050.2278564211,26585031498.988503,163049.16896135503,17.818603175839957
3513200,35.13.19,2020,1070647.488,11242899441.0,106032.53953857749,9.903590185099047,1002751.7689310536,10830610873.948278,104070.22087969391,10.378462956054829
3513200,35.13.19,2021,976566.2086,36692024381.0,191551.62327947002,19.61481173448315,1223334.4128369791,31961522229.497684,178777.857212513,14.613980881802991
3513200,35.13.19,2022,862861.6071,33853148135.0,183992.25020364308,21.323494832737364,1072969.8935270526,33860467697.956158,184012.14008308298,17.149795273211318
3513200,35.13.19,2023,1090806.591,25689143639.0,160278.33178255882,14.693560994678553,969160.0928537567,23358571946.925343,152835.11359280412,15.769852134828511
3513200,35.13.19,2024,1138840.047,31784572989.0,178282.28456299298,15.654725616001539,1245182.1790702895,32135442173.667217,179263.61084633775,14.396576971586938
3513200,35.13.19,2025,780114.5821,3439868875.0,58650.39535246118,7.5181770342735375,1026889.6414531616,3481304623.378142,59002.58149757637,5.745756809279062
3513210,35.13.22,2018,460463.2265,3126180023.0,55912.25288789569,12.142609804671489,772351.483306841,2892022001.401056,53777.52319883332,6.962830312513105
3513210,35.13.22,2019,632516.7249,5531208439.0,74372.09449114634,11.758122997127778,577742.0371419751,5272382633.299226,72611.17430051125,12.568096076184895
3513210,35.13.22,2020,911938.5531,6601183654.0,81247.66860655141,8.909335868119841,762573.4704192154,7264217683.487134,85230.38005011555,11.176677835810521
3513210,35.13.22,2021,921086.7536,4301935501.0,65589.14163945126,7.120843002366597,584747.0811079729,5277733444.283003,72648.01060099996,12.423834671110669
3513210,35.13.22,2022,725735.2772,4315831633.0,65694.98940558557,9.052197332758453,1143342.2753052046,3997605872.9614983,63226.62313425807,5.529982097214092
3513210,35.13.22,2023,807850.1602,4719498131.0,68698.60355931552,8.503879425153269,867256.5830533486,4356932073.589224,66007.06078586762,7.61101870838232
3513210,35.13.22,2024,1261829.165,27384942923.0,165483.96575801537,13.114609358233956,1223136.7950203705,26196029657.87135,161851.87566992032,13.232524467324588
3513210,35.13.22,2025,1190920.394,97024353307.0,311487.3244724414,26.15517594977397,736428.624272595,80979121986.94858,284568.308121176,38.64166855304646
3513220,35.13.24,2018,891877.296,668673333.1,25858.718705689964,2.899358333446125,1225869.634493201,686261502.1193495,26196.593330418928,2.1369803601709347
3513220,35.13.24,2019,884601.0467,7914701842.0,88964.61005366122,10.057031967748996,854260.7591208252,7211619753.748871,84921.25619507092,9.94090566473741
3513220,35.13.24,2020,986434.2244,53334210672.0,230942.0071619713,23.411799940583176,996189.7161620988,46368803020.81358,215334.16593939194,21.61577884672251
3513220,35.13.24,2021,1291434.328,1728685808.0,41577.46755154768,3.2194798179120165,1841443.532844543,1738443522.3156245,41694.64620686479,2.264237021835668
3513220,35.13.24,2022,1084324.064,3780188036.0,61483.23377962483,5.670189920236321,1887740.5333770697,3547059065.713881,59557.19155327827,3.1549458466484026
3513220,35.13.24,2023,1378831.312,22308575860.0,149360.5565736818,10.832402431957666,1231097.5968595333,24457679756.349674,156389.5129359692,12.703258729032596
3513220,35.13.24,2024,1564973.414,539546210.0,23228.13401890044,1.4842510301520329,1625104.0088819878,532639541.7231783,23078.98485036069,1.4201543239215926
3513220,35.13.24,2025,1115154.358,2.45e-20,1.5652475842498527e-10,1.4036151793883344e-14,1375329.1263580096,1.3166547837552351,1.1474557872768933,8.343135946778466e-05
3513230,35.13.23,2018,500794.6555,1541409793.0,39260.79205772599,7.839698692177034,1200524.4830770204,1693676297.8325448,41154.29865557843,3.428026603014155
3513230,35.13.23,2019,597985.0484,12315241565.0,110974.05807214585,18.557998794296587,1117209.9096960186,13218635014.216143,114972.32281821631,10.29102246770252
3513230,35.13.23,2020,973845.5558,24256177219.0,155743.94761595072,15.992674268355552,1458369.8557879482,21041715235.317657,145057.62729107923,9.946559627201394
3513230,35.13.23,2021,883537.5057,439305565.7,20959.617498895346,2.372238570935331,1512611.8607397915,358735217.13249207,18940.306680001042,1.2521590747501925
3513230,35.13.23,2022,581053.7803,1621560509.0,40268.604507730335,6.930271495168575,2116358.5974693,1609991806.1382744,40124.70319065643,1.8959312112151863
3513230,35.13.23,2023,630286.2223,2956414415.0,54372.91986825795,8.62670290806037,1305838.0888104448,3039287118.2340007,55129.72989444081,4.221789084484534
3513230,35.13.23,2024,794193.5101,2254486378.0,47481.431928702405,5.97857213951847,1717602.1202257932,2565251362.5839276,50648.31056001698,2.9487801606438886
3513230,35.13.23,2025,902631.8725,13721847351.0,117140.28918779397,12.977637147174189,726675.5330971419,14007922248.615452,118355.06853791878,16.287196024542233
3513240,35.13.21,2018,1198792.3,117000000000.0,342052.6275297414,28.53310181669847,1686941.7054758633,109850458505.79875,331436.96007807995,19.647208851510733
3513240,35.13.21,2019,951745.746,3052843907.0,55252.54661099341,5.805389395561681,1371876.37709067,3693787073.932416,60776.533908511235,4.430175701210022
3513240,35.13.21,2020,1106589.065,23828569468.0,154365.052612306,13.949627508049343,1161384.995105553,23104790734.804596,152002.6010790756,13.08804588656329
3513240,35.13.21,2021,1009222.564,27933257954.0,167132.4563153429,16.560515220044454,4237435.267883789,32842410433.91169,181224.75116250454,4.276755624706209
3513240,35.13.21,2022,1144594.778,115000000000.0,339116.4991562634,29.627646890790153,2363570.664727836,116867602755.53802,341859.0393064633,14.46366907527295
3513240,35.13.21,2023,1208540.024,24452098652.0,156371.66831622666,12.93889033138274,2251585.1598403417,23185916555.10957,152269.22392627332,6.76275659664903
3513240,35.13.21,2024,1106479.091,18776213632.0,137026.3245949478,12.383995839551549,2566725.8836102593,19171170947.142166,138459.9976424316,5.394420905113523
3513240,35.13.21,2025,872275.3093,7989272144.0,89382.72844347503,10.247077670375031,650940.4050007227,7865610459.06169,88688.27689757926,13.624638479382883
3514010,35.14.01,2018,809522.116,6019708062.0,77586.77762351005,9.584269050842096,2280609.2618119693,6020083779.587113,77589.19885903652,3.402125921272066
3514010,35.14.01,2019,773267.9693,202826799.8,14241.727416293292,1.8417583530823862,1611682.4136304427,223879693.79940528,14962.609859225939,0.9283845088016733
3514010,35.14.01,2020,697976.5643,11209013461.0,105872.62847875271,15.168507639641494,1546330.9562971487,12894501694.499622,113553.95939596128,7.343444747939221
3514010,35.14.01,2021,864847.0222,797651411.8,28242.723165445645,3.2656322378958693,3321151.045500115,765370758.4889443,27665.334960721953,0.833004418700143
3514010,35.14.01,2022,694665.0966,1279210355.0,35766.05031311118,5.148675309608347,2672764.374371387,1239783438.0851002,35210.55861648747,1.3173835656489066
3514010,35.14.01,2023,1110082.011,4345540321.0,65920.71238237646,5.938364168516957,1953780.4908164642,3879801099.794721,62288.04941395036,3.1880781749397467
3514010,35.14.01,2024,874783.0084,6211491797.0,78813.01794120055,9.009436304135757,2803376.4286385207,6961223615.75153,83433.94762176562,2.9761949472581497
3514010,35.14.01,2025,800069.5827,4503621621.0,67109.02786510918,8.387898917321154,948863.4671975183,5374588555.584682,73311.5854117525,7.72625229510409
3514020,35.14.02,2018,623155.2457,8904966463.0,94366.12985070438,15.143277778990925,2737759.1488715783,9328635914.698616,96584.86379707027,3.5278802314250193
3514020,35.14.02,2019,779136.5448,2514527301.0,50145.06257848324,6.435978765616134,1306363.305708708,2386358719.457531,48850.37071975535,3.7394169375611637
3514020,35.14.02,2020,845185.8064,18612402624.0,136427.27961811743,16.14169080751821,1423127.0977982872,17929109683.655285,133899.62540520896,9.408831130569041
3514020,35.14.02,2021,936030.4905,5398839931.0,73476.79858975892,7.849829608703214,3422736.100449311,5228684737.397453,72309.64484353006,2.112626937088074
3514020,35.14.02,2022,965469.3116,6741502735.0,82106.65463286152,8.50432568351575,2897279.961567102,6846422618.600433,82743.11221243997,2.8558894311230203
3514020,35.14.02,2023,975945.3973,9269612315.0,96278.8258912623,9.865185711989863,2491757.577238642,9044678342.103613,95103.51382627044,3.8167241747354836
3514020,35.14.02,2024,1115426.904,11008320447.0,104920.54349363617,9.406312786376557,2896486.889873059,10047059768.809532,100235.0226657805,3.4605722890108916
3514020,35.14.02,2025,1772328.72,40525853665.0,201310.34167424185,11.358521667145464,1128788.1629051573,41459991680.46687,203617.26763825034,18.038572190037982
3514030,35.14.03,2018,793800.8476,9.01e-22,3.001666203960727e-11,3.78138447828073e-15,979001.1745010425,1.633845893053361,1.2782198140591317,0.000130563665024262
3514030,35.14.03,2019,733444.5575,208524585.9,14440.380393189094,1.96884416763691,828714.65474806,212560006.49085772,14579.437797489234,1.7592832121354933
3514030,35.14.03,2020,413785.4772,8.57e-24,2.927456233660889e-12,7.074816287585477e-16,510325.06376763695,1.4911556916402926,1.2211288595558998,0.0002392845161357602
3514030,35.14.03,2021,999659.2999,11846845603.0,108843.21569578878,10.888031122871244,1123644.0582159767,11720166209.24041,108259.71646573073,9.634698432670573
3514030,35.14.03,2022,811498.5842,11800580544.0,108630.47704949105,13.386403767614983,1515057.0177690207,12624683042.139074,112359.61481839938,7.416197113416444
3514030,35.14.03,2023,907250.1887,23896190831.0,154583.92811350085,17.03873198803126,1128519.4574826064,19895543401.499203,141051.56291760542,12.498815326786637
3514030,35.14.03,2024,893358.1778,10068598952.0,100342.408541952,11.23204679102586,1325168.1450858093,9323285492.073097,96557.16178550971,7.286408305510339
3514030,35.14.03,2025,1203901.722,2180183589.0,46692.43610050776,3.8784258920187638,852084.0877387038,1879071274.4246435,43348.2557252843,5.087321351150179
3514040,35.14.24,2018,820260.1978,1.41e-21,3.7549966711037173e-11,4.577811627548067e-15,1011633.7107356053,1.3097511163398279,1.1444435837295903,0.00011312825695551533
3514040,35.14.24,2019,1375271.997,4636304618.0,68090.4150229678,4.9510507864262,947259.0663771023,3728096103.7207255,61058.13708033292,6.445769615471359
3514040,35.14.24,2020,742309.9968,1553515268.0,39414.658034797154,5.309730194219197,1594472.1165604494,1543917327.6522105,39292.71341676737,2.464308595218869
3514040,35.14.24,2021,1004183.211,1541934106.0,39267.4688005224,3.910388898199016,1179045.653707244,1737798135.940757,41686.90604903123,3.5356481674781746
3514040,35.14.24,2022,930814.4467,18438119648.0,135787.03784971524,14.58798134591901,1604019.4995055688,19121202942.69604,138279.43788827045,8.620807785123212
3514040,35.14.24,2023,898130.7545,7061693795.0,84033.88480250095,9.356531260226536,1181710.0707389258,7248636656.469087,85138.92562435285,7.2047220153683975
3514040,35.14.24,2024,1144069.414,22761668350.0,150869.70653514244,13.187111261689793,1411181.3912985583,23287125433.994762,152601.1973543942,10.81371950447644
3514040,35.14.24,2025,1481549.238,1.6e-21,4.0000000000000004e-11,2.6998765193924665e-15,1827206.973220575,1.2692597133368582,1.126614269986342,6.165772605391324e-05
3514050,35.14.04,2018,737237.3527,874978895.6,29580.042183877966,4.012282079244405,1145297.1851747162,797092452.5379937,28232.82579796067,2.465109157991489
3514050,35.14.04,2019,1049039.223,1622569793.0,40281.134455226056,3.8398120463057324,880765.7659225449,1514195482.8032687,38912.66481241382,4.418049192869723
3514050,35.14.04,2020,619661.9934,1.2e-22,1.0954451150103322e-11,1.7678107204861408e-15,764234.2801301104,1.4436492638097358,1.2015195644723127,0.00015721874766828762
3514050,35.14.04,2021,905321.2095,1346983952.0,36701.27997767925,4.053951193516057,1334140.5553126016,1416133365.1853724,37631.54747263753,2.8206583873630997
3514050,35.14.04,2022,846394.6565,3828353475.0,61873.68968309551,7.310264686565339,1608745.646705744,3689092098.2917414,60737.896722653655,3.7754816522442614
3514050,35.14.04,2023,646727.678,9067555431.0,95223.71254577297,14.723927208473823,1108992.2746614055,9870272534.817175,99349.24526546327,8.958515540227394
3514050,35.14.04,2024,908707.8471,22228013201.0,149090.6207680416,16.406881622497394,1109204.8246241838,24307093849.892452,155907.32455498187,14.055774108970878
3514050,35.14.04,2025,1012590.262,863202736.0,29380.312047355794,2.9015005525853845,803243.428258366,777837548.9690775,27889.739134116644,3.4721403441281335
3514060,35.14.05,2018,642276.5527,828107765.4,28776.86163222112,4.480447170498292,1982102.1373225872,841633794.6640756,29010.92543618827,1.4636443243725106
3514060,35.14.05,2019,466528.0401,13780262387.0,117389.3623247013,25.162338002135726,868228.10700391,12615499353.699596,112318.73999337597,12.936547329821718
3514060,35.14.05,2020,1152290.243,23982895427.0,154864.11923683292,13.43967981831058,657903.117202652,23905641530.446953,154614.49327423013,23.50110361714621
3514060,35.14.05,2021,1173856.357,8376686466.0,91524.23977286018,7.796885813760617,5795795.2388313655,7441503483.926902,86264.14947083697,1.4883919447822114
3514060,35.14.05,2022,1110088.618,88475892135.0,297448.9740022648,26.795065653241817,3023164.7039138186,86981418501.19302,294926.12380254315,9.75554270730698
3514060,35.14.05,2023,915373.0235,64268424602.0,253512.17840963774,27.694958437852385,2441134.0426807036,63141894102.53091,251280.50879949066,10.293597336570254
3514060,35.14.05,2024,1326861.674,96568111758.0,310754.10175571294,23.42023346102865,2371194.0940619064,85185059427.17645,291864.79648490745,12.308768700791456
3514060,35.14.05,2025,1015427.732,846469459.3,29094.14819684536,2.8652111105475853,680676.527451011,827782631.0233405,28771.211844886555,4.226855295367483
3514070,35.14.06,2018,761360.6285,9209086038.0,95963.98302488284,12.604274430889204,2596705.5559483194,9950436886.211512,99751.87660496173,3.8414781520553354
3514070,35.14.06,2019,747157.9672,1328510883.0,36448.74322936252,4.878318217759952,1250535.3345823241,1235780108.6256394,35153.66422758287,2.8110892395794727
3514070,35.14.06,2020,970536.2795,5476881993.0,74005.95917221802,7.625264581592391,1117536.4807192455,5017724788.144222,70835.90041881462,6.338576112810626
3514070,35.14.06,2021,924127.6909,24479152272.0,156458.14862767616,16.93036040022812,3558386.337425194,29986146637.497192,173165.0849261975,4.866393598270662
3514070,35.14.06,2022,1098168.748,64140196431.0,253259.1487607111,23.061951928786005,2734759.950596353,71491116827.40585,267378.22803550377,9.777027339353793
3514070,35.14.06,2023,1421055.518,241000000000.0,490917.5083453431,34.545976714285075,2605800.742104143,221283618175.56903,470407.9274157367,18.05233684275835
3514070,35.14.06,2024,1221646.134,45022920604.0,212186.05186015408,17.36886369585598,3478343.2863435782,40203194271.27883,200507.34218795787,5.7644495002886975
3514070,35.14.06,2025,992067.417,7553157768.0,86908.90499827967,8.760382964808093,910959.3213611085,7248629871.903962,85138.88578025885,9.346068895046676
3514080,35.14.07,2018,629646.6661,3211123122.0,56666.772644998935,8.999773316674586,2579854.009390323,3054059685.7756305,55263.54753158388,2.142119179241615
3514080,35.14.07,2019,960292.3973,1274715481.0,35703.15785753411,3.717946529402781,1078068.1279110976,1427826690.8114812,37786.59406206758,3.505028400689686
3514080,35.14.07,2020,767739.095,24236297072.0,155680.11135658916,20.277736586618552,1188447.5903909572,25376342574.246124,159299.53726940366,13.404001872476327
3514080,35.14.07,2021,871173.3711,9007493256.0,94907.81451492812,10.894251094370729,3373417.9434736865,8490369650.085533,92143.20186582151,2.7314493315032147
3514080,35.14.07,2022,702306.2925,11284858683.0,106230.21548975602,15.125909681317006,2332943.6246417104,9078995041.45354,95283.76063870244,4.084271888624654
3514080,35.14.07,2023,644535.3452,1346593682.0,36695.96274796452,5.693398045777882,1776274.2069761856,1251730437.0033343,35379.80267049739,1.9917984808621232
3514080,35.14.07,2024,644141.8769,1939192558.0,44036.26412401488,6.83642310851516,1979167.0087782154,2006977559.0063996,44799.30310849042,2.2635433447400706
3514080,35.14.07,2025,638273.935,3862883180.0,62152.09714884929,9.737527061770002,506470.17679039924,3908176394.5646214,62515.40925695537,12.343354480046145
3514090,35.14.08,2018,1096894.722,33327685548.0,182558.71808270348,16.64323060556248,3864926.916821093,32324878620.96096,179791.2084084229,4.651865669850787
3514090,35.14.08,2019,918957.2684,27080300569.0,164560.93269363782,17.90735416676724,2148617.311102587,25647288673.69034,160147.7089242626,7.453524091830063
3514090,35.14.08,2020,1074205.974,13935735274.0,118049.71526437494,10.98948601307769,1856853.8280678191,12763460338.555042,112975.48556459071,6.084242273509987
3514090,35.14.08,2021,1213143.23,32449404116.0,180137.18138130172,14.848797481341236,4786924.799261946,33087442701.061787,181899.54013427792,3.7999247483963696
3514090,35.14.08,2022,904678.4033,5783555083.0,76049.68825051158,8.40626768286993,4448115.332479081,6267236508.632595,79165.87969973298,1.7797622989152853
3514090,35.14.08,2023,1136767.699,34684703023.0,186238.29633832027,16.38314463915114,3420583.941889412,37217640221.31955,192918.73994332316,5.639935847817889
3514090,35.14.08,2024,1195078.821,9650784456.0,98238.40621671343,8.22024493200465,4843722.147673742,9231598878.74245,96081.20981098464,1.9836234796648862
3514090,35.14.08,2025,1008911.107,5957156825.0,77182.61996719209,7.650091215339559,1037616.2416477831,5702897978.557173,75517.53424574436,7.277983055259331
3514100,35.14.10,2018,1077946.615,17373203671.0,131807.4492242377,12.227641646635506,4577046.9586032545,19240692898.057247,138710.8247328133,3.0305746475265067
3514100,35.14.10,2019,1036156.594,740256820.8,27207.6610681624,2.6258252107559716,2478715.360571828,839776207.5805831,28978.892449170362,1.169109326150505
3514100,35.14.10,2020,987940.1087,9860242228.0,99298.75239901053,10.05109029632117,2452527.8722186093,9888174827.790977,99439.30222900287,4.054563593564707
3514100,35.14.10,2021,1019011.733,2901859814.0,53868.91324316836,5.286387928486037,7522183.424062462,3344928393.878937,57835.35591555512,0.7688639408944421
3514100,35.14.10,2022,1104463.827,20983421105.0,144856.5535452228,13.115554353526399,5398929.539005984,19600552178.46906,140001.97205207168,2.5931431599651504
3514100,35.14.10,2023,1757238.275,177000000000.0,420713.67935925256,23.94175481747076,4763761.762119927,186085678156.45566,431376.4923549447,9.055375014450288
3514100,35.14.10,2024,1355790.438,13617922169.0,116695.85326394421,8.607219079969953,7398320.945014819,13612150362.830029,116671.12051759008,1.5769945827533494
3514100,35.14.10,2025,1666309.532,35178765066.0,187560.03056621633,11.256013781610916,967215.4115185529,39133706438.71672,197822.4113661461,20.452777014332295
3514110,35.14.09,2018,1121594.498,40875666534.0,202177.3145879626,18.025883235739858,2902073.8101940877,36503201299.22796,191058.1097447265,6.583502772176175
3514110,35.14.09,2019,1109063.978,11096530551.0,105340.07096542133,9.498105885233372,1782257.087896812,10680430454.833212,103346.16807038958,5.798611702666605
3514110,35.14.09,2020,1241347.486,125000000000.0,353553.39059327374,28.48141995538498,1775718.388811492,100605862881.35179,317184.27275221545,17.862307151333294
3514110,35.14.09,2021,1589907.513,253000000000.0,502991.0535983717,31.636497688426967,5064985.475445353,264431825325.68954,514229.35089869145,10.152632290687395
3514110,35.14.09,2022,1521172.99,193000000000.0,439317.65272977593,28.880190196499345,3995435.2699324097,185170033651.25742,430313.87806025665,10.770137644290662
3514110,35.14.09,2023,1040854.07,40281484526.0,200702.47762795555,19.282479976079216,3870111.5122836013,43087105038.15793,207574.33617419552,5.363523389839329
3514110,35.14.09,2024,1311606.622,159000000000.0,398748.04074753774,30.401496459320082,3536420.328479288,145715743069.98273,381727.3150692556,10.794172626911799
3514110,35.14.09,2025,1244994.908,44704428483.0,211434.2178621994,16.982737560096062,1004774.7449166095,47057007945.72371,216926.27306466064,21.589542746982985
3514120,35.14.11,2018,1100357.734,21421916531.0,146362.27837458666,13.301335906690385,3051092.250114685,24628058693.67031,156933.29377053905,5.1435119264139
3514120,35.14.11,2019,1172119.102,15894916263.0,126075.04218916605,10.75616308735544,2815442.5188374077,14473988227.36895,120307.88929812105,4.273143155762252
3514120,35.14.11,2020,1071408.357,12826059002.0,113252.19204059584,10.570404020154179,3041840.3552240985,12595607951.066448,112230.15615718641,3.689547874017806
3514120,35.14.11,2021,1294205.002,48680185821.0,220635.86703208525,17.04798441445718,9925989.427249508,57208497209.11337,239182.97851041442,2.409663845236354
3514120,35.14.11,2022,1083518.864,50475194964.0,224666.8532828107,20.73492771998575,6248842.217468641,51279342274.07168,226449.42542225996,3.6238621098356507
3514120,35.14.11,2023,1643962.419,174000000000.0,417133.0722922842,25.37363795372041,5209385.2501364425,183172183690.2546,427986.1956772141,8.215675653206958
3514120,35.14.11,2024,1526732.733,33328367753.0,182560.5865267747,11.957599557589017,7255545.058091349,39521044107.08421,198799.0042909778,2.739959612948418
3514120,35.14.11,2025,1727703.711,89690094370.0,299483.04521291354,17.334166923770272,918353.7074311879,100296008051.17764,316695.45000075013,34.48512783670339
3514130,35.14.12,2018,1133298.635,6814740486.0,82551.4414531933,7.284173730006592,4658713.224118665,7009373982.144236,83722.00416941913,1.7971057702367514
3514130,35.14.12,2019,1247621.052,12846513089.0,113342.45933894323,9.08468634424287,2287592.5489488738,14563795597.480545,120680.55186102085,5.275439103719426
3514130,35.14.12,2020,1289194.908,24121674666.0,155311.54067228874,12.047172984357516,2210717.7692047143,20683378256.63917,143817.16954744718,6.505451376508549
3514130,35.14.12,2021,1130593.458,8473712908.0,92052.77240800518,8.141987003077562,5067369.5592641495,9542684750.125063,97686.66618390179,1.9277588705822988
3514130,35.14.12,2022,1144396.661,4561093172.0,67535.86581957768,5.901438558948895,4235562.2822125945,4715263789.595438,68667.77839420347,1.6212198952327161
3514130,35.14.12,2023,1339510.703,34224663170.0,184999.0896464088,13.810945237845464,3862647.488564907,39308421787.60801,198263.51602755362,5.13284001748797
3514130,35.14.12,2024,1455743.092,16024164947.0,126586.5907077049,8.695668308739252,5007128.132558796,16021330741.254837,126575.39548132897,2.527904062575788
3514130,35.14.12,2025,1301589.108,1783704707.0,42233.92838702079,3.244797311796557,1268153.316814229,1707682326.7675812,41324.113139516754,3.2586054534264406
3514140,35.14.13,2018,967107.7761,11318346979.0,106387.72005734497,11.000606414971516,4422519.319279985,12955466200.107588,113822.08133797057,2.573693253113964
3514140,35.14.13,2019,1132852.845,6384517166.0,79903.17369166258,7.053270338184355,1739678.5158961054,6255130167.994652,79089.38088008182,4.546206678843936
3514140,35.14.13,2020,959648.1155,32281529760.0,179670.61462576455,18.72255170658589,1590018.7550639797,36366816892.35532,190700.8570834314,11.993623124008867
3514140,35.14.13,2021,1177057.138,13670572729.0,116921.22445903481,9.933351634713489,3935430.369381327,13368313789.37679,115621.42443931743,2.9379613812731185
3514140,35.14.13,2022,1278901.254,21862700619.0,147860.40923452092,11.561518825011719,3773530.360790072,23478393106.417393,153226.6070446559,4.060563779658434
3514140,35.14.13,2023,1457646.295,39769225661.0,199422.22960592934,13.681112509254472,3832974.999568865,42453019827.46396,206041.3061195836,5.375493086773569
3514140,35.14.13,2024,1057516.374,8902430437.0,94352.69173160881,8.922102205824455,5138974.383738768,9087408755.73025,95327.90124475755,1.8549985683213983
3514140,35.14.13,2025,1297462.165,56239684976.0,237149.07753562948,18.277918534574724,777033.3422055123,58526704067.47981,241922.93001590364,31.13417621555795
3514150,35.14.14,2018,1417462.21,28194925807.0,167913.4473679818,11.846061657473168,2804500.8622710654,26559275386.47897,162970.1671671198,5.811022180793615
3514150,35.14.14,2019,1393496.68,23454024091.0,153147.0668703779,10.990127860970427,3523292.980857261,23359818011.622528,152839.19003849284,4.33796425301268
3514150,35.14.14,2020,1256112.581,60107327439.0,245167.95761069594,19.517992361442317,3727704.0449912376,58110307882.06055,241060.79706592805,6.466736472543509
3514150,35.14.14,2021,1745209.42,52845177843.0,229880.79050455694,13.172103466216504,8629823.888128934,55608977492.91505,235815.55820792454,2.7325651283835484
3514150,35.14.14,2022,1216023.871,20890726965.0,144536.24792763926,11.88597126870376,6972833.14470882,18701394182.77188,136753.04085383945,1.9612263482543173
3514150,35.14.14,2023,1608412.467,15253622605.0,123505.55698024279,7.678724177673438,5470737.2637663465,11352907781.275879,106550.0247830843,1.9476355680391348
3514150,35.14.14,2024,1761409.01,50640974404.0,225035.4958756507,12.775879684846775,7364510.608982363,46589412236.83548,215845.80662323622,2.930891380073143
3514150,35.14.14,2025,1174399.241,21073653270.0,145167.67295097074,12.361015562932465,1037259.6355332283,18690696527.3938,136713.92221494415,13.180299081498825
3514160,35.14.15,2018,1053421.933,44278760597.0,210425.1900248637,19.975394799840732,3316363.942488748,34388122937.68123,185440.34873155633,5.5916766659932255
3514160,35.14.15,2019,748110.8458,4466717604.0,66833.50659661664,8.933636903117954,1441913.9244513356,4734825377.971493,68810.06741728635,4.772134192647411
3514160,35.14.15,2020,756167.1214,14816262136.0,121722.06922329245,16.097244349626184,920366.2161329582,15209261785.176414,123325.83583814226,13.399648278737594
3514160,35.14.15,2021,880663.0607,17235353155.0,131283.48393838428,14.907345362485493,4081280.915758241,14644003156.508362,121012.40910133292,2.9650595388837777
3514160,35.14.15,2022,756130.4442,8362494761.0,91446.67714575527,12.094034547505563,2708970.3473955584,7920100502.98161,88994.94650249311,3.285194560658594
3514160,35.14.15,2023,736841.378,6139146421.0,78352.70525642367,10.633591923012725,2269336.2906880514,5491448377.157846,74104.30741298273,3.2654616998397654
3514160,35.14.15,2024,728135.6556,5122649275.0,71572.68525771546,9.82958116489131,2637296.072259455,5031204163.121242,70930.98168727994,2.6895342708530685
3514160,35.14.15,2025,999112.1016,10039053052.0,100195.07498874383,10.028411709585864,398821.71884178714,11211795734.465715,105885.76738384491,26.54964922455737
3514170,35.14.16,2018,569984.607,4199342163.0,64802.33146268736,11.369137107712694,4376935.880018978,3958456121.5850887,62916.26277509725,1.4374499535694465
3514170,35.14.16,2019,852408.8037,2364219040.0,48623.23559780858,5.704215557928614,2226833.063840727,2783545438.8301725,52759.316133079024,2.3692533126880413
3514170,35.14.16,2020,1142262.888,9978932483.0,99894.60687644753,8.745325434791464,2471660.627483175,10716624578.730282,103521.13107346867,4.18832302146923
3514170,35.14.16,2021,764498.7825,5928412899.0,76996.18756146307,10.071459801371635,5705452.440712748,6385219201.26501,79907.56660833197,1.4005474138760778
3514170,35.14.16,2022,868356.6399,19131803062.0,138317.76119501068,15.928681239880813,3863268.9537858376,22614556992.39654,150381.37182642185,3.892593904937801
3514170,35.14.16,2023,807090.0187,7169137701.0,84670.76060246537,10.490869499147898,3919474.056496543,7330294386.0276,85617.1383896215,2.1844037530420892
3514170,35.14.16,2024,921972.1878,4298911572.0,65566.08553207977,7.111503622309135,4165260.7182931877,4873316759.328159,69809.14524135186,1.6759850094079531
3514170,35.14.16,2025,1436633.405,133000000000.0,364691.65057620936,25.385157362132293,663164.150893615,102412086249.70326,320018.88420795306,48.25636062756514
3514180,35.14.17,2018,805476.1977,4993309377.0,70663.3524325021,8.772866614094623,848566.101497589,5782741222.428794,76044.33721473804,8.961510138165012
3514180,35.14.17,2019,752742.3955,378745298.8,19461.379673599713,2.5853970481724664,804418.857035602,416175857.33011264,20400.38865634948,2.5360405810882924
3514180,35.14.17,2020,1364204.214,90659183949.0,301096.6355657266,22.07122896086631,805899.9732777221,81533608834.59584,285540.90571159124,35.43130849728799
3514180,35.14.17,2021,733890.0649,406044420.9,20150.543935586455,2.7457169539871304,1804769.542361713,404036972.91727364,20100.670956892798,1.1137527803460798
3514180,35.14.17,2022,868001.9993,2048404826.0,45259.30651258369,5.214193809355629,1033904.4799754738,1974068233.8481798,44430.48766160664,4.297349370481557
3514180,35.14.17,2023,716409.238,1592895062.0,39911.08946145169,5.570990342457265,1078377.091259659,1499203863.6754997,38719.554022166885,3.590539370317885
3514180,35.14.17,2024,995529.0255,40634547.13,6374.523286489743,0.640315161407591,998538.4503105041,38555097.49063369,6209.275117969382,0.621836356530743
3514180,35.14.17,2025,871197.6861,49849171157.0,223269.2794743603,25.62785496755009,755021.714167336,50291496630.31716,224257.6567930673,29.7021466515551
3514190,35.14.18,2018,910777.9015,2081452385.0,45622.93704925188,5.00922749378454,2310628.020455011,2347258852.8665447,48448.51755076253,2.096768373008045
3514190,35.14.18,2019,876072.464,12489453213.0,111756.22225630214,12.756504381617242,1293619.6129072192,12335693220.18941,111066.16595610659,8.58568970723177
3514190,35.14.18,2020,958717.8829,10247957212.0,101232.1945430405,10.559122380905835,1031355.5570233966,9213491475.756332,95986.93388037942,9.30687125567133
3514190,35.14.18,2021,1083335.145,1462547.721,1209.3583922890682,0.11163289568059459,13530778.757738853,1457668.103564906,1207.339266140593,0.008922910408612381
3514190,35.14.18,2022,941898.6245,336864342.8,18353.864519495615,1.9486029644897964,3837788.3954065028,341816024.3176802,18488.267207006724,0.4817427461382593
3514190,35.14.18,2023,992296.0551,374623157.9,19355.18426417067,1.9505453200879777,3055661.0650990224,337271673.5017935,18364.957759325054,0.6010142279549553
3514190,35.14.18,2024,993785.6797,58668093.7,7659.510016965837,0.7707406308448779,3096631.126969628,53732596.24488606,7330.252126965761,0.2367169942562441
3514190,35.14.18,2025,1674805.629,71486735528.0,267370.0348356188,15.964242668282722,534445.0027908635,79740886366.47798,282384.28845542733,52.836921849923
3514200,35.14.23,2018,791660.4963,4.43e-22,2.104756517984919e-11,2.658660534183483e-15,976361.4614761948,1.264325222470223,1.1244221727048178,0.00011516453865403137
3514200,35.14.23,2019,664657.4683,11170012417.0,105688.27946844437,15.90116481181866,1177880.690277672,11625996051.349478,107823.91224282987,9.15406060501863
3514200,35.14.23,2020,939226.3108,1305374162.0,36129.962109030785,3.846779172770038,1053009.235703184,1255955153.2816203,35439.457576007284,3.3655410013893503
3514200,35.14.23,2021,1352918.404,154000000000.0,392428.33740697167,29.006060989837167,2447854.3386221593,146538352908.2834,382803.2822590258,15.638319495534073
3514200,35.14.23,2022,1150965.652,115000000000.0,339116.4991562634,29.46365068036482,2398106.0605801684,113616406319.44621,337070.3284471153,14.055688945032257
3514200,35.14.23,2023,1830080.86,656000000000.0,809938.2692526635,44.25696628796301,2032899.9682825091,594013187810.4829,770722.5102528684,37.91246604740771
3514200,35.14.23,2024,1966706.937,1200000000000.0,1095445.1150103323,55.69945854166336,2897400.4363825605,1157633266239.45,1075933.671858749,37.13444846450238
3514200,35.14.23,2025,1087082.753,38955920336.0,197372.54200116085,18.15616533851502,893653.8598855936,30861053842.3524,175673.14490938108,19.65785107579247
3514210,35.14.19,2018,818300.69,7449375539.0,86309.76502690758,10.547438867112232,1696543.9599545274,7072935431.9598255,84100.7457277272,4.957180462920711
3514210,35.14.19,2019,1080343.513,17655583138.0,132874.31331148997,12.299265160810936,961025.9502733644,16560169968.59599,128686.32393768962,13.390514990889136
3514210,35.14.19,2020,1075643.718,13256727943.0,115137.86494025326,10.704089375833016,1116208.1764249245,13182243167.607187,114813.9502308286,10.286069628925615
3514210,35.14.19,2021,1006428.115,7540927095.0,86838.51158904095,8.62838689567421,1404221.721648577,7709562451.371969,87804.1140913794,6.252866818517526
3514210,35.14.19,2022,706330.9136,15748996763.0,125495.00692457848,17.767168972537306,1477765.315126523,15796294161.200092,125683.30900004221,8.504957296908913
3514210,35.14.19,2023,1040365.73,23681766912.0,153888.81347258482,14.791799560005195,1022955.019395158,26274485837.70251,162094.0647824667,15.845668842634739
3514210,35.14.19,2024,885675.0786,5825561837.0,76325.36824018604,8.617761759858332,1455736.6558044872,5450331585.522972,73826.3610475484,5.07140908715729
3514210,35.14.19,2025,785723.3799,6323021309.0,79517.42770613244,10.120282753486693,740877.1944137547,7165429409.219316,84648.85946791791,11.425491310324285
3514220,35.14.20,2018,635418.7843,2451771027.0,49515.36152549025,7.792555515971743,2564065.374279378,2328069375.741213,48250.07125115167,1.8817800721914975
3514220,35.14.20,2019,817909.2662,6526421946.0,80786.27325232919,9.877168115194683,1039814.5610854279,6894278474.249154,83031.79194892252,7.985249972095831
3514220,35.14.20,2020,937572.8247,15319177002.0,123770.66292946806,13.201178582482017,1096530.601882511,15516772649.886482,124566.33834983864,11.360042130697
3514220,35.14.20,2021,1233549.549,58371424151.0,241601.78838535116,19.58590058917456,3612163.641882965,53550549075.87197,231409.91568183064,6.406407312189219
3514220,35.14.20,2022,1127422.029,62557807568.0,250115.5884146368,22.18473490681073,3201800.333366661,63598371053.765686,252187.17464170474,7.876417901941202
3514220,35.14.20,2023,1210700.218,13269398139.0,115192.87364676688,9.514566193525445,2378789.9160130285,12172340261.730417,110328.32937070342,4.638002230798895
3514220,35.14.20,2024,1128026.809,4355334928.0,65994.96138342684,5.85047809652074,2904389.684839262,4511159787.183388,67165.16796065791,2.3125398189938497
3514220,35.14.20,2025,1178596.964,20656629148.0,143724.1425370143,12.194511518953338,832124.4636955663,18342098673.8552,135433.0043743223,16.27557057664761
3514230,35.14.22,2018,743037.7284,7576794050.0,87044.78186542833,11.714718989150636,2728926.9014741103,8502938163.089485,92211.37762277215,3.3790343586323788
3514230,35.14.22,2019,804706.2219,475445668.5,21804.716657182224,2.709649318443057,1500510.169877197,355272860.63568884,18848.68325999694,1.2561516501777215
3514230,35.14.22,2020,745930.9126,12089013908.0,109950.05187811419,14.739977928368026,1570226.4551807311,13370092145.945837,115629.11461196023,7.363849604651544
3514230,35.14.22,2021,867852.4924,8595636603.0,92712.65611015575,10.682997044090271,5980789.855344038,7294140784.783123,85405.74210662374,1.4280010529096057
3514230,35.14.22,2022,1182459.368,21687845217.0,147267.93682604507,12.454376092020194,3112711.5401606536,21925346487.967743,148072.09895171926,4.757013203481006
3514230,35.14.22,2023,1311919.841,5619006203.0,74960.03070303533,5.7137660671324,2815930.1726372126,5963415756.898193,77223.15557459558,2.742367560281991
3514230,35.14.22,2024,803643.5324,5035937224.0,70964.33769154758,8.830325241294455,3122621.77396869,5668984241.582558,75292.65728862648,2.4112000344163813
3514230,35.14.22,2025,988188.0139,20405255141.0,142846.9640594437,14.455443908460436,794285.5116208434,21997965883.672333,148317.11257866482,18.6730225351844
3514240,35.14.21,2018,584599.6196,103644740.8,10180.606111622235,1.741466427670292,1419781.1746915497,84146918.45478702,9173.162947140261,0.64609695568989
3514240,35.14.21,2019,920056.3102,6687545387.0,81777.41367272506,8.888305288069647,770482.0465807212,6303060319.963214,79391.81519503893,10.304174581012937
3514240,35.14.21,2020,702630.3364,11521427376.0,107337.91210937541,15.276583795019786,1003156.6175798052,12024670483.094204,109657.05851924993,10.931200233100816
3514240,35.14.21,2021,1006213.254,8774386977.0,93671.69784411938,9.309328561489947,1803221.3949646319,9574642757.605068,97850.10351351228,5.426405420141518
3514240,35.14.21,2022,920861.5071,16355011643.0,127886.71409884609,13.887725039304783,2092887.229330396,17072594863.898333,130662.14013209156,6.243152440368034
3514240,35.14.21,2023,882285.1353,40769209454.0,201913.86642328455,22.885330189160282,1524847.0449141278,36510634110.29397,191077.56045724984,12.530932928293174
3514240,35.14.21,2024,1036524.447,9123277977.0,95515.85196709498,9.215011980040156,1824356.4209963756,8612765791.325739,92804.98796576474,5.086998729945496
3514240,35.14.21,2025,978207.1997,133000000000.0,364691.65057620936,37.28163631263951,805267.2641815356,155084720224.48962,393807.9737949571,48.904008806966594
3515010,35.15.01,2018,1095011.811,17417528415.0,131975.48414383634,12.052425628479028,2054425.0662845424,15766601477.244478,125565.1284284155,6.111935182698187
3515010,35.15.01,2019,959891.4975,2743335392.0,52376.859317832335,5.456539562465739,1537681.0352253849,2120930330.5943222,46053.559369437695,2.9950008040963723
3515010,35.15.01,2020,788692.8282,592748495.1,24346.42674192663,3.086933958495786,1367812.9020324557,630224987.0291983,25104.282244852137,1.835359368781306
3515010,35.15.01,2021,1069179.094,13388868830.0,115710.27970755234,10.822347757910082,2097694.067401068,14731181893.641611,121372.08037123534,5.785976242074658
3515010,35.15.01,2022,1050544.322,8271707178.0,90948.92620586568,8.657314527455576,2383220.973761878,8283402721.30409,91013.20080792725,3.8189157367251725
3515010,35.15.01,2023,1474242.761,1363187197.0,36921.36504789605,2.5044291228434967,2246766.3783074147,1353436056.7331781,36789.07523617817,1.6374232582157902
3515010,35.15.01,2024,1698755.502,69425435628.0,263487.06918556744,15.510594012814414,3202342.1486088037,64222612746.889305,253421.80795442467,7.913639336275136
3515010,35.15.01,2025,1147043.324,302599085.5,17395.375405549603,1.5165403992665236,1419175.5016463834,328990521.9366701,18138.095874062143,1.278072786136751
3515020,35.15.02,2018,977918.3511,5461999206.0,73905.33949587133,7.557414114658936,2444663.29140492,5685980544.343259,75405.4410791639,3.084491894825698
3515020,35.15.02,2019,1051542.547,28821188194.0,169768.04232245832,16.144666975844043,1306232.7913027771,28850844112.016933,169855.3623292975,13.003452635719817
3515020,35.15.02,2020,1058864.086,15541314625.0,124664.80908821062,11.773447672509938,1267159.2286469215,15331296833.781649,123819.61409155518,9.771432925897587
3515020,35.15.02,2021,1423821.957,9657484343.0,98272.50044137475,6.902021699990876,2389949.494829859,10598245809.396309,102947.78195471872,4.307529601668323
3515020,35.15.02,2022,1218336.433,4607206300.0,67876.40458951844,5.571236544439646,2558283.25114107,4439147410.602978,66626.92706858825,2.604360836075156
3515020,35.15.02,2023,1425738.437,21043127328.0,145062.4945601033,10.17455171267879,2170721.4830198353,21621928117.532272,147043.9666138406,6.773967446495161
3515020,35.15.02,2024,2057949.903,51226939021.0,226333.6895404659,10.998017454677852,2614718.164986343,50625564280.72969,225001.25395368287,8.605181887924738
3515020,35.15.02,2025,1419567.383,13351204005.0,115547.41020464285,8.13962137961033,1297561.2762625457,14408457262.206806,120035.23342005382,9.250833514837888
3515030,35.15.03,2018,1170564.016,18472342293.0,135912.99530582054,11.610898118178659,1977310.0178735538,17712903044.626854,133089.8307333316,6.730853003843047
3515030,35.15.03,2019,1079509.838,1048285.007,1023.8579037151591,0.09484470337130536,1676028.4081641282,1011862.5571337681,1005.9137920983925,0.060017705380080076
3515030,35.15.03,2020,1405335.227,11442959874.0,106971.77138853035,7.61183305828641,1751091.5751727864,9033373072.292019,95044.05858491112,5.427703492636174
3515030,35.15.03,2021,1168768.521,26176394760.0,161791.2073012622,13.842878584959958,1488224.5673796034,21514405555.687923,146677.8972977453,9.85589812940724
3515030,35.15.03,2022,1157304.195,27123360357.0,164691.71307931677,14.230633034153719,1922835.4868422048,36017254446.30965,189782.12362156148,9.869909564298348
3515030,35.15.03,2023,1510994.074,213000000000.0,461519.23036857304,30.5440794447863,1817969.883463397,189528371896.76428,435348.56367830624,23.946962358305292
3515030,35.15.03,2024,1370668.746,39896855717.0,199741.9728474714,14.572592643581835,2544266.712424325,42670334118.90105,206567.98909536068,8.11895970208763
3515030,35.15.03,2025,1482436.22,3141787760.0,56051.65260721579,3.7810498590769583,939766.62577089,3721336718.8734756,61002.759928330095,6.491266901321333
3515040,35.15.04,2018,1216883.422,29624739485.0,172118.38799210268,14.144196960890365,1675565.0973532656,29095684761.582314,170574.57243558406,10.180122079710593
3515040,35.15.04,2019,1059433.506,6840951110.0,82710.04237696895,7.8070064717180045,1471314.5404128397,7384712990.72835,85934.35279751835,5.840651365642443
3515040,35.15.04,2020,1373776.005,4342995433.0,65901.40691214414,4.797099867248312,1364658.8127128792,4859155732.548154,69707.64472099279,5.108063940349837
3515040,35.15.04,2021,1362920.168,7877592544.0,88755.80287507967,6.512179139980241,2825166.072855412,8252170749.815561,90841.45942143137,3.2154378567068576
3515040,35.15.04,2022,892474.7402,3420721297.0,58486.93270295511,6.553343200486372,2237176.827451301,3243278994.8401265,56949.79363298981,2.5456098478308373
3515040,35.15.04,2023,1637204.843,5939126088.0,77065.72576703603,4.707152321014483,1646511.987395104,6113683881.380704,78190.04975942081,4.748829668900431
3515040,35.15.04,2024,1769724.296,145000000000.0,380788.6552931954,21.516834919081393,2634410.2812048565,165911154207.59183,407321.929445975,15.461598079540023
3515040,35.15.04,2025,1718142.841,690658822.6,26280.38855496623,1.5295811225841047,1198756.40715654,606092929.482292,24618.95467891137,2.053707870250949
3515050,35.15.05,2018,1467397.513,21574754987.0,146883.47417936436,10.009794406634267,2411701.197849492,24535197144.332157,156637.1512264321,6.4948821755408614
3515050,35.15.05,2019,2441388.701,4.67e-20,2.1610182784974309e-10,8.851594494609857e-15,3010984.9503423143,1.1497048823088085,1.072242921314386,3.561103555806496e-05
3515050,35.15.05,2020,2213983.969,107000000000.0,327108.54467592255,14.774657326162533,2022068.468704644,100854588549.35806,317576.1145762667,15.705507478671526
3515050,35.15.05,2021,1842188.439,20894894550.0,144550.6643014829,7.846681763997483,3195489.602993853,17094743331.954557,130746.86738868567,4.091606721742702
3515050,35.15.05,2022,1324089.61,11031060168.0,105028.8539783235,7.93215604027914,2736700.136089722,12201756067.318613,110461.55922907576,4.036304810029589
3515050,35.15.05,2023,1861018.12,74207921548.0,272411.3095082508,14.637756966506632,2172021.4347516657,78615910722.60239,280385.28977569845,12.908955928777738
3515050,35.15.05,2024,1918580.491,47461615970.0,217856.870375942,11.355107142906,3019458.5075613935,39850503225.57669,199625.90820225887,6.611314833515723
3515050,35.15.05,2025,1901884.742,18915708487.0,137534.3901975066,7.231478709528792,1166123.787378925,17814620383.172188,133471.42159718007,11.445733552625777
3515060,35.15.06,2018,1156559.524,24398703813.0,156200.84446954823,13.505646810924384,1996947.2242185727,23932128737.959896,154700.12520343962,7.746830929093555
3515060,35.15.06,2019,1244130.239,4312775035.0,65671.72173013282,5.278524681058959,1699722.8235157158,4722558401.606129,68720.87311440484,4.043063502098667
3515060,35.15.06,2020,1113008.202,4173590690.0,64603.3334279277,5.804389699181003,1655192.9775971293,3365278363.1830463,58011.01932549579,3.5047888742079696
3515060,35.15.06,2021,1136729.492,11586484701.0,107640.5346558628,9.46931837463603,7184824.613566548,12040567177.627632,109729.51826025499,1.5272400394167067
3515060,35.15.06,2022,807857.4,18174733457.0,134813.69907023545,16.6878088967478,3726109.1128668683,18640617092.637314,136530.6452509374,3.6641612232844873
3515060,35.15.06,2023,1239900.461,18538601551.0,136156.53326594358,10.981247087861481,2731239.717840321,17091855574.48684,130735.82360809465,4.786684330713808
3515060,35.15.06,2024,1251481.621,18293045416.0,135251.7852599366,10.807332923663973,3880215.7314821905,18087122289.442745,134488.37232059412,3.466002450055048
3515060,35.15.06,2025,1709404.236,11544874999.0,107447.07999289696,6.285644889024187,905555.9543258123,12054382951.306467,109792.45398162147,12.12431473252938
3515070,35.15.07,2018,1505934.78,20220448839.0,142198.62460305303,9.442548674189796,3947050.248563129,22781324047.212902,150934.83377674254,3.8239906834651607
3515070,35.15.07,2019,1655630.278,30899679844.0,175783.04765818574,10.617288774794064,3084773.313777752,27843390995.948685,166863.39022070923,5.409259392754563
3515070,35.15.07,2020,1719644.615,37067345734.0,192528.81793123853,11.195849203484322,3334141.344629723,33727877561.475414,183651.51118756254,5.508210126825267
3515070,35.15.07,2021,2042239.246,130000000000.0,360555.1275463989,17.654891720085907,7721688.709405301,122458022974.21973,349940.0276822012,4.531910581372716
3515070,35.15.07,2022,2238005.16,180000000000.0,424264.0687119285,18.957242650500792,6315298.092871921,200840009009.393,448151.77006165334,7.09628846447458
3515070,35.15.07,2023,2607110.842,196000000000.0,442718.8724235731,16.981206371875963,6342542.850921663,176955885743.8223,420661.2482078927,6.632375343696173
3515070,35.15.07,2024,2648334.175,135000000000.0,367423.4614174767,13.873757507112058,7633835.327744897,150200885789.26566,387557.5902872574,5.076839801334113
3515070,35.15.07,2025,2654206.879,81768373575.0,285951.6979753749,10.773527121710654,1566448.0754084934,76399505363.364,276404.6044539852,17.64530907811325
3515080,35.15.09,2018,1206592.397,2884603116.0,53708.50133824253,4.451254746157871,2270365.918588236,2500822659.838724,50008.22592172936,2.2026504852057323
3515080,35.15.09,2019,1468711.536,73247547812.0,270642.84178969153,18.427229252027303,1797250.8092307623,56371569586.06985,237426.97737635006,13.210564499785688
3515080,35.15.09,2020,1247344.021,5024253337.0,70881.96764339997,5.682631771992915,2009117.568028599,4730989680.442731,68782.19013990999,3.4235024985322755
3515080,35.15.09,2021,1826215.966,79678897366.0,282274.50711320003,15.456797682667943,3203596.2807202036,83011049672.82437,288116.38216669386,8.993529674779186
3515080,35.15.09,2022,1480217.736,55252911767.0,235059.37923639634,15.880054232534635,3801728.2729081474,67184053077.70937,259198.86781718273,6.817921987330975
3515080,35.15.09,2023,1473358.456,12487879803.0,111749.18256076865,7.584656816247888,3101050.6594756395,12310250990.188354,110951.57047193318,3.5778702980200308
3515080,35.15.09,2024,1728021.288,36754004699.0,191713.33990883367,11.094385308801455,3604979.8214760344,30946993900.205585,175917.57700754516,4.879849145328001
3515080,35.15.09,2025,1584611.199,18687232866.0,136701.25407617883,8.626800956754996,1532735.1118483085,17922908068.21742,133876.46569960465,8.734481559449923
3515090,35.15.10,2018,1097649.675,10271559547.0,101348.70273960097,9.233246731440154,2905550.6766614737,9773191623.261246,98859.45388915137,3.402434336569291
3515090,35.15.10,2019,1346329.44,26976538190.0,164245.3597213632,12.19949254926515,1764450.0825346739,32937041694.815205,181485.6514846703,10.285677859696769
3515090,35.15.10,2020,1267505.798,4686703555.0,68459.50302916316,5.401119516548607,1927894.7217615587,4660109555.641611,68264.99509735286,3.5409088643065365
3515090,35.15.10,2021,1589041.402,33419934458.0,182811.1989403275,11.504495648145957,2481133.7011728664,33710399418.49337,183603.91994315744,7.400001050179815
3515090,35.15.10,2022,1227229.437,13257576768.0,115141.55100570775,9.382235100811696,2819271.331966556,12664548168.429018,112536.87470526724,3.9917007429990146
3515090,35.15.10,2023,1396654.213,7545253142.0,86863.41659179657,6.219393159972989,2198220.104428606,8664627825.850487,93083.98264927477,4.234516027842013
3515090,35.15.10,2024,1776175.835,53290018213.0,230846.30864061916,12.996816198696855,2613163.527002841,52926469265.25112,230057.5346848069,8.803794033841832
3515090,35.15.10,2025,1591216.93,25508092855.0,159712.531928462,10.037131262075121,1477034.9573629722,27111051658.69377,164654.3399327627,11.147626473697597
3515100,35.15.14,2018,1455022.053,55052906646.0,234633.55822643955,16.125773333996303,3698898.9322330775,57177065892.96787,239117.26389570427,6.464552513505574
3515100,35.15.14,2019,1577700.565,50666888854.0,225093.06709447983,14.267160200610046,3009876.3744945526,53213643654.05846,230680.82636850956,7.66412960755731
3515100,35.15.14,2020,1457087.022,56246059779.0,237162.51765192577,16.276482740639338,3356856.881095445,50612152985.49651,224971.4492674493,6.701848104826985
3515100,35.15.14,2021,1858578.781,68619679406.0,261953.58254087687,14.094295341084973,6208102.693457737,71653367526.21243,267681.46653478354,4.311807966979563
3515100,35.15.14,2022,1737524.488,49755871298.0,223060.24141025223,12.837818571812395,4716988.625003916,44953177285.77061,212021.64343710433,4.494851700790954
3515100,35.15.14,2023,3008404.526,466000000000.0,682641.9266350404,22.69116140250882,4101707.8978440715,452875601967.70123,672960.3271870499,16.406832079406957
3515100,35.15.14,2024,2266054.592,156000000000.0,394968.35316263,17.42978101926637,6284154.682411759,139739417786.40225,373817.3588617873,5.94857029710036
3515100,35.15.14,2025,1875337.128,83610324831.0,289154.4999321297,15.41880100462287,1875685.7824127118,77381610626.88264,278175.5032832378,14.830602539697141
3515110,35.15.08,2018,1767233.481,22847174718.0,151152.81908717417,8.553075794016953,5440066.107557881,20715824809.99628,143929.9302090996,2.6457386245571137
3515110,35.15.08,2019,1660530.417,66244359329.0,257379.7958834376,15.499854338617492,12074117.383823866,71674647673.7234,267721.2125957213,2.217314972889009
3515110,35.15.08,2020,2382558.61,203000000000.0,450555.2130427524,18.910561576604927,15857232.605254292,212542290967.82312,461023.0915776596,2.907336374853325
3515110,35.15.08,2021,1751088.757,15980361043.0,126413.4527769889,7.219134511123407,13587515.904442027,16244828399.103748,127455.20153804531,0.9380316640246044
3515110,35.15.08,2022,1595735.638,56806030831.0,238340.15782280584,14.93606786406846,11940072.075132495,65243637768.72825,255428.34174916503,2.1392529303164247
3515110,35.15.08,2023,2208507.915,168000000000.0,409878.03063838393,18.559047393696297,10617883.362100054,183771349118.7539,428685.6063815928,4.03739231033336
3515110,35.15.08,2024,1960165.941,25750135123.0,160468.48638595678,8.186474574907267,13255918.297305198,25892337302.32664,160910.9607898935,1.2138801490848443
3515110,35.15.08,2025,2031238.451,140000000000.0,374165.7386773941,18.420571868024084,3401197.2912198943,174402293093.79868,417615.0058292909,12.278470493533368
3515120,35.15.15,2018,1796308.959,18640011262.0,136528.42657117234,7.600498003816522,2902663.459411474,21310615311.06477,145981.55811973228,5.029227816487227
3515120,35.15.15,2019,1628382.348,214000000000.0,462601.3402488151,28.408643757222496,2666674.6402458716,227727606200.818,477208.1371904905,17.895251636191027
3515120,35.15.15,2020,2062342.393,46765821924.0,216254.06799410735,10.4858470023269,2767075.7741736867,37160473581.07012,192770.5205187508,6.966579026059254
3515120,35.15.15,2021,1934764.314,96201693491.0,310163.9783904636,16.031098782735953,5689998.348247904,101338999967.55133,318337.8707718441,5.594691795822198
3515120,35.15.15,2022,1531852.337,42839474004.0,206976.98906883344,13.511549649372858,3431727.748610246,48984200595.0295,221323.74611647415,6.449338710103215
3515120,35.15.15,2023,1904812.793,90908387674.0,301510.17839204037,15.828861476574529,2539612.972019296,83682811431.73138,289279.8151128616,11.390704737298988
3515120,35.15.15,2024,2755463.687,194000000000.0,440454.31091090484,15.984761947287634,2857238.838971838,203667564555.81793,451295.4293540075,15.7948094222464
3515120,35.15.15,2025,1959248.602,17741776676.0,133198.26078444117,6.798435923265298,2033356.098984252,17312610661.472664,131577.39418863965,6.470946936169625
3515130,35.15.17,2018,1712642.023,33704818831.0,183588.7219602555,10.71962029979078,1739942.4696518513,37551920019.09453,193783.17785374078,11.137332482752447
3515130,35.15.17,2019,2008110.801,48198867932.0,219542.4057716413,10.93278347301919,1616347.5470994902,34914700454.25765,186854.7576441597,11.560308176262437
3515130,35.15.17,2020,1554242.453,49946237640.0,223486.54912544513,14.379130404916635,1938448.9077081825,46943862475.83549,216665.32365802213,11.177252224521323
3515130,35.15.17,2021,1728307.259,17676817616.0,132954.19367586717,7.69274056933572,1618917.0648715224,17194859517.720135,131129.17111657548,8.099807825979148
3515130,35.15.17,2022,2381105.965,284000000000.0,532916.503778969,22.381049462406814,2097710.2557933815,287081916654.41644,535800.2581694194,25.542148001120047
3515130,35.15.17,2023,1786260.919,50314225676.0,224308.32725514227,12.557422315476538,2378575.9460898456,54628016125.885544,233726.37019789946,9.826315219496083
3515130,35.15.17,2024,1953849.764,24941710365.0,157929.4474282741,8.082988279761826,2491413.201866744,20502068563.046432,143185.43418604572,5.747157239062593
3515130,35.15.17,2025,1876699.19,23760035621.0,154142.90648940028,8.21351164378135,1534404.85020072,23170205425.436066,152217.62521283817,9.920303966252854
3515140,35.15.18,2018,1848982.114,117000000000.0,342052.6275297414,18.499509808116045,5986154.660372102,134631371614.17647,366921.478812806,6.129502153390705
3515140,35.15.18,2019,1550292.208,22394996220.0,149649.57808159702,9.652991694685536,3697540.862450376,27274011573.64055,165148.45313729264,4.466440244499369
3515140,35.15.18,2020,1726286.624,27890984317.0,167005.9409631885,9.674288072522799,2856866.3256101026,25389736682.19256,159341.57236011123,5.577494856224425
3515140,35.15.18,2021,2103434.478,83643805379.0,289212.3880109564,13.749531589210568,32512352.192527667,78458806919.9361,280104.99267227657,0.8615340748451085
3515140,35.15.18,2022,2462167.063,89605074238.0,299341.0667416016,12.157626151365733,10678597.823267486,94090109611.11913,306741.1117067928,2.872484915935665
3515140,35.15.18,2023,2213019.829,59926502352.0,244798.90186028206,11.061758175519811,10217477.845372563,54630614272.59648,233731.92822675398,2.2875697091196514
3515140,35.15.18,2024,2089619.388,98949547179.0,314562.469438107,15.053577280366762,10677891.877975885,91278384032.88197,302123.12727244495,2.8294267325894276
3515140,35.15.18,2025,2289895.021,157000000000.0,396232.255123179,17.303511798114826,1869632.8800040735,152398322185.2848,390382.2769866542,20.88015680307268
3515150,35.15.16,2018,2431519.528,462000000000.0,679705.8187186571,27.953952698777467,2060113.5189184167,418072433281.0236,646585.2096058365,31.385901974241747
3515150,35.15.16,2019,1981593.892,49661080805.0,222847.66277661518,11.245879575844755,2949009.0132772718,47267244331.053314,217410.3133042527,7.372317694703883
3515150,35.15.16,2020,2606643.456,219000000000.0,467974.3582719036,17.953140357370902,3398517.211170345,197398470692.04398,444295.47678548784,13.07321544010913
3515150,35.15.16,2021,2217173.213,74324083582.0,272624.4368760805,12.29603692113885,7211996.692209319,64397939672.38177,253767.49136243155,3.5186856316304347
3515150,35.15.16,2022,2342052.304,108000000000.0,328633.5345030997,14.031861455093262,6208451.048410569,133473049675.01877,365339.63605803676,5.884553702836517
3515150,35.15.16,2023,2216630.607,223000000000.0,472228.7581247038,21.303899559693477,6208564.561070238,233081258400.8108,482784.8986876151,7.776111433467839
3515150,35.15.16,2024,2102768.747,83379710371.0,288755.4508074263,13.732154390224363,7023523.642961018,83013421737.51933,288120.4986416609,4.1022215242404085
3515150,35.15.16,2025,1927692.827,45731002713.0,213848.08325771824,11.093472998523444,708769.5609276373,48209836089.70679,219567.38393875078,30.978670084446218
3515160,35.15.13,2018,1468773.722,38541974787.0,196321.1012270459,13.366327180725929,8079356.510687033,37526352234.10368,193717.19653686837,2.397681006904788
3515160,35.15.13,2019,1558470.186,4800802249.0,69287.82179430957,4.44588689708239,7295250.633077333,4678253338.059922,68397.75828241685,0.9375655713909975
3515160,35.15.13,2020,1329573.596,9021457723.0,94981.3546071017,7.143745550667638,7431815.610746188,9889593664.316113,99446.43615693884,1.338117646691102
3515160,35.15.13,2021,1539135.094,4906430921.0,70045.92008818215,4.550992330773411,7141454.777779541,4225788755.4541802,65006.06706649911,0.910263652004965
3515160,35.15.13,2022,1703387.202,41452401489.0,203598.6284064802,11.95257473858138,15419920.791923666,37998239096.82432,194931.3702225076,1.264152863383091
3515160,35.15.13,2023,1943783.894,81102252956.0,284784.57288975467,14.651040877991484,18784872.565568503,72465864188.9289,269194.84428370633,1.4330405667862962
3515160,35.15.13,2024,1766057.632,24001258046.0,154923.39412109458,8.772272847384324,30069676.681863677,24749195724.85437,157318.7710505468,0.5231807867938686
3515160,35.15.13,2025,2664456.58,162000000000.0,402492.23594996217,15.105978418682362,1682001.4036097836,159805791730.79315,399757.1659530235,23.766755788377765
3515170,35.15.11,2018,1697810.542,34784130080.0,186505.04036084388,10.985032531435648,4559637.581695563,34771233742.64116,186470.46345907214,4.089589580708091
3515170,35.15.11,2019,1290217.92,11556784654.0,107502.48673402863,8.33211855668759,3891678.741712985,11048999442.30514,105114.22093277931,2.700999437751935
3515170,35.15.11,2020,1254680.096,5519186922.0,74291.23045151426,5.921129273378883,3146509.192895011,5248936246.013248,72449.54275917308,2.302537139340578
3515170,35.15.11,2021,1611746.688,14027125206.0,118436.16511015543,7.348311368774807,11034733.143603757,16069958476.268684,126767.33994317576,1.148802950587491
3515170,35.15.11,2022,2059381.216,6687404648.0,81776.5531677632,3.970928380448197,9511648.211831681,6206163708.64537,78779.20860636624,0.8282393004019178
3515170,35.15.11,2023,2010167.209,12570980341.0,112120.38325389367,5.577664522229984,11098465.259108668,10890293157.900028,104356.56739228264,0.9402792634471304
3515170,35.15.11,2024,2016441.721,3496895647.0,59134.55543926918,2.932619119284191,13737634.998540161,3601037675.0038285,60008.646668657915,0.4368193409930805
3515170,35.15.11,2025,2255819.253,50120543899.0,223876.17983832044,9.924384657174501,1075364.4213088818,46421026076.52815,215455.39231248808,20.035570086115193
3515180,35.15.12,2018,684925.8929,2372994313.0,48713.3894632677,7.11221315593918,1271922.3314530815,2416618122.0726824,49159.11026526703,3.864945920802115
3515180,35.15.12,2019,966651.9843,3.34e-23,5.779273310719956e-12,5.978649404940715e-16,1192179.9161901819,1.3392387015667375,1.1572548127213547,9.707048382592819e-05
3515180,35.15.12,2020,1048250.332,2633479807.0,51317.44154768435,4.895533059338382,1047508.6651347418,2640789164.040654,51388.60928299825,4.9057932400385535
3515180,35.15.12,2021,1122330.243,7192397571.0,84808.00416823874,7.556421534320067,1388665.8066541618,7483435785.118426,86506.85397769605,6.229494062802975
3515180,35.15.12,2022,966634.3225,4217875578.0,64945.17363130227,6.718691041647993,1667125.319229785,3855203919.407427,62090.28844680484,3.724392385540079
3515180,35.15.12,2023,1564466.288,18585604991.0,136329.0320914808,8.714092028519364,1391167.8652944483,18497302358.0302,136004.78799671063,9.776303161511315
3515180,35.15.12,2024,1067899.356,5320910131.0,72944.56889309855,6.830659507682908,2114562.6499669985,4850250571.415702,69643.74036060744,3.2935292960789955
3515180,35.15.12,2025,935378.4742,5708708557.0,75555.99616840479,8.077585517779363,1133082.72913911,5594234496.5126295,74794.61542459209,6.600984508996912
3516010,35.16.01,2018,816814.8814,54719409.4,7397.2568834670055,0.905622198115232,1171553.8486484212,53849449.192241706,7338.218393604929,0.6263662914061324
3516010,35.16.01,2019,721582.4185,4627196223.0,68023.49757988044,9.426989327329409,1341713.1803076626,4416252060.428458,66454.8874081392,4.952987597013895
3516010,35.16.01,2020,761127.3544,3762456494.0,61338.86609646448,8.058949102521506,1386421.3672832905,4244911151.9425535,65152.9826787888,4.699363715553292
3516010,35.16.01,2021,877994.3956,3760177153.0,61320.2833734483,6.984131525297893,2205342.0298475143,3627263536.7605824,60226.76761009661,2.730949067989282
3516010,35.16.01,2022,789789.1184,4277273397.0,65400.86694379517,8.280801218974501,2329615.3678478696,4377408774.570079,66161.98889521141,2.840039167338287
3516010,35.16.01,2023,750288.1014,2743683118.0,52380.17867476208,6.981342044079239,1925514.5228799223,2857532446.092405,53455.892529190874,2.77618744984789
3516010,35.16.01,2024,1088602.34,22130859215.0,148764.44203841186,13.665636805301359,2213449.016301771,24142783118.56188,155379.48100879305,7.019790375312144
3516010,35.16.01,2025,997004.3111,51777037.03,7195.62624307294,0.7217246869408186,682442.9067933514,38052010.87428498,6168.63119940599,0.9039043615224938
3516020,35.16.02,2018,1377162.789,1068061645.0,32681.212416310384,2.3730827377380135,1321783.0140094853,1078037736.9969256,32833.48499621881,2.484029878445933
3516020,35.16.02,2019,1406377.433,8551924355.0,92476.61517919003,6.575518990085362,1211771.0686092116,8684851773.152184,93192.55213348426,7.690607124367505
3516020,35.16.02,2020,1865804.555,1222736940.0,34967.65562630701,1.8741328255738452,1556971.341221156,1557460271.595909,39464.671183172286,2.5347076171755063
3516020,35.16.02,2021,1417143.929,4098245194.0,64017.53817509699,4.5173631883862795,1522737.4380440915,4083955150.723267,63905.830334354214,4.196772781553151
3516020,35.16.02,2022,782287.2987,4286788126.0,65473.56814776479,8.369504177885585,1526202.2792675795,4078512208.6587467,63863.230490312235,4.184453879924752
3516020,35.16.02,2023,1144071.18,30994886411.0,176053.6464007491,15.388347288037544,1019468.4179184311,28396520865.352818,168512.67271440692,16.529464743839647
3516020,35.16.02,2024,1621690.352,24575299579.0,156765.10957161355,9.666772043027704,1334764.4555423711,23376230974.29703,152892.87417763143,11.454670788000913
3516020,35.16.02,2025,1291728.496,11671535534.0,108034.88109865258,8.363590447466027,1046671.4127428568,10204248073.203163,101016.07829055315,9.651173908135627
3516030,35.16.03,2018,965860.0005,7507017993.0,86643.04930575793,8.970559838993761,3007794.2323355163,7053629288.397172,83985.88743590897,2.7922750344093497
3516030,35.16.03,2019,1068003.564,2711979109.0,52076.6656862745,4.876076020873138,1877759.6341156717,2726296228.6083922,52213.94668676552,2.7806512472697604
3516030,35.16.03,2020,1019060.878,5465553708.0,73929.3832518573,7.254658170859278,1837695.863262557,5816154260.834482,76263.7152309962,4.1499639170760965
3516030,35.16.03,2021,1347341.274,10983113986.0,104800.35298604675,7.778307917111041,8868887.976722822,13456013547.908598,116000.05839614305,1.3079436644210123
3516030,35.16.03,2022,1413369.482,28120909202.0,167692.90146574483,11.864760319322135,6031255.37005309,28720673264.382137,169471.74768787314,2.80989176033482
3516030,35.16.03,2023,1119819.132,4832585461.0,69516.79984723117,6.207859632034861,6090790.850650644,4656563766.547857,68239.01938442446,1.1203638584492666
3516030,35.16.03,2024,1172800.448,3413457772.0,58424.80442414848,4.981649224621415,5921400.769440044,3296782353.976752,57417.613621403245,0.9696626838320375
3516030,35.16.03,2025,1271829.121,9659651964.0,98283.52844703938,7.727730622315211,642056.1063496268,8148364804.122006,90268.29345967501,14.059253166034075
3516040,35.16.04,2018,1330028.808,147000000000.0,383405.7902536163,28.826878632061653,1277199.1738019295,204792301583.1547,452539.8342501516,35.43220537036868
3516040,35.16.04,2019,1004394.405,6.5e-22,2.5495097567963925e-11,2.538355196031177e-15,1238727.9569305365,1.2206794398843348,1.1048436268922108,8.919178910193648e-05
3516040,35.16.04,2020,1457375.359,2419360038.0,49186.990536116355,3.375039260295079,1018105.3261865482,2398440956.3720126,48973.88034832458,4.810296055690318
3516040,35.16.04,2021,1169230.121,4833552977.0,69523.75836359827,5.946114209248829,2524993.4578257687,5579788396.120515,74697.98120512036,2.9583435542617837
3516040,35.16.04,2022,1279124.778,6689079213.0,81786.79118904225,6.393965045139815,1720611.8431370636,5480028409.109488,74027.213976412,4.302377335811178
3516040,35.16.04,2023,1152385.961,2819916427.0,53102.88529825851,4.608081588583195,1519403.507594018,2911484968.1476045,53958.1779542972,3.5512737521410758
3516040,35.16.04,2024,1294179.759,23979577457.0,154853.40634613112,11.965370750797772,1498213.2936107519,22046714999.574905,148481.3624653778,9.9105623410624
3516040,35.16.04,2025,1308045.509,140000000000.0,374165.7386773941,28.60494807733743,1043143.3426248465,135391649300.94656,367956.04262051,35.27377567253869
3516050,35.16.05,2018,1241763.419,3384294283.0,58174.687648495375,4.684844694116035,2201348.403407764,3948050994.3093657,62833.51807999745,2.8543195608077743
3516050,35.16.05,2019,1590510.845,16728482042.0,129338.63321529263,8.131892569100504,1741284.7844117333,13258791221.446821,115146.82462598273,6.6127508640054735
3516050,35.16.05,2020,1179118.153,2554256969.0,50539.65738902471,4.286225028461987,1859089.5225107414,2544455486.191267,50442.595950161674,2.7132956933691843
3516050,35.16.05,2021,1409979.08,38110828721.0,195219.94959788307,13.845591921681777,7102401.202671999,40092581317.39945,200231.31952169584,2.819205981300615
3516050,35.16.05,2022,1506120.767,59979649981.0,244907.4314531921,16.26080967869638,4498666.103594478,67491677183.63948,259791.60337401106,5.774858533431388
3516050,35.16.05,2023,1403740.543,69610874156.0,263838.72755151015,18.795405523277683,4147640.591400662,76243344437.00325,276121.9738394669,6.657326442699807
3516050,35.16.05,2024,2110528.245,119000000000.0,344963.7662132068,16.344901662910786,4799021.859753718,107343766091.1428,327633.5851086436,6.827090909009893
3516050,35.16.05,2025,2375160.581,200000000000.0,447213.5954999579,18.82877305549043,982437.7586371874,191440442969.72784,437539.0759346276,44.536060639767214
3516060,35.16.06,2018,1006642.336,4198147598.0,64793.113816207355,6.436557603336023,2315527.4206791557,4116619570.3172493,64160.88816652439,2.7708973598639433
3516060,35.16.06,2019,1355647.541,7187566689.0,84779.51809841809,6.253802373726143,1286296.7274442501,7772564733.572452,88162.15023224225,6.853951219125939
3516060,35.16.06,2020,1534216.444,10198890049.0,100989.55415784348,6.582484143798128,1386649.6501402054,11140283948.501022,105547.54354555592,7.61169510516834
3516060,35.16.06,2021,1202564.805,13979159372.0,118233.49513568479,9.83177743470422,2450934.2026710324,16986588466.959204,130332.60707497262,5.3176705818106385
3516060,35.16.06,2022,1131692.259,3631405437.0,60261.14367484242,5.3248701840632116,1907466.3009659627,3567870903.411922,59731.65746412803,3.1314659364560846
3516060,35.16.06,2023,1457194.441,18519830833.0,136087.58515382657,9.33901347169815,1666076.0820705604,20319869379.458008,142547.7792863081,8.555898546310866
3516060,35.16.06,2024,1174427.805,22969037145.0,151555.39299213342,12.9046155367663,2121490.235744564,19222846899.920547,138646.48174375197,6.53533442707985
3516060,35.16.06,2025,1433684.157,30415701854.0,174400.98008325527,12.164532838822135,1477061.8241075508,25735716673.189144,160423.5539850341,10.860991149233913
3516070,35.16.07,2018,1024032.016,971951276.9,31176.133129366764,3.044449064311947,1970760.466880286,1018427810.2578304,31912.815768243177,1.6193147926678864
3516070,35.16.07,2019,1007414.716,5472751089.0,73978.04464163675,7.343355568138906,1344347.7723583945,4992798730.651392,70659.73910687324,5.25606101038235
3516070,35.16.07,2020,1134432.212,28486081151.0,168778.20105392757,14.877768743570158,1261061.886590286,32692321442.488335,180810.1806936997,14.33793080390227
3516070,35.16.07,2021,1100817.78,2694680969.0,51910.31659506615,4.7156139315869465,2948119.0828233603,2522538763.392303,50224.881915165344,1.7036245994197046
3516070,35.16.07,2022,1363186.009,46595348741.0,215859.55790976688,15.834930558604851,2434952.0533394963,49556604947.06005,222613.12842476307,9.142402952840605
3516070,35.16.07,2023,1265795.159,14538321102.0,120574.96051004951,9.525629771353037,2486551.123191822,15616691761.464745,124966.76262696712,5.0257065483759495
3516070,35.16.07,2024,1292082.707,9268789720.0,96274.55385510753,7.451113874795287,2805547.5751361367,9753839658.786278,98761.5292448749,3.5202229368747235
3516070,35.16.07,2025,1109327.187,10343050008.0,101700.7866636242,9.16778997715344,1050248.5517402624,9981988308.818602,99909.90095490337,9.512976789099362
3516080,35.16.08,2018,1053770.297,7678215569.0,87625.42763947004,8.315420152658758,2537248.0860530385,7846124747.954695,88578.35372118119,3.4911191462942166
3516080,35.16.08,2019,976678.5157,14550640742.0,120626.0367499488,12.350638906344155,1675604.5112210265,16150487901.895805,127084.5698812244,7.584401273103332
3516080,35.16.08,2020,1075778.292,13473199010.0,116074.10999012657,10.789779906632154,1479765.5502557808,13932483292.060064,118035.94067935437,7.976664996624066
3516080,35.16.08,2021,1306623.006,13625663777.0,116729.01857293241,8.933641764833002,3537856.4925877615,13186963152.302437,114834.50331804653,3.2458779365030415
3516080,35.16.08,2022,1242046.418,18484418485.0,135957.41423328116,10.94624260920989,3219228.2206790205,17510588040.03667,132327.57853159963,4.110537354313085
3516080,35.16.08,2023,1364513.825,29965961650.0,173106.79261658105,12.686334828200152,2824637.9757133466,28027664114.437897,167414.6472517799,5.926941742313022
3516080,35.16.08,2024,1839247.912,17186196265.0,131096.13367677934,7.127703275967037,3485429.082852087,17891382697.409298,133758.67335395227,3.8376529883230064
3516080,35.16.08,2025,1651487.787,9468879708.0,97308.16876295638,5.892151884436332,1291697.4815254118,10028779972.382187,100143.79647478015,7.752883156241565
3516090,35.16.10,2018,842224.7199,13815320664.0,117538.59223250889,13.95572813945245,1220737.2511494325,12025183797.46438,109659.3990384061,8.983046837896692
3516090,35.16.10,2019,1043917.206,8384483634.0,91566.82605616513,8.771464396781397,1082068.8701547016,8582794015.19561,92643.37005525873,8.561688873094894
3516090,35.16.10,2020,1110024.304,13749531102.0,117258.39459074987,10.563588037505697,1299938.2287897384,14939038843.452744,122225.3608849356,9.402397604594581
3516090,35.16.10,2021,1202593.729,5576039600.0,74672.88396734119,6.209319254428042,1578223.598785772,5385408141.738496,73385.34010099358,4.649869648220544
3516090,35.16.10,2022,1136590.451,16668487111.0,129106.49523164975,11.3591043385996,1727740.961456497,17157770756.379038,130987.67406278744,7.581441719849251
3516090,35.16.10,2023,1430306.719,39570380416.0,198923.05149479283,13.90771985143648,1523914.5483490708,44279346903.557014,210426.58316751954,13.8082928203215
3516090,35.16.10,2024,1254969.297,38217900926.0,195493.99204579153,15.57759162021886,2069028.1357695216,38601035364.13058,196471.46195855158,9.495833264030463
3516090,35.16.10,2025,1870330.332,10268549361.0,101333.85101238382,5.41796544057672,1039062.7065243553,11026016168.237246,105004.83878487337,10.105726836844383
3516091,35.16.18,2018,1156399.173,25863976768.0,160822.8117152539,13.907205701128072,1402155.7353911416,24716612000.375187,157215.17738556664,11.212390565282702
3516091,35.16.18,2019,1104044.436,5988858439.0,77387.7150392748,7.009474665680468,1087962.1389277875,7080468500.5607815,84145.51978899876,7.734232357747868
3516091,35.16.18,2020,1428586.901,12556832977.0,112057.27543091524,7.84392432497288,1072050.2040101015,12281390113.035988,110821.43345506766,10.337336165837195
3516091,35.16.18,2021,1275381.578,28516813658.0,168869.22057616065,13.240682121265564,1400899.261922068,30192102552.525124,173758.74813236058,12.403372095004128
3516091,35.16.18,2022,1252698.763,167000000000.0,408656.33483405097,32.62207538669462,1654526.779692541,149736627977.7852,386958.1734216053,23.3878458886905
3516091,35.16.18,2023,1322869.835,105000000000.0,324037.034920393,24.495005203621794,1618762.7052715095,112420707865.55147,335291.9740547803,20.712855130829254
3516091,35.16.18,2024,1239008.453,54088335168.0,232568.99012551093,18.770573321141896,2169047.3423499875,56860910152.17951,238455.25817683182,10.993547882568798
3516091,35.16.18,2025,1810121.909,6640975793.0,81492.18240420366,4.502027294350795,851288.9994844522,8297337170.917717,91089.72044593022,10.700211150513505
3516100,35.16.09,2018,960455.8869,14012927283.0,118376.21079845393,12.325002367420435,1281768.1132221245,12993288295.065374,113988.10593682736,8.89303648304081
3516100,35.16.09,2019,1403345.639,71329336976.0,267075.52672605554,19.03134333437406,1087908.0014887464,69568313856.92375,263758.0593212722,24.244518742424248
3516100,35.16.09,2020,1012628.522,2518839707.0,50188.04346654689,4.956214680524957,1415267.8769873984,2719342981.377584,52147.31998269503,3.6846254218458006
3516100,35.16.09,2021,1333089.869,14480565815.0,120335.2226698401,9.026789976290797,1359723.891093067,16144933330.465527,127062.71416298932,9.344743811248696
3516100,35.16.09,2022,1888491.68,7320649973.0,85560.79693995375,4.530641985139895,1613282.5088647287,7866819731.335912,88695.0941785165,5.497803000475812
3516100,35.16.09,2023,1380112.951,17470829312.0,132177.26473187437,9.577278775342378,1784599.0958707589,14364914352.939825,119853.72064704468,6.716002542216043
3516100,35.16.09,2024,1620877.613,5841664529.0,76430.78260099134,4.715395042043273,1729036.5135026837,6131883058.518847,78306.34111308513,4.528900373217224
3516100,35.16.09,2025,1200964.058,10038220879.0,100190.9221386848,8.342541266849869,1374475.6812060548,10141035162.45814,100702.70682786108,7.326627033480719
3516110,35.16.11,2018,955227.8219,22685758975.0,150617.92381718717,15.76774884106704,1118709.6957982548,23573199575.39102,153535.66222669906,13.7243525110546
3516110,35.16.11,2019,1149199.66,32368093976.0,179911.35032565345,15.655360559857238,1442576.0006493514,36104434235.334045,190011.66868204187,13.17169207005463
3516110,35.16.11,2020,1183258.848,7437393925.0,86240.32655898284,7.288373689725651,1765216.5555589728,8299838914.0067625,91103.45171291131,5.161035422311826
3516110,35.16.11,2021,1259778.101,21617564437.0,147029.12785227285,11.67103379043996,1618281.6608752033,22395153017.101963,149650.10196154885,9.247469434994073
3516110,35.16.11,2022,944206.9593,52152095084.0,228368.33205153467,24.18625808698111,2124714.2574938615,43210939654.019035,207872.41195988233,9.783546715833289
3516110,35.16.11,2023,808123.7568,30707287105.0,175234.9482979922,21.684172358932464,1713341.9184783923,27034355499.525944,164421.27447360923,9.596524353973122
3516110,35.16.11,2024,934115.9221,41035485585.0,202572.173767771,21.685978043535055,1961660.9786905237,45242414425.41113,212702.64320269067,10.84298691329819
3516110,35.16.11,2025,1091411.331,3473776450.0,58938.751683421324,5.400232708727606,1069353.8020223875,3330331410.3732038,57709.023647720845,5.396625844372569
3516120,35.16.12,2018,715551.4504,860348756.7,29331.70224688639,4.099174452164089,1439629.6909447212,847501728.0773153,29111.882935964746,2.0221785587695678
3516120,35.16.12,2019,775726.4849,3698374501.0,60814.26231567723,7.839652699690521,1184041.4164528558,3775394895.909079,61444.2421705165,5.189365956014512
3516120,35.16.12,2020,1322922.357,22574965439.0,150249.6770013167,11.357407047080141,1258517.849971093,27387461069.3776,165491.57401323368,13.149720047040642
3516120,35.16.12,2021,921327.8924,8553667634.0,92486.04021148273,10.03834150408304,1528474.7498169336,8114102458.739414,90078.31292125433,5.893346483613358
3516120,35.16.12,2022,846608.7539,2695310997.0,51916.38466804098,6.132275910080331,2025105.0234270922,2726730685.120864,52218.10687032673,2.5785382124013423
3516120,35.16.12,2023,1087870.47,3575066055.0,59791.856092615155,5.496229352802927,1867474.199674936,3884877896.062273,62328.78866191988,3.337598381427128
3516120,35.16.12,2024,881482.1966,3766642500.0,61372.97858178304,6.962475115040008,2836773.1529366197,3915899613.7100825,62577.14929357267,2.205927154548575
3516120,35.16.12,2025,1166825.586,17039258797.0,130534.51190011016,11.18714857355812,677270.6338527005,18493288535.340317,135990.03101455752,20.079127045708287
3516130,35.16.13,2018,909158.1952,17351025943.0,131723.29309199646,14.488489878598024,2269375.020248301,15419450566.736843,124175.080296881,5.471774351481781
3516130,35.16.13,2019,1077395.73,6550678623.0,80936.26271950046,7.512213058381108,1164547.553987401,4934747208.493012,70247.75589649119,6.032192988252258
3516130,35.16.13,2020,1350366.54,131000000000.0,361939.2214170772,26.80303537564528,1298266.7231067,129458330533.59438,359803.18305094854,27.714118882285916
3516130,35.16.13,2021,1250223.892,84807546039.0,291217.35188515123,23.293216019035352,4987594.899605203,86711525434.05096,294468.20784942294,5.904012129628486
3516130,35.16.13,2022,1585251.46,352000000000.0,593295.878967653,37.42597902844089,3191081.7127309586,399236041428.38196,631851.2811005308,19.80053593048817
3516130,35.16.13,2023,1590264.116,287000000000.0,535723.8094391549,33.68772545699289,3176362.72702598,342101415187.1011,584894.3624169249,18.413966309337724
3516130,35.16.13,2024,1753756.266,407000000000.0,637965.5163094632,36.377091200052945,3846947.8285554512,370521602895.02026,608704.8569668393,15.82305984106395
3516130,35.16.13,2025,2067582.336,141000000000.0,375499.66711037175,18.16129208362379,891586.5584871885,143833293964.57175,379253.60112274706,42.53693570327604
3516140,35.16.14,2018,1122544.698,10846351061.0,104145.81633939983,9.277654290733626,1224376.0125855312,10056807850.987696,100283.63700518492,8.190591450204469
3516140,35.16.14,2019,1063127.796,2261687766.0,47557.20519542754,4.4733291119243335,1121131.3692545549,2296733220.118201,47924.244596218734,4.274632385684095
3516140,35.16.14,2020,871401.8849,12604614941.0,112270.27630232323,12.883868883897021,1082277.9824805418,11280076848.420208,106207.70616306619,9.813348130730885
3516140,35.16.14,2021,1073886.218,3985589709.0,63131.5270605741,5.878791067656117,1820672.2812938546,4160721961.7736316,64503.65851464265,3.5428483850373857
3516140,35.16.14,2022,1031961.26,14165627080.0,119019.43992474506,11.53332441226961,1551787.6926466932,15563918883.41311,124755.43628801557,8.039465506730215
3516140,35.16.14,2023,1328249.781,13391841174.0,115723.12290117305,8.712451871367788,1361766.6145556008,13955334652.040974,118132.69933443904,8.674959282431114
3516140,35.16.14,2024,1089999.134,33740671551.0,183686.3401317583,16.85197119906687,1722942.8164993003,32476000299.04035,180210.98828606526,10.459487486196466
3516140,35.16.14,2025,928453.8672,15436409997.0,124243.34991056865,13.381747257433219,947580.3891160451,16133655489.412771,127018.32737606321,13.404490936600416
3516150,35.16.15,2018,1262500.68,3869967977.0,62209.06667841915,4.927448172021511,1694201.8141503835,3906085201.3474636,62498.681596874216,3.688975013181435
3516150,35.16.15,2019,706451.3956,3783975418.0,61514.02618915462,8.70746757275634,1273395.299003195,3131869729.0288105,55963.110430254055,4.394794803629446
3516150,35.16.15,2020,1107727.172,105000000000.0,324037.034920393,29.25242271843387,879432.4018213372,133970759266.96461,366020.1623776546,41.62004511314494
3516150,35.16.15,2021,1431833.293,22738277680.0,150792.16717057952,10.53140529053053,1263956.137314655,18693580219.96662,136724.46825629502,10.817184569930864
3516150,35.16.15,2022,1134613.146,4157686656.0,64480.12605446736,5.6830053733986405,2023388.4553729235,4617007004.147174,67948.5614575259,3.358157020076629
3516150,35.16.15,2023,1213194.062,131000000000.0,361939.2214170772,29.83358003091489,1535263.1173381573,137705700800.42798,371087.1875993942,24.170917897303884
3516150,35.16.15,2024,876236.7317,11419672746.0,106862.86888344333,12.19566185910936,2071966.9518986824,11359453064.765686,106580.7349607127,5.143939909999318
3516150,35.16.15,2025,1282125.846,34916945432.0,186860.76482771873,14.57429201748724,754353.3030783484,35965772815.162544,189646.44160954494,25.140267940186632
3516160,35.16.16,2018,999922.9107,23738521007.0,154073.10280188426,15.408498110521817,1464601.5992939756,20085058270.84919,141721.76357514464,9.676471993712344
3516160,35.16.16,2019,1474931.179,60084632300.0,245121.6683608367,16.61919361736109,1399926.4046653449,53205941211.71516,230664.13074363157,16.476875496806727
3516160,35.16.16,2020,1258281.763,7779494281.0,88201.44149048813,7.009673356482408,1963626.0397599014,8127424646.0735655,90152.23039988287,4.591109945298244
3516160,35.16.16,2021,1250584.731,3087985427.0,55569.64483420782,4.4434929882578125,2995339.526447079,3176729597.277928,56362.483952341274,1.8816726269157078
3516160,35.16.16,2022,1419365.814,29909622264.0,172943.9859145151,12.184595698210545,2824436.3468227065,25440819893.976784,159501.78649148977,5.647207686975071
3516160,35.16.16,2023,2022989.338,247000000000.0,496990.9455915671,24.567155953620112,3052619.2005946864,262127888231.40845,511984.2656092162,16.771966366111947
3516160,35.16.16,2024,1407092.162,8574907306.0,92600.79538535293,6.581004278620446,4532305.298299477,7649382768.681362,87460.74987490881,1.9297188542820385
3516160,35.16.16,2025,1687591.212,25205606300.0,158762.73586707935,9.40765362714388,753061.4800254105,30358156258.939884,174235.9212646459,23.137011503863757
3516170,35.16.17,2018,1003202.102,9814735219.0,99069.3455060646,9.875312791765323,1326187.459217116,8781533224.988293,93709.8352628383,7.066107782240508
3516170,35.16.17,2019,1207909.944,44267979.87,6653.4186603579965,0.5508207539318012,994628.960551373,40504902.12362906,6364.346166231773,0.6398713911068601
3516170,35.16.17,2020,1005847.387,30627240160.0,175006.40034010186,17.398901921102457,1040142.0038837079,29322413907.87619,171237.88689386524,16.462933547005406
3516170,35.16.17,2021,1142274.89,2998537552.0,54758.90386046821,4.793846414716182,1335149.3391088466,2743329354.3073573,52376.80168077617,3.922917095980842
3516170,35.16.17,2022,1404894.945,5758225208.0,75882.97047427703,5.4013270347610955,1508546.9074794196,5887923433.935666,76732.8054611303,5.086537586646249
3516170,35.16.17,2023,1520981.855,10026059691.0,100130.21367699163,6.583261552255114,1344186.3717199797,12137721620.733746,110171.3284876503,8.196134911461604
3516170,35.16.17,2024,1442674.525,14270773126.0,119460.34122670167,8.280477623787089,1707133.7629475521,13815912443.091303,117541.10958763024,6.885289960212767
3516170,35.16.17,2025,1503900.377,63195397519.0,251386.94778965754,16.715664922641185,1111641.0286868406,61913394812.4623,248824.0237848072,22.383486877840237
3517010,35.17.18,2018,870112.5789,5631053126.0,75040.34332277538,8.62421083690592,847952.6019256938,6127780227.99749,78280.1394224454,9.231664511043638
3517010,35.17.18,2019,840415.9316,1033960647.0,32155.25846576264,3.8261124351301667,974319.9730786184,1078910797.9254694,32846.77758815116,3.371251590415743
3517010,35.17.18,2020,953187.3144,26632204982.0,163193.7651443829,17.120849457287203,1055530.5645941517,27990731178.220947,167304.30711198365,15.850256991498076
3517010,35.17.18,2021,1204449.734,932001604.5,30528.70132350867,2.534659642633843,1268085.6919308507,1020558950.9994718,31946.1883641769,2.5192452345656577
3517010,35.17.18,2022,956815.2796,31639803285.0,177875.80859970814,18.590402180248393,1544223.4432479094,26150345423.393864,161710.6843204674,10.471974443047385
3517010,35.17.18,2023,817829.5324,5254769595.0,72489.78959136245,8.86367962020571,1343819.26231388,4797116013.405169,69261.21579502607,5.1540573749305665
3517010,35.17.18,2024,1093946.316,8674055256.0,93134.60826137618,8.51363608060052,1427472.7836042724,7750874899.004517,88039.05326049637,6.167476835404434
3517010,35.17.18,2025,1085870.006,1551207275.0,39385.368793499954,3.627079537686388,866385.6688894243,1645353392.3834887,40562.9559127967,4.68185905761718
3517020,35.17.01,2018,632369.5656,3509993174.0,59245.19536637549,9.36876133660274,1250565.9180510016,3832018475.1889105,61903.29938855368,4.95002290523234
3517020,35.17.01,2019,1207346.732,25978742943.0,161179.22615213165,13.349870578200369,945518.6704144623,27965917079.261696,167230.13209126427,17.68660284814471
3517020,35.17.01,2020,1075764.913,18387593369.0,135600.86050243193,12.605064439616273,1412345.599797991,17846013153.12721,133588.97092622283,9.458660185249995
3517020,35.17.01,2021,1314950.808,5832242.924,2415.0037109702334,0.18365734263803984,1958577.0438741667,5838495.251382519,2416.2978399573426,0.12337006846448995
3517020,35.17.01,2022,1241211.782,10842022235.0,104125.03174069144,8.388981900648075,2266937.7282070764,8879807086.442076,94232.72831899794,4.156829150905998
3517020,35.17.01,2023,1977380.564,182000000000.0,426614.5801540308,21.57473315561682,2205516.466918968,198790595212.59036,445859.3895081614,20.215645459723632
3517020,35.17.01,2024,1200705.591,52820746538.0,229827.64528663649,19.14104898064362,3371976.0463958466,46625510927.63839,215929.41190962936,6.403646079883236
3517020,35.17.01,2025,1135378.555,15554942357.0,124719.45460512566,10.984834446263227,827473.0353501493,14208401888.960037,119199.00120789619,14.40518253956838
3517030,35.17.02,2018,1156588.49,6351316198.0,79695.14538539974,6.890535923057624,1072015.2431427336,5344429765.168441,73105.60693386274,6.819455917393992
3517030,35.17.02,2019,1142012.367,27587227.55,5252.354476803713,0.45992098059334874,1257009.804851143,24791866.363459606,4979.143135466142,0.3961101270849498
3517030,35.17.02,2020,1174275.661,19667982230.0,140242.5835115711,11.942901327967752,1419928.9746077782,19207212033.056953,138590.0863447922,9.760353427753273
3517030,35.17.02,2021,1336555.939,6778569381.0,82332.06775613011,6.1600166034001,1474541.4911750997,6938025765.971,83294.81235930002,5.648861890818702
3517030,35.17.02,2022,1194104.598,3792640070.0,61584.41418086235,5.157371831915712,2686345.616610378,4382497874.916918,66200.43712028583,2.4643306025461205
3517030,35.17.02,2023,1408862.684,63600690165.0,252191.7725957768,17.900379892223537,2748667.837464857,64491597971.86409,253951.95996854227,9.239092352561832
3517030,35.17.02,2024,1229795.745,10762498027.0,103742.46009710777,8.435747197768013,4292982.15319005,10541171623.69769,102670.20806299016,2.3915824571201045
3517030,35.17.02,2025,996835.2873,15346420392.0,123880.66996912795,12.42739613529008,466201.6967961471,15284899441.473173,123632.11330990493,26.51901830463837
3517040,35.17.08,2018,869953.5767,3032044942.0,55064.00768196954,6.329534029947226,2815161.177742719,3234417819.777876,56871.942289479404,2.020201995506383
3517040,35.17.08,2019,1097013.987,14307040503.0,119612.04163043117,10.903419924255822,3027304.9395397482,14181551469.082275,119086.31940354138,3.933740464931375
3517040,35.17.08,2020,957622.8778,8769513703.0,93645.6817103704,9.778972900637859,3372861.3204211504,9039685379.868229,95077.26005658887,2.8188902840724297
3517040,35.17.08,2021,1134039.396,12456898048.0,111610.47463388013,9.84185161710909,7952902.092879286,12188999822.252258,110403.80347729084,1.3882203274719305
3517040,35.17.08,2022,980487.7717,19074681193.0,138111.119005676,14.085960375233919,16773764.218632616,22785665786.095947,150949.21591745995,0.8999125893863625
3517040,35.17.08,2023,985241.0943,22048250552.0,148486.53323449907,15.071086061427094,22053142.065211255,23032948621.82392,151766.09839428542,0.6881835610794701
3517040,35.17.08,2024,1499314.023,22628727319.0,150428.47908225356,10.033153613894635,39922093.97565605,21379482977.154858,146217.24582673158,0.36625645417270164
3517040,35.17.08,2025,1274220.481,27088147306.0,164584.7724001221,12.91650659004924,403770.5256420634,25596602518.670258,159989.38251856045,39.62383887832087
3517050,35.17.03,2018,797982.3164,339657994.6,18429.812657756454,2.30955151248217,2061626.8803744435,308575790.3367472,17566.325464841735,0.8520613323421183
3517050,35.17.03,2019,563787.1333,11188435154.0,105775.39956908695,18.761584527471328,1750446.3121971898,9782529873.824297,98906.6725444967,5.65036881481657
3517050,35.17.03,2020,882011.5267,13945388354.0,118090.59384218542,13.388781242351241,1421054.844345359,15560285103.489296,124740.87182431144,8.77804768202146
3517050,35.17.03,2021,964780.0714,11027766171.0,105013.1714167323,10.884674604062546,2998880.7580130417,12974997380.641941,113907.84600123882,3.7983452892175134
3517050,35.17.03,2022,843268.7917,14200036306.0,119163.90521462445,14.131188819924695,3804241.619317489,11744295495.653923,108371.10083252787,2.848691320820219
3517050,35.17.03,2023,1072838.793,13936751732.0,118054.02039744347,11.003891839828677,3506874.9429880534,13433617393.579273,115903.48309511355,3.3050361070576786
3517050,35.17.03,2024,1073935.5,15201259682.0,123293.38863864518,11.480520816999269,5289841.686141825,12533236910.006248,111951.9401797318,2.116357101442568
3517050,35.17.03,2025,1375004.576,28614101640.0,169157.0324875676,12.30228869344269,926456.1918262804,29193275152.746838,170860.39667736593,18.44236113750362
3517060,35.17.07,2018,768356.6392,9355040275.0,96721.45715920537,12.588094151162684,1760439.8794463575,10476714342.869448,102355.82222262419,5.814218560807324
3517060,35.17.07,2019,734689.8383,7526014779.0,86752.60675622376,11.808058616539567,1478196.113371565,7927696522.826285,89037.61296680344,6.023396500733635
3517060,35.17.07,2020,987204.2928,31476680820.0,177416.6869829329,17.971628393118845,1430527.2335216803,30802056299.60536,175505.1460772742,12.268563782963755
3517060,35.17.07,2021,1084491.656,11681239912.0,108079.78493686968,9.965939741344556,3426124.7357523195,11660492765.506996,107983.76158250368,3.151775545579845
3517060,35.17.07,2022,1080478.217,21431216282.0,146394.0445578303,13.549004714255178,4713321.557785411,20158722296.075096,141981.41531931245,3.012343070138916
3517060,35.17.07,2023,1082547.953,10554147358.0,102733.37995997211,9.489961130615349,5665492.439194998,10734536820.652962,103607.60985879831,1.8287485328198547
3517060,35.17.07,2024,1185447.474,59948190342.0,244843.1954169852,20.654073738992608,8260070.113482266,60914715114.07645,246809.06610997184,2.987977858772951
3517060,35.17.07,2025,1123256.035,18500283933.0,136015.7488418161,12.10906014333732,502588.560501045,19630328244.858868,140108.2732919754,27.877330345978713
3517070,35.17.04,2018,763601.8445,2356566033.0,48544.4747937394,6.357301929453288,1013834.3882311722,2155886067.5132446,46431.520193864475,4.579793379752401
3517070,35.17.04,2019,782020.0947,7256644043.0,85185.93805904822,10.893062548696706,849656.5057390472,7052553935.368417,83979.48520542632,9.883933641204734
3517070,35.17.04,2020,756000.0946,3788149880.0,61547.94781306684,8.141261919501728,937922.7374241506,3553534981.4668384,59611.5339633769,6.355697712062095
3517070,35.17.04,2021,1099941.009,7298556375.0,85431.58885915678,7.766924604150001,990489.145232988,7502874733.503526,86619.1360699443,8.74508685802602
3517070,35.17.04,2022,959193.9366,15034076141.0,122613.52348334175,12.782975246691288,1258919.9608265625,16320790612.468346,127752.84972347328,10.147813498770427
3517070,35.17.04,2023,1116628.621,18139984497.0,134684.75970576628,12.061732716930445,997976.916776914,20666564126.241936,143758.70104533478,14.405012643941777
3517070,35.17.04,2024,1372454.825,6894734399.0,83034.53738655982,6.050074353927084,1329273.5119743834,7823631149.242285,88451.29252442998,6.654107806079155
3517070,35.17.04,2025,1178431.875,22291886706.0,149304.6774418002,12.669775878372281,1165980.7891028319,22648072463.85577,150492.7654867694,12.9069678414313
3517080,35.17.05,2018,904343.4788,3352864635.0,57903.925903171716,6.402868739652565,805209.1554904287,3685279188.2942424,60706.50037923651,7.539221327191941
3517080,35.17.05,2019,706023.8019,6197361426.0,78723.32199545443,11.150236264499858,951946.4587930731,5284025783.158708,72691.30472868614,7.636070711460803
3517080,35.17.05,2020,819078.8516,8323867979.0,91235.2343067085,11.138760832182191,962851.0072348255,7977348686.059231,89316.00464675539,9.276202026651928
3517080,35.17.05,2021,1089068.453,3077874479.0,55478.594782131964,5.094132938045169,1011666.289254478,2999299262.754471,54765.858550327415,5.413431200785166
3517080,35.17.05,2022,1441775.812,34721423173.0,186336.85403859324,12.92412124601472,1813785.5343140138,33836254834.06792,183946.33683242492,10.141570398067746
3517080,35.17.05,2023,841555.9348,5165699099.0,71872.7980462706,8.540465948154893,2034173.1988213914,5288783620.684859,72724.0236832703,3.575114632589147
3517080,35.17.05,2024,1583814.935,23349826465.0,152806.50007444056,9.6480022190497,2120030.5959818736,20958221151.829105,144769.54497348226,6.828653569805369
3517080,35.17.05,2025,1075828.841,53096299148.0,230426.3421312763,21.418494592233774,841736.0307631432,61150198936.84773,247285.66261885813,29.37805363929372
3517090,35.17.06,2018,813584.9137,5909589246.0,76873.85281095257,9.44878051651028,1568244.7969208132,5070195482.260557,71205.30515530818,4.540445808914334
3517090,35.17.06,2019,964890.7496,1222461298.0,34963.71401896543,3.623593037186832,1275003.397864132,1245287160.1952784,35288.62649913253,2.7677280357250456
3517090,35.17.06,2020,722926.7979,2770216085.0,52632.84226602246,7.280521681989575,1403514.3233006746,2767458233.832419,52606.636785033304,3.748208045452443
3517090,35.17.06,2021,915811.6734,5758050079.0,75881.8165241186,8.28574462721176,2030861.897709419,5434145752.022177,73716.65857879192,3.629821341467675
3517090,35.17.06,2022,995393.6469,31781208139.0,178272.8474529983,17.90978353219368,2403599.063148715,37295889886.723885,193121.43818521,8.034677710858352
3517090,35.17.06,2023,1046062.061,12188494160.0,110401.51339542407,10.554011804030438,2361493.008185604,12909789362.460249,113621.25400848316,4.811416066642573
3517090,35.17.06,2024,907474.8241,4431427596.0,66568.96871666257,7.335627055294147,3046162.211016975,4253251834.3572874,65216.959714151715,2.14095491954707
3517090,35.17.06,2025,870524.0407,4012114060.0,63341.25085597852,7.276220746878509,764416.1237180849,4190568209.516194,64734.59824171456,8.468502460001556
3517100,35.17.11,2018,922865.4759,1354439199.0,36802.706408632504,3.9878733542114193,1036957.7852859047,1344866335.9862216,36672.41928188297,3.536539269221248
3517100,35.17.11,2019,866415.1002,7858939887.0,88650.66207874593,10.231892548765845,1586717.2186853033,7488550963.355039,86536.41408883914,5.453801916925064
3517100,35.17.11,2020,1043647.227,13007091021.0,114048.63445477987,10.92789129355679,1667163.8867140976,13716958578.812542,117119.42016084498,7.0250694064446115
3517100,35.17.11,2021,1351453.751,13900153407.0,117898.91181431658,8.723858417432192,9115921.167742135,12937485283.666899,113743.06696967028,1.2477407919252836
3517100,35.17.11,2022,1158774.463,17848663746.0,133598.89126036936,11.52932650193978,5359622.569462089,17855029955.26057,133622.71496740577,2.493136657210857
3517100,35.17.11,2023,1532130.139,49425990726.0,222319.56892275586,14.510488584726932,4478677.565960472,47184203308.622765,217219.2516988832,4.85007568639962
3517100,35.17.11,2024,1039637.308,6092362352.0,78053.58641343779,7.507770817074006,6453294.195072399,7707585503.617515,87792.85565248186,1.3604347330006843
3517100,35.17.11,2025,883702.6308,17309428199.0,131565.30013267175,14.887960672196716,508086.02739025006,15550272795.444622,124700.73293868253,24.543232093824646
3517110,35.17.19,2018,1009255.483,8209073297.0,90603.93643214405,8.977304355367476,977739.6804354013,8178324909.752039,90434.091523894,9.249301560884021
3517110,35.17.19,2019,857023.2496,1967600435.0,44357.64235168501,5.175780513817815,1201673.4969381397,2361387207.4016447,48594.10671472051,4.043869390357543
3517110,35.17.19,2020,934440.1538,1097208623.0,33124.139581278185,3.5448112376780214,1113985.8208526082,1112130494.719576,33348.62058196075,2.99363061519372
3517110,35.17.19,2021,1120526.47,7461713385.0,86381.2096754844,7.708984302306075,2130005.874576755,7450091445.5877,86313.91223660123,4.052285172863776
3517110,35.17.19,2022,941933.2704,2608367700.0,51072.18127317454,5.422059383409008,2934820.546587063,2656071373.4641767,51537.08735914532,1.7560558317297594
3517110,35.17.19,2023,887861.6116,4012448062.0,63343.8873294022,7.134432495087976,3099343.286389496,4311162549.600362,65659.44371985161,2.118495360232908
3517110,35.17.19,2024,958450.8136,6943249438.0,83326.1629861834,8.693838202630891,4177534.958754986,7171553845.667052,84685.02728149205,2.027153048809683
3517110,35.17.19,2025,1110126.421,14222115674.0,119256.51208215005,10.742606411864692,576052.8498266961,12828828968.996172,113264.42057855667,19.662157840662008
3517120,35.17.10,2018,1057123.443,4597618997.0,67805.74457227057,6.414174713583622,1322683.019927358,5197151905.294251,72091.27482084258,5.450381817466882
3517120,35.17.10,2019,1052186.278,32531700632.0,180365.46407779955,17.141970756417674,1351134.0390827,35566565893.80465,188591.00162469217,13.957978717842733
3517120,35.17.10,2020,984355.4041,5426042682.0,73661.67715983665,7.483239981517224,1398406.852699805,4413654890.723472,66435.3436863502,4.750787909690817
3517120,35.17.10,2021,1251286.189,13478320325.0,116096.16843376012,9.278146714505144,2226561.1845654966,12800213621.731247,113138.02906950098,5.081289921596264
3517120,35.17.10,2022,881712.2084,353352250.2,18797.666083852004,2.131950301330545,2957238.84014833,342404309.7235269,18504.170063083806,0.6257245715789282
3517120,35.17.10,2023,1269296.159,23593640309.0,153602.214531562,12.101369207055326,2547062.9139738586,26314779248.135033,162218.30737661835,6.3688378675943165
3517120,35.17.10,2024,1046102.203,473585108.1,21762.010663079825,2.08029488903388,4162304.0742862867,410139192.50288016,20251.893553514452,0.48655487903024136
3517120,35.17.10,2025,1060395.407,24418580284.0,156264.4562400548,14.736432769182564,612020.7711139135,22828151397.496727,151089.8785408762,24.68705077866619
3517130,35.17.09,2018,1505538.264,42484555087.0,206117.81846070464,13.690639646253763,4153558.459628667,47572413121.4722,218111.01100465376,5.251184330848521
3517130,35.17.09,2019,1522075.909,39681463134.0,199202.0660886829,13.087525064341776,5527818.460690706,38291737572.052345,195682.7472519035,3.5399633443724334
3517130,35.17.09,2020,1557479.16,40606557574.0,201510.68848574758,12.938259057395515,5759513.754391582,42393421509.37446,205896.628212738,3.5748960240913306
3517130,35.17.09,2021,1444512.995,18027841337.0,134267.797095953,9.295021752016359,12044480.063124847,20885652325.43563,144518.69195863776,1.199874890416345
3517130,35.17.09,2022,1276395.18,17465614098.0,132157.53515407286,10.353966955130062,27841291.848432694,15848360749.234003,125890.27265533268,0.45217108940445805
3517130,35.17.09,2023,1356520.146,70286842758.0,265116.65877119073,19.543879208351303,42984637.05163582,60928981025.81983,246837.9651225067,0.5742469450794468
3517130,35.17.09,2024,1090033.94,5320822396.0,72943.96750931499,6.6918987411818565,85695902.68058047,5648486207.091713,75156.4116166526,0.08770128940328413
3517130,35.17.09,2025,1581867.207,19201903560.0,138570.9333157571,8.759959919679726,167635.35173423885,17131968525.972967,130889.14594408876,78.079679846763
3517140,35.17.20,2018,1057385.129,7824640206.0,88456.99636546563,8.36563650645645,741571.9454689228,8069214363.862096,89828.8058690646,12.11329614313586
3517140,35.17.20,2019,708155.1345,6177898634.0,78599.60963007386,11.099207758420038,1003966.0874195686,7044598591.419402,83932.10703550461,8.36005399855986
3517140,35.17.20,2020,949820.8823,13808242669.0,117508.4791366138,12.371646204710295,876326.6285791501,15409897674.04062,124136.60891953115,14.165563942842017
3517140,35.17.20,2021,996968.8614,15774520822.0,125596.65927881999,12.597851762636806,930160.5425604597,15390578048.582047,124058.76852758956,13.337350150984914
3517140,35.17.20,2022,940321.2116,21178494512.0,145528.32889853438,15.47644859046742,1834129.6396088507,19925169014.29508,141156.54081301042,7.696104886190796
3517140,35.17.20,2023,932209.1563,9534441633.0,97644.46544991682,10.474523318079623,1947633.905746844,9758295018.679409,98784.08282045953,5.072004678547613
3517140,35.17.20,2024,804275.2717,1060950989.0,32572.242615454037,4.049887365877351,2835045.260467769,1101279301.3932273,33185.52849350493,1.1705466913085356
3517140,35.17.20,2025,921544.2021,17432266455.0,132031.30861655503,14.327181302392683,384620.41340951435,18894225757.314754,137456.26852681095,35.73816254532961
3517150,35.17.13,2018,1179698.809,19771716019.0,140611.93412722833,11.919307966956534,1054139.3211632564,17967463809.39096,134042.76858298236,12.715849403574515
3517150,35.17.13,2019,884744.4099,5034452406.0,70953.8752007246,8.019703137626413,1311401.7913343445,4999208521.20966,70705.08129695956,5.391565099588395
3517150,35.17.13,2020,766256.2567,2028001217.0,45033.33450900566,5.877059288618225,1236812.6496317585,2193984967.8997197,46839.99325255844,3.7871534760340873
3517150,35.17.13,2021,1289481.959,29738717486.0,172449.17363095714,13.373523563268181,1307675.6529243719,24118564182.02705,155301.52665710356,11.876150351947041
3517150,35.17.13,2022,1251115.008,82128721216.0,286581.0901228481,22.906054862291935,2277197.3897726326,83083656051.15758,288242.3564488009,12.657767734292921
3517150,35.17.13,2023,1137573.136,12224928811.0,110566.40000922522,9.719498158861693,2398591.553858941,14032151703.315838,118457.38349007982,4.9386225553701
3517150,35.17.13,2024,1064433.417,17974073319.0,134067.42079640378,12.595190892659074,2985785.847619225,16805777874.527779,129637.10068698613,4.341808398293361
3517150,35.17.13,2025,929579.3573,70780043453.0,266045.190621819,28.619954663640314,727211.536354739,72055978253.70886,268432.4463504903,36.91256710475878
3517160,35.17.12,2018,882052.0028,6704211005.0,81879.24648529687,9.282813963958823,1088887.7238376339,5247300427.569073,72438.25251598131,6.652499695807271
3517160,35.17.12,2019,746499.2123,2430150865.0,49296.56037696748,6.603698914173319,1167850.1485499423,1785372347.7241266,42253.66667786509,3.6180726380288797
3517160,35.17.12,2020,816091.7897,716636859.4,26770.073952083134,3.2802773278633235,1219514.469976222,635900791.3817298,25217.073410325193,2.0677961624200223
3517160,35.17.12,2021,1031321.86,2479646350.0,49796.04753391578,4.8283711870429835,1444005.8505254441,2683002533.0595183,51797.7077973487,3.5870843444644342
3517160,35.17.12,2022,924978.2848,7016084874.0,83762.07300443322,9.05557183134784,2187826.2530658194,6840623364.989577,82708.0610641404,3.7803761129678786
3517160,35.17.12,2023,1073909.079,8791237004.0,93761.59663742933,8.730869164895974,2142960.447312518,8464705546.752262,92003.8344133127,4.293305297757338
3517160,35.17.12,2024,938210.0257,5402531499.0,73501.91493423827,7.834270890400939,2844463.722632056,5846862388.305687,76464.77874358682,2.6881966584840806
3517160,35.17.12,2025,993309.0802,10221222868.0,101100.0636399404,10.17810726340931,681461.0480665353,10646592063.768715,103182.3243766524,15.141338550369804
3517170,35.17.17,2018,632506.5499,2945556253.0,54272.97903192711,8.58061929010976,564824.403958192,2668520936.241136,51657.72871740623,9.145803254143727
3517170,35.17.17,2019,822403.4675,2287486224.0,47827.672157444584,5.815597094068014,543852.057250452,2239075529.927445,47318.87075921661,8.70068801402466
3517170,35.17.17,2020,1012300.385,1629416195.0,40366.02773372678,3.9875543200279218,692116.5563600013,1706015192.6611292,41303.93676952754,5.967771813862445
3517170,35.17.17,2021,1164407.605,4209227868.0,64878.5624686614,5.571808547975037,841465.119593402,3950400317.0300484,62852.21012048859,7.469377952452613
3517170,35.17.17,2022,802597.6746,9809183351.0,99041.32143201644,12.340095737428697,1223606.0871406277,9688255705.945889,98428.93734032635,8.044168656461908
3517170,35.17.17,2023,1204068.115,3410709981.0,58401.28406978737,4.850330586969108,895703.1293459212,3040432188.7055416,55140.11415209023,6.15607028104901
3517170,35.17.17,2024,1225462.706,21268803174.0,145838.27746514286,11.900670395851513,1536654.039565363,21033261711.195095,145028.4858612097,9.437939973933917
3517170,35.17.17,2025,1379625.057,2248163486.0,47414.802393345475,3.4367890139984225,675645.7072388625,2194089610.8404546,46841.110264813906,6.932791811293794
3517171,35.17.21,2018,693101.4177,8.74e-22,2.9563490998188964e-11,4.265391794507213e-15,854807.7317228576,1.3450034256774768,1.1597428273878123,0.00013567294542953662
3517171,35.17.21,2019,975934.1228,5985679346.0,77367.1722761017,7.9274994560218595,529081.9262128904,5562787827.929918,74584.09902874686,14.096890355452423
3517171,35.17.21,2020,735168.4971,2.7800000000000003e-21,5.272570530585627e-11,7.171921200900471e-15,906689.4099359063,1.3238023078617984,1.150566081484153,0.0001268974875934071
3517171,35.17.21,2021,1254971.398,1.81e-20,1.345362404707371e-10,1.0720263480517752e-14,1547766.6423786967,1.3689718417397494,1.1700307011953786,7.55947743774351e-05
3517171,35.17.21,2022,2338880.805,2.57e-19,5.06951674225463e-10,2.167496834989259e-14,2884561.111311342,1.2249654480792072,1.1067815719821175,3.836914973449693e-05
3517171,35.17.21,2023,925660.535,3.3100000000000003e-22,1.8193405398660254e-11,1.9654511249807417e-15,1141624.8215080185,1.1681940549222212,1.0808302618460592,9.467473389535686e-05
3517171,35.17.21,2024,1218118.263,2.3999999999999997e-23,4.898979485566356e-12,4.0217601479031075e-16,1502315.3650739056,1.58433818970999,1.258704965315538,8.378433680292e-05
3517171,35.17.21,2025,1137478.044,1.58e-20,1.2569805089976534e-10,1.1050591399350592e-14,1402861.1136055272,1.4528599605968981,1.205346406887621,8.592058010573342e-05
3517180,35.17.14,2018,849946.0895,14816772375.0,121724.16512344622,14.321398336576054,765937.5071887905,16308941056.924034,127706.46442887704,16.673222453564946
3517180,35.17.14,2019,853185.2356,1.24e-22,1.1135528725660043e-11,1.30517128766639e-15,1052240.4331574175,1.1583234914648224,1.0762543804625477,0.00010228217302323886
3517180,35.17.14,2020,882046.5754,10448944109.0,102220.07683914153,11.588965899310438,911542.3995559466,11376427334.899563,106660.33627782899,11.701083386772579
3517180,35.17.14,2021,1023821.595,6737025764.0,82079.3869616483,8.01696187719583,999220.2515740419,7388367754.423481,85955.615025567,8.602269108353608
3517180,35.17.14,2022,1090826.367,16012340290.0,126539.87628411844,11.600368318207185,1371412.6967879348,14528224389.595505,120533.08421174456,8.788972458403812
3517180,35.17.14,2023,1199431.67,40659494812.0,201641.9966475238,16.811461769016304,1363442.2946570753,39178553653.52791,197935.7311187849,14.517353018491223
3517180,35.17.14,2024,1340994.106,15378375506.0,124009.5782832923,9.247585632810553,1810377.638937096,15516155132.257357,124563.85965542878,6.880545637349032
3517180,35.17.14,2025,1646687.126,36086250653.0,189963.81406204708,11.536120679068642,858457.1736438561,41091255026.9642,202709.78029430204,23.61326651088121
3517190,35.17.16,2018,724592.6847,481833041.3,21950.69569056981,3.02938411525062,606916.7464027511,420325811.7851437,20501.848984546337,3.378033166173548
3517190,35.17.16,2019,627408.6984,19282310.73,4391.162799304986,0.6998887344888914,575363.5680533859,17967876.383513227,4238.853192021779,0.7367260333084682
3517190,35.17.16,2020,807740.9671,2541931366.0,50417.57001284374,6.241799297843703,585609.2141402152,2581948432.8157234,50812.87664377725,8.676925741064395
3517190,35.17.16,2021,1207861.612,21922241074.0,148061.61242536837,12.258160285449023,848199.1548704213,20463419556.59379,143050.4091451464,16.865191190505264
3517190,35.17.16,2022,1152109.717,17122613632.0,130853.40512191496,11.357720813486981,1105001.8000717394,16375520497.808321,127966.87265776374,11.580693592486078
3517190,35.17.16,2023,864062.117,16634398780.0,128974.4113380635,14.92652076749518,874362.6540661984,17013540316.17954,130435.96251103275,14.917833224514343
3517190,35.17.16,2024,1248128.152,19598792571.0,139995.68768715698,11.216451408681708,943121.8279728255,19676235052.615643,140272.0038090839,14.873158445562517
3517190,35.17.16,2025,1324259.336,3608160494.0,60067.96562228489,4.53596693557952,816467.3120306206,3618259440.6122847,60151.96954890409,7.367345717650502
3517200,35.17.15,2018,594430.4571,2080984995.0,45617.814447866745,7.6742054353033495,653729.4604039987,1891109279.3750553,43486.88629201975,6.652122770349872
3517200,35.17.15,2019,754293.6544,8991899298.0,94825.62574536484,12.571446835356653,567567.4273238996,8564879305.311667,92546.63313871373,16.305839391642746
3517200,35.17.15,2020,745038.8593,2616575623.0,51152.47426078234,6.865745809398796,682418.6333264407,2607619427.203826,51064.85510802734,7.48292215573194
3517200,35.17.15,2021,849671.4865,10850748135.0,104166.92438101453,12.259670476892545,785662.6475759955,8966492758.208122,94691.56645767415,12.052446014816407
3517200,35.17.15,2022,892126.4593,21637933164.0,147098.37920249155,16.4885121015143,843452.5157618559,22551134751.736095,150170.3524392751,17.80424500881741
3517200,35.17.15,2023,868807.59,3557001714.0,59640.60457440049,6.864650500394511,742797.4533919723,3657815939.8885546,60479.88045530972,8.142176602669995
3517200,35.17.15,2024,952205.4192,10242838003.0,101206.90689374911,10.628684194927034,860856.0027794642,10014615560.734486,100073.05112134079,11.624830494093413
3517200,35.17.15,2025,1271896.09,82114192.01,9061.688143497326,0.7124550672608267,763953.3228783663,71637089.98181948,8463.8696812876,1.107904033900666
3518010,35.18.01,2018,571880.5751,3441834142.0,58667.147041593904,10.258636085223785,1528450.145661118,3590129033.6652436,59917.685483213085,3.920159624002404
3518010,35.18.01,2019,718893.6966,5994164974.0,77421.99283149459,10.769602404035682,836801.3575130372,5193767768.343006,72067.79980229039,8.612294800342458
3518010,35.18.01,2020,856556.7954,7740961895.0,87982.73634639922,10.27167571594742,946225.6023329049,7160410303.950404,84619.20765376148,8.942815269966706
3518010,35.18.01,2021,962321.087,4032365970.0,63500.91314304071,6.598724064231246,1846226.5317786552,4309639866.488856,65647.84738655835,3.5557850706063245
3518010,35.18.01,2022,817080.0463,5359700289.0,73209.97397213033,8.959951268379216,1948983.0649271274,5517413451.426996,74279.29355767323,3.811182092567363
3518010,35.18.01,2023,853247.4875,7960193414.0,89219.91601654868,10.456510839306594,1488202.576788435,7522147111.403433,86730.31252914654,5.8278566293247485
3518010,35.18.01,2024,930985.2859,10242403248.0,101204.75901853628,10.87071520369947,1846544.268276583,12095397705.490906,109979.0784899151,5.955940530608606
3518010,35.18.01,2025,801383.0677,2109009510.0,45923.95355367393,5.730586957056309,751935.8994877111,2048869215.0379267,45264.43653728528,6.0197201075415645
3518020,35.18.02,2018,636551.0486,10652524.41,3263.8205235582427,0.5127350792582204,1198415.83304708,9608968.37038435,3099.8336036607434,0.2586609353932798
3518020,35.18.02,2019,491559.7432,40253240.17,6344.54412625525,1.2906964441296522,721568.9193842808,29124980.21686307,5396.756453358172,0.7479197493654878
3518020,35.18.02,2020,583655.0476,1090880148.0,33028.47480583988,5.6589033096952654,634410.4671775216,1282282882.6291428,35808.97768198839,5.644449380115331
3518020,35.18.02,2021,936602.9515,3593349291.0,59944.551804146475,6.4002095774034595,928323.3463775492,3788176901.8036513,61548.167330990866,6.630035490452829
3518020,35.18.02,2022,804899.579,6824044654.0,82607.77598991514,10.263115815335162,1370005.365769038,7260853393.23238,85210.6413145235,6.219730480157018
3518020,35.18.02,2023,1284654.388,57904676573.0,240633.90570117088,18.731411961764994,987913.4417435395,53538663474.3752,231384.2334178697,23.421508772014118
3518020,35.18.02,2024,938288.0022,4961526834.0,70438.10640555296,7.507088041240752,1558181.2006526904,5231999951.811352,72332.5649469957,4.642115109378618
3518020,35.18.02,2025,888268.2965,4.77e-22,2.1840329667841556e-11,2.458753706948445e-15,1095508.6633817034,1.5216341615683169,1.2335453625904145,0.00011260023802847968
3518030,35.18.03,2018,630956.1795,759169597.4,27553.03245379717,4.366869419621425,821738.3021766637,691891861.5754921,26303.837392583846,3.200999311205144
3518030,35.18.03,2019,683601.1729,2062051498.0,45409.81719848694,6.642735413376723,695225.5565956044,2398960310.4718466,48979.18241938963,7.045077954158066
3518030,35.18.03,2020,939335.8842,36526381342.0,191118.7624018113,20.346157920346094,737128.1207546707,36245463134.82674,190382.4128821429,25.827587840120607
3518030,35.18.03,2021,878138.5339,704128379.1,26535.417447253396,3.0217803254122058,1833569.866407868,803588142.6270738,28347.630282389986,1.5460349126442399
3518030,35.18.03,2022,908570.5522,11403227561.0,106785.89588985991,11.753175978606178,1397040.4339426719,9677438438.876625,98373.97236503477,7.041598079406168
3518030,35.18.03,2023,784881.2848,2749091237.0,52431.7769773255,6.680217504572801,1075478.8623557338,2832148696.233148,53217.93585092481,4.948301423084783
3518030,35.18.03,2024,1327899.59,197000000000.0,443846.8204234429,33.42472757472897,1183881.4258268354,188551504660.43204,434225.17736818537,36.6780969694594
3518030,35.18.03,2025,824294.8282,2807760143.0,52988.30194486326,6.428319107687841,704319.2570486966,2530541712.3530617,50304.489982039,7.142285189365616
3518040,35.18.04,2018,768729.6084,4879221241.0,69851.42261257104,9.086604945262447,2056513.3554351695,4741012203.5505705,68855.00855820563,3.3481430293768035
3518040,35.18.04,2019,691953.1117,2508540442.0,50085.33160517159,7.238255130050828,1143210.7891592733,2109420796.0993423,45928.43123925901,4.017494557852727
3518040,35.18.04,2020,1023530.636,22218041311.0,149057.1746377879,14.563039873462847,1027159.8523818172,18556373914.4602,136221.78208517242,13.26198466278605
3518040,35.18.04,2021,1155565.019,21356873792.0,146139.91170108184,12.64661955824416,2243341.2874952923,21913512676.78181,148032.1339330816,6.5987344305672115
3518040,35.18.04,2022,1003246.172,20195363601.0,142110.392304715,14.165057018998025,2547632.027690108,22768387762.404667,150891.9738170479,5.92283234694058
3518040,35.18.04,2023,1034617.423,5859375366.0,76546.55685267627,7.398537386961854,1979519.4973310381,4643569186.343057,68143.73915733607,3.4424383922064643
3518040,35.18.04,2024,1014256.624,9561337171.0,97782.0902364027,9.640764272336929,2602983.465127738,8273758607.122541,90960.20342502836,3.4944595170743664
3518040,35.18.04,2025,1259109.395,9601926930.0,97989.42254141516,7.782439153463322,815538.1474296135,8958105995.274973,94647.27146238803,11.605498989923918
3518050,35.18.05,2018,775955.6881,7815014155.0,88402.56871267938,11.392734155882192,1100564.938388096,7863903579.598079,88678.65346067271,8.05755756589455
3518050,35.18.05,2019,975756.5853,22553887601.0,150179.5179143947,15.391084229087875,951136.838426367,25991046679.681698,161217.38950771315,16.949967974581178
3518050,35.18.05,2020,904599.3218,38374302647.0,195893.60032170525,21.655289319906853,1160262.695116501,34212639479.464428,184966.59017093986,15.941785506804345
3518050,35.18.05,2021,970474.8133,12097772983.0,109989.87672963363,11.333614764882393,2050231.5281450236,11586871597.330612,107642.33180924042,5.2502524876608145
3518050,35.18.05,2022,826295.7365,6603233540.0,81260.28267241015,9.834285605370559,1860609.4189913385,6021233815.769126,77596.60956362156,4.170494289214538
3518050,35.18.05,2023,921523.6795,4003270023.0,63271.39972372984,6.865954845355642,1437103.3727916302,4092595436.7518396,63973.39632028176,4.451551470233551
3518050,35.18.05,2024,957615.5327,6925025815.0,83216.73999262408,8.689994799686907,1901298.0844325554,7553845106.558464,86912.85927041213,4.571237933811487
3518050,35.18.05,2025,1116063.932,17311086607.0,131571.60258581638,11.788894776846563,745976.0959615122,17605105051.81898,132684.2306071787,17.786659830722567
3518060,35.18.11,2018,689315.7161,1456127679.0,38159.24106949718,5.535814747615788,4426065.26613682,1554538333.3339384,39427.63413310439,0.8908055295695584
3518060,35.18.11,2019,2005261.265,991000000000.0,995489.8291795853,49.643896611127396,2184018.9765464794,929106480701.6553,963901.6965965229,44.1343095892285
3518060,35.18.11,2020,789755.392,8006093303.0,89476.77521569494,11.329682091704536,3236341.436111005,9122559466.183348,95512.09068062194,2.951236529461965
3518060,35.18.11,2021,1315488.041,4649323406.0,68185.94727654665,5.18331943365395,12118994.62546401,4899339876.51958,69995.28467346626,0.5775667605825536
3518060,35.18.11,2022,1229057.837,2696621935.0,51929.00860790624,4.225106992089115,7435709.569099528,2097238150.818887,45795.61279007943,0.6158875943782367
3518060,35.18.11,2023,887877.4487,5474905702.0,73992.60572516688,8.333650757039088,6929891.4709958285,5789348502.045743,76087.76841283849,1.0979647910980148
3518060,35.18.11,2024,1086619.111,10248374615.0,101234.25613397868,9.316443554983515,6660383.666813094,11156661276.25546,105625.09775737707,1.585871070516232
3518060,35.18.11,2025,1263147.895,16183273442.0,127213.49551836078,10.071148123028047,839375.5040963364,15757425687.178015,125528.58513971236,14.954997438822716
3518070,35.18.06,2018,729484.0344,7257153287.0,85188.92702106302,11.677970045106036,1748819.3936894492,6403759489.777833,80023.49336149874,4.575858070322218
3518070,35.18.06,2019,650413.7307,1952338331.0,44185.272784039706,6.793410209296448,1390764.521677374,2221384645.9215083,47131.567403615045,3.388896299049287
3518070,35.18.06,2020,646955.3245,3228884929.0,56823.2780557405,8.783184232954017,1303198.7052763512,3236205659.915416,56887.65823898375,4.365232869604515
3518070,35.18.06,2021,1021533.286,4165253273.0,64538.77340792897,6.317833622499205,2453327.697238456,5067626850.172149,71187.26606754995,2.901661532932621
3518070,35.18.06,2022,780688.6262,5596252484.0,74808.10440052602,9.582322822436172,3031731.3636613274,5593826034.915681,74791.88481991667,2.4669693930135304
3518070,35.18.06,2023,1028309.45,11121382948.0,105457.9676838123,10.255470051725412,2535720.9356005643,10792353015.595482,103886.25036834991,4.0969118056260125
3518070,35.18.06,2024,1271521.129,21624379908.0,147052.30330736068,11.565069581109626,3423104.0413434696,26880157755.485992,163951.69335961735,4.789562086908437
3518070,35.18.06,2025,1373106.472,7225990125.0,85005.82406517802,6.190767125389969,947743.9342283345,7521173439.152614,86724.69912979008,9.150646709272001
3518080,35.18.07,2018,765272.5166,3244281367.0,56958.59344295644,7.442916373897184,1000607.7187863074,3878489170.9759145,62277.517379676545,6.223969314889596
3518080,35.18.07,2019,612231.3277,4191923620.0,64745.06637574789,10.575261906145657,1309877.4598742619,4759009444.677425,68985.57417806584,5.2665670103742315
3518080,35.18.07,2020,842879.9561,4785737270.0,69179.02333800326,8.207458587352598,1257532.0879857242,4678788869.963505,68401.67300558886,5.439358061642191
3518080,35.18.07,2021,751247.0929,405213861.0,20129.92451550676,2.679534430915434,2722844.849785999,400865810.99559706,20021.633574601175,0.7353203975678148
3518080,35.18.07,2022,892262.5223,15642171171.0,125068.66582401845,14.01702556122461,2112429.566196981,15574333156.666754,124797.16806348914,5.907755224623285
3518080,35.18.07,2023,1106188.553,7231647614.0,85039.09462123876,7.687576805112606,2258400.017012206,7982252284.9369955,89343.45127057156,3.956050770348922
3518080,35.18.07,2024,1149616.39,16609659808.0,128878.46914050462,11.210562954874419,2851132.0492048124,17196907022.742233,131136.97809062948,4.599470520041465
3518080,35.18.07,2025,1072526.276,4261275785.0,65278.44808970262,6.0864194705941745,895147.9443824145,3970452454.377856,63011.5263612766,7.039230415118684
3518090,35.18.08,2018,894253.1537,5001831748.0,70723.62934691629,7.908681009879036,2034683.7008922836,5927892962.562296,76992.81110962435,3.784018669627135
3518090,35.18.08,2019,1041156.142,9327052920.0,96576.66861100563,9.27590634249033,1682924.0420587265,8047241581.109501,89706.41884006685,5.33039023735906
3518090,35.18.08,2020,1177037.688,15571703696.0,124786.63268154967,10.601753363869319,1914898.0446996915,14724963867.077156,121346.46211190979,6.336967257749759
3518090,35.18.08,2021,1349895.932,26779354363.0,163643.98663867853,12.12271129643485,2078288.736937182,24097416960.92934,155233.42733100156,7.469290699220761
3518090,35.18.08,2022,1198530.72,42718982370.0,206685.70915764835,17.244923781148334,2522862.795326766,37578974074.517136,193852.97024940612,7.683849102237758
3518090,35.18.08,2023,1972672.726,366000000000.0,604979.3384901669,30.66800339034884,2189232.418047891,378455948311.4942,615187.7342011089,28.100613216282603
3518090,35.18.08,2024,2169374.278,428000000000.0,654217.0893518451,30.156948756439768,3333762.41181329,361750577289.6106,601457.0452572741,18.041389006186897
3518090,35.18.08,2025,1597497.318,16073311442.0,126780.56413346645,7.93619887213272,1476641.945874539,16346973991.595142,127855.28534869077,8.65851642003632
3518100,35.18.09,2018,730162.7896,21913698551.0,148032.76174887773,20.273939436159637,1199011.4272101717,23516877332.62612,153352.13507684242,12.789881030046404
3518100,35.18.09,2019,706622.4017,4986882296.0,70617.86102679689,9.993719539163159,831472.9997015222,5250615277.129331,72461.12942212074,8.714790431936148
3518100,35.18.09,2020,739452.381,978158746.3,31275.529512703695,4.229552884853541,799361.8250543225,954358419.6977376,30892.69201118183,3.8646694203945056
3518100,35.18.09,2021,793918.6582,602830465.9,24552.60609181844,3.0925845914095236,1350272.1206983195,563471785.9716662,23737.560657566864,1.7579834681982862
3518100,35.18.09,2022,762664.4286,15515817096.0,124562.50276869039,16.332543920705206,1352430.9665799357,20706346743.389725,143897.000466965,10.63987767381988
3518100,35.18.09,2023,907131.786,5714531187.0,75594.51823379788,8.33335568221373,1235316.5997604178,5348988624.522667,73136.78024443424,5.920488744231128
3518100,35.18.09,2024,1286387.205,40791370355.0,201968.73608308786,15.700462139087263,1576965.072277064,37935700004.75815,194770.89106115972,12.350995877157866
3518100,35.18.09,2025,974240.3308,784421393.4,28007.523871274305,2.874806450301216,916828.0952248158,874314560.3270721,29568.810600480232,3.2251204729093352
3518110,35.18.10,2018,643853.4761,2359065486.0,48570.211920476526,7.543674721565509,2578452.8564205063,2045587258.6441758,45228.16886238239,1.754081667607824
3518110,35.18.10,2019,1002712.84,19690324016.0,140322.21497681685,13.99425731666275,1008781.834380187,17453155570.437206,132110.39160655456,13.096031976797587
3518110,35.18.10,2020,895955.68,10059436354.0,100296.74149243334,11.194386478183088,1075469.7726423177,10739442179.014677,103631.27992558366,9.63590819209845
3518110,35.18.10,2021,829211.7484,1884009432.0,43405.1774791902,5.234510673895102,2343373.81362261,1881036554.6114025,43370.91830491259,1.8507895775222352
3518110,35.18.10,2022,1253342.429,2657060039.0,51546.67825379245,4.112737035075069,1821091.2789493762,2449879495.727531,49496.25739111525,2.717944891794256
3518110,35.18.10,2023,1338391.596,29789515573.0,172596.3950173931,12.895806842573235,2092501.3586913163,30420319900.32809,174414.2193180593,8.335202201595738
3518110,35.18.10,2024,1239925.258,31096861702.0,176343.02283334036,14.222068765482021,2568082.785477013,34859418062.95734,186706.77026545486,7.270278486399133
3518110,35.18.10,2025,1040122.094,9290531369.0,96387.40254307094,9.266931555351707,899382.0707699799,9534807790.157253,97646.34038281851,10.857047694893609
3518120,35.18.17,2018,712392.7859,2434168826.0,49337.296500720426,6.925574974540238,1784827.4444685592,2275173943.9102683,47698.78346363006,2.672459100259555
3518120,35.18.17,2019,1055427.349,3071429636.0,55420.48029384083,5.250999071262539,862190.1785967388,3054069127.546309,55263.63295645979,6.40968017594498
3518120,35.18.17,2020,633823.3217,909997173.8,30166.15941415148,4.759395620413865,1161928.390973638,973439073.1839049,31199.985147174426,2.685190015972533
3518120,35.18.17,2021,1174875.828,57939360648.0,240705.96305035736,20.487778990237032,1781841.508831657,62089003754.47949,249176.65170412636,13.984220845068876
3518120,35.18.17,2022,1176877.323,24830383337.0,157576.5951434413,13.389381549281604,2089507.0580148315,26383481595.147247,162429.92826184235,7.773600363722218
3518120,35.18.17,2023,1320635.144,53869572110.0,232098.19497359302,17.57474015651313,1968763.7504659328,50466371570.61228,224647.21580872594,11.410572535966306
3518120,35.18.17,2024,1476203.218,37002379215.0,192360.0249922005,13.030727927338829,2284690.830921882,36652291982.83018,191447.88320279276,8.379596950784924
3518120,35.18.17,2025,1373808.333,9217305754.0,96006.80056121024,6.988369356557851,958154.63423709,10038879528.061098,100194.2090545212,10.45699780331373
3518130,35.18.12,2018,1000124.566,502882677.5,22425.045763609938,2.242225271327846,1234509.0554368787,541127785.4340472,23262.153499494565,1.8843242499555706
3518130,35.18.12,2019,918583.0252,7043075457.0,83923.03293494582,9.136140189034467,1078532.192717062,8703951705.946001,93294.97149335542,8.650179579556609
3518130,35.18.12,2020,775278.8279,7868210874.0,88702.93610698577,11.441423771013541,1053479.8666129063,7982451330.32995,89344.56519749788,8.48089916371671
3518130,35.18.12,2021,974922.9488,3720346956.0,60994.64694544924,6.256355645389772,1453377.5294215344,3982966815.8424945,63110.75039834731,4.342350774025405
3518130,35.18.12,2022,980729.2016,43729644447.0,209116.34189369323,21.322536491473144,1639617.0920529086,46531850925.27986,215712.42645077233,13.156268466357968
3518130,35.18.12,2023,1083642.943,14602922986.0,120842.55453274728,11.151510311893139,1519664.719027125,16763974070.426304,129475.76634423256,8.520021865554774
3518130,35.18.12,2024,1429137.462,50910612676.0,225633.80215738952,15.788110532182628,2018385.17597207,47408844946.90269,217735.72271655998,10.787619989910834
3518130,35.18.12,2025,1359191.319,54549015034.0,233557.30567464593,17.183548953688245,794407.7344924608,48379817152.123825,219954.12510822303,27.6878126380214
3518140,35.18.13,2018,750563.2714,3110347851.0,55770.49265516667,7.43048518096814,1642704.623480042,3614416331.8658276,60120.016066746255,3.6598190086896456
3518140,35.18.13,2019,784328.0596,10960597718.0,104692.87329135637,13.34809739495343,1557021.6238713802,11249135271.595535,106061.94073085564,6.811847639414481
3518140,35.18.13,2020,1138284.097,20405479988.0,142847.75107785212,12.54939355248254,1706992.508465106,20141566741.947304,141920.98767253314,8.314095519970717
3518140,35.18.13,2021,946830.3925,2352903628.0,48506.73796494668,5.123065160262764,1929033.99222699,1931885428.66957,43953.21863833831,2.278509285758938
3518140,35.18.13,2022,1264840.581,119000000000.0,344963.7662132068,27.273300002793537,2321977.123250552,107021647969.91637,327141.63288997073,14.088925752722442
3518140,35.18.13,2023,1449547.46,52571202898.0,229284.10956278676,15.817633840204637,2616262.036935597,48397757509.47056,219994.9033715794,8.408748828127985
3518140,35.18.13,2024,1367095.568,39560302176.0,198897.7178752939,14.548925658962702,3757646.658865806,40478604983.99966,201192.95460825574,5.354227602362779
3518140,35.18.13,2025,1417131.016,56831377270.0,238393.3247177865,16.82225016785509,1205924.8398173891,56213635822.432274,237094.14970098328,19.6607733643571
3518150,35.18.14,2018,736915.3069,13358903714.0,115580.72379942946,15.684397205107025,1093825.3048500651,14330160496.670809,119708.64837876505,10.944037210327108
3518150,35.18.14,2019,820227.2517,10175053038.0,100871.46790842294,12.297990306876185,878805.5464707988,12586139523.979134,112187.96514768923,12.765960069121734
3518150,35.18.14,2020,1105965.553,39954761150.0,199886.87087950524,18.07351687738372,923018.7356741355,45727483977.800125,213839.85591512197,23.167444782032728
3518150,35.18.14,2021,1114974.989,11799216815.0,108624.19995102381,9.742299246411509,2722636.205298722,12053372151.287083,109787.85065428271,4.032409854853782
3518150,35.18.14,2022,1049947.036,15804109491.0,125714.3965144804,11.973403629331298,1855974.113649633,13375828194.326788,115653.91560309053,6.231440123680703
3518150,35.18.14,2023,953226.4722,21229427423.0,145703.21692742407,15.285267580866508,1431450.8355484062,20439957194.314987,142968.37830203917,9.987655513663956
3518150,35.18.14,2024,1153693.395,22565340529.0,150217.64386715696,13.020586276924725,1650708.5269693108,19538821037.460037,139781.3329363404,8.467959706549644
3518150,35.18.14,2025,1665675.108,120000000000.0,346410.16151377547,20.796982547798,722766.5287215976,119194079285.27364,345244.95548128383,47.76714772499775
3518160,35.18.15,2018,1046489.807,5821089299.0,76296.06345677344,7.290664748612638,652201.5660214293,5418281792.741383,73608.9790225444,11.286231566657392
3518160,35.18.15,2019,629130.3334,1.53e-22,1.2369316876852982e-11,1.9660976780448116e-15,775911.6624465946,1.1817084477896334,1.0870641415250681,0.00014010153399387652
3518160,35.18.15,2020,800713.264,1.91e-21,4.370354676682432e-11,5.4580770335314844e-15,987526.3150255199,1.2430875392861391,1.1149383567202893,0.00011290214141700889
3518160,35.18.15,2021,869989.7737,7278980193.0,85316.93966030427,9.806660059630108,996107.6160764492,7133866426.267026,84462.21892815169,8.479226296937519
3518160,35.18.15,2022,596724.0355,3824210210.0,61840.198980921785,10.363282740757269,951377.4295693431,3362937324.0206146,57990.838276581366,6.0954607996988
3518160,35.18.15,2023,839184.9376,24711022161.0,157197.3987093934,18.732152075913692,584326.5286349311,23932321934.73791,154700.74962564957,26.47505154131069
3518160,35.18.15,2024,1247676.33,895672730.7,29927.791944946424,2.398682352573477,912270.5505469834,981037624.0154535,31321.520142155514,3.4333586810815735
3518160,35.18.15,2025,1154650.189,3.58e-20,1.8920887928424502e-10,1.6386684130551422e-14,1424039.6625760056,1.4214653586109158,1.1922522210551405,8.372324538337823e-05
3518170,35.18.16,2018,652898.6608,7915351889.0,88968.26338082587,13.626657354728316,1917928.3029035942,6643753858.207172,81509.22560181253,4.249857801170873
3518170,35.18.16,2019,824649.6574,1764918544.0,42010.93362447448,5.0943977539418155,1129544.9079269473,1639682091.9228702,40492.98818218866,3.5848940487461802
3518170,35.18.16,2020,1030158.818,14262744173.0,119426.73140046997,11.593040734469543,1207251.5469493712,13709150015.742596,117086.07951307703,9.698565291462598
3518170,35.18.16,2021,1240311.454,22518204789.0,150060.6703603579,12.098628120897601,3341773.0378469895,26864054322.706715,163902.57570491903,4.904659109061364
3518170,35.18.16,2022,1036912.327,13016588495.0,114090.26468108487,11.002884401150038,2580678.417176458,16059906766.903801,126727.68745188953,4.910634607102398
3518170,35.18.16,2023,1232740.173,20788247578.0,144181.30106917472,11.696000846495876,2124179.8759775013,20217933986.68753,142189.7815832331,6.693867275143093
3518170,35.18.16,2024,1159837.963,2499520342.0,49995.203189906126,4.310533435255915,2541846.880234936,2681021682.1899667,51778.58323853567,2.0370457261276855
3518170,35.18.16,2025,1109642.485,19448788492.0,139458.9132755594,12.567914004803033,802817.8710326678,20737697179.55225,144005.89286398058,17.937554464095975
3518190,35.18.19,2018,679339.0205,3653655195.0,60445.472907406394,8.897688942248298,658385.3188325239,3374244243.4388576,58088.24531210129,8.822834235597139
3518190,35.18.19,2019,555645.5603,1743214169.0,41751.81635569883,7.514109594101049,578076.0914997619,1680781963.209696,40997.34092852482,7.092031919562912
3518190,35.18.19,2020,784718.5225,69468867.16,8334.798567452006,1.0621386304096072,567591.8088515374,63900737.30206421,7993.793673973842,1.4083701613221737
3518190,35.18.19,2021,1598191.576,2.57e-20,1.6031219541881397e-10,1.0030849732048267e-14,1971062.9368968583,1.24800129796773,1.1171397844351127,5.6677022510193457e-05
3518190,35.18.19,2022,760962.486,1.52e-21,3.898717737923586e-11,5.123403334134379e-15,938501.3505561705,1.1572356892272753,1.075748896921245,0.0001146241181521731
3518190,35.18.19,2023,999864.6448,2.4400000000000002e-21,4.939635614091388e-11,4.9403043099693246e-15,1233141.3660753912,1.2484474878419374,1.1173394684883988,9.060919528183985e-05
3518190,35.18.19,2024,899069.8612,2.42e-21,4.9193495504995375e-11,5.471598774241657e-15,1108830.3227874872,1.2760279447049787,1.1296140689213192,0.00010187438471934856
3518190,35.18.19,2025,753071.6683,7087282569.0,84185.99983964079,11.17901567452193,659094.21214247,7247733895.4278965,85133.6237653954,12.916760942059813
3518200,35.18.20,2018,591238.5721,13016495125.0,114089.85548680478,19.29675445253393,449779.82440299715,13052472443.177973,114247.41766524954,25.400743089553362
3518200,35.18.20,2019,359054.0931,1.35e-22,1.1618950038622251e-11,3.2359887442882496e-15,442824.393444634,1.5214019735923794,1.2334512449190602,0.00027854184710203363
3518200,35.18.20,2020,447444.5421,1.1e-21,3.3166247903554e-11,7.412370647744236e-15,551837.0679048657,1.154663875209669,1.0745528722262432,0.00019472285113175677
3518200,35.18.20,2021,869020.4813,3663492204.0,60526.78914332066,6.964943916255735,421825.94796236366,3948398671.10825,62836.28466983268,14.89625874685146
3518200,35.18.20,2022,727713.5208,1918158052.0,43796.78129725973,6.018409723803462,756066.3441593926,2454644554.967959,49544.3695586891,6.552912974029199
3518200,35.18.20,2023,1076005.85,2837361220.0,53266.88671210286,4.950427240902347,619534.7209027631,2905378118.9023004,53901.559521986936,8.700329086228384
3518200,35.18.20,2024,1076938.902,32348188913.0,179856.02273207312,16.700670984961143,948628.6027774645,34457366560.8236,185626.9553723909,19.567927303572617
3518200,35.18.20,2025,1321024.277,25040970228.0,158243.38920789078,11.978840356155754,641185.793777706,26188172791.745033,161827.60207005797,25.238800304138103
3519010,35.19.01,2018,867193.7705,12579096438.0,112156.57108702994,12.93327684104137,2127413.39539469,15403171951.85113,124109.51596010328,5.833822247653836
3519010,35.19.01,2019,807262.673,5756119047.0,75869.09151294749,9.398315325419176,1124170.5619464815,5946378304.973738,77112.76356721848,6.859525251550716
3519010,35.19.01,2020,1025303.314,5572978861.0,74652.38684060946,7.281005125143822,1014091.9384916684,5490853609.172559,74100.29425833988,7.307058802632289
3519010,35.19.01,2021,1021792.875,2139755166.0,46257.48767496998,4.527090451180723,2917368.610015125,1974505832.1895182,44435.411916505494,1.523133270302621
3519010,35.19.01,2022,947598.3172,5552006534.0,74511.78788621302,7.86322501145668,2145668.024429008,5427095812.733265,73668.82524333659,3.433374800043491
3519010,35.19.01,2023,1103905.509,23469719869.0,153198.30243511187,13.877845629549427,2243422.304090667,21367367705.93606,146175.81094673654,6.515750988130896
3519010,35.19.01,2024,1043092.635,13745140081.0,117239.66939990918,11.239622011127437,2925244.7396857194,13369576335.350883,115626.88413751745,3.9527251367671927
3519010,35.19.01,2025,1184030.868,19769468206.0,140603.9409333892,11.875023256014403,726176.1988804933,18017554322.420338,134229.48380449184,18.48442347896092
3519020,35.19.03,2018,1001997.311,14994264664.0,122451.07048939996,12.220698513371556,1749516.0789635023,14227718417.915993,119280.00007510057,6.817885328940092
3519020,35.19.03,2019,1085381.116,22651623563.0,150504.56326304527,13.866517580267656,1345857.7245970496,23619604965.029488,153686.7104372707,11.419239019732533
3519020,35.19.03,2020,892854.8275,14295290804.0,119562.91567204273,13.391081281020764,1396109.714786821,13880873170.211573,117817.11747539732,8.438958358898564
3519020,35.19.03,2021,1127183.878,4300342259.0,65576.9948915014,5.817772607594144,4198726.9954346,4041132972.3762865,63569.9061850518,1.5140280912327293
3519020,35.19.03,2022,1196125.95,10108638767.0,100541.72649701218,8.405613681152238,2319600.0819346546,10223013241.824448,101108.91771661116,4.358894384599332
3519020,35.19.03,2023,1119768.408,3302637622.0,57468.579432590814,5.132184389380524,2194909.1394293327,3343759026.3492427,57825.245579670845,2.6345165975619915
3519020,35.19.03,2024,1203506.648,13579635357.0,116531.69250036661,9.682679584198409,2274374.6141641275,16407646164.334488,128092.33452605385,5.631980489420386
3519020,35.19.03,2025,1406841.071,10170963944.0,100851.1970380124,7.168627581104532,833087.1483262433,9200388996.155336,95918.65822745507,11.513640370057972
3519030,35.19.02,2018,902336.3472,5999299866.0,77455.14744676431,8.583844337769609,1197189.1249687497,5809703697.370304,76221.41232862524,6.366697687018736
3519030,35.19.02,2019,1045450.656,7518685853.0,86710.35608853189,8.294064917448566,1069096.682608353,7155434381.848214,84589.80069635,7.912268560217594
3519030,35.19.02,2020,1047778.263,15931454462.0,126219.8655600615,12.046429098335045,1220032.3227255915,18171020574.15481,134799.92794565883,11.04888169229086
3519030,35.19.02,2021,901554.3584,21558553703.0,146828.3136966437,16.286129874323027,3262396.725785226,19484468107.3945,139586.7762626335,4.278657318387186
3519030,35.19.02,2022,763095.8945,17426128340.0,132008.06164776452,17.299013479067344,1802405.4521311147,18460352440.139305,135868.87958667838,7.53819732547029
3519030,35.19.02,2023,887073.3452,14108611441.0,118779.67604350502,13.390062578954495,1535722.9584920062,13160216174.619074,114717.98540167567,7.469966165923722
3519030,35.19.02,2024,1141414.24,15336222240.0,123839.50193698294,10.849654542331882,1904887.6456347664,16651662135.759686,129041.31949015279,6.774222080019439
3519030,35.19.02,2025,1126420.737,12566678728.0,112101.19860197749,9.951982853275322,755856.886614647,13107675366.045134,114488.75650492992,15.14688276741188
3519040,35.19.04,2018,701212.8079,13972788948.0,118206.55205190615,16.85744337812546,1287847.386966821,15286045306.436935,123636.74739508855,9.600263870261967
3519040,35.19.04,2019,801489.961,5646856432.0,75145.56827917398,9.375734187040427,1043778.025747148,6003927402.425302,77485.01405062337,7.423514592114423
3519040,35.19.04,2020,600756.7055,3635010256.0,60291.04623408023,10.0358507332683,1138857.3565068957,3770809010.491687,61406.91337701063,5.3919758278910335
3519040,35.19.04,2021,935826.4062,5464607377.0,73922.98273879375,7.899219582717707,2107088.4763676673,5671284347.281293,75307.93017525639,3.5740279072228125
3519040,35.19.04,2022,760273.5123,2236774342.0,47294.54875564413,6.220728197220417,2106355.432372414,2104745337.3909822,45877.5036089692,2.178051382206507
3519040,35.19.04,2023,985641.4773,7988932536.0,89380.8286826655,9.068290117772776,1710969.414723579,7577487473.563311,87048.76491693211,5.087686791350127
3519040,35.19.04,2024,1116101.526,3220159331.0,56746.44773904354,5.084344606392334,2402500.828926989,3344411000.1048794,57830.88275398258,2.407111875162647
3519040,35.19.04,2025,1023204.804,10315388176.0,101564.6994580302,9.92613590759003,767649.059496452,8692289857.609676,93232.45066826076,12.145191805408793
3519050,35.19.07,2018,1072625.712,38040389773.0,195039.45696448194,18.183365808079934,813062.667280712,40044993139.620926,200112.45123585121,24.612180498352885
3519050,35.19.07,2019,811693.0811,4351656286.0,65967.08486813708,8.127097101621098,899456.6968013243,4038743263.1032066,63551.10748919492,7.065499397046832
3519050,35.19.07,2020,820799.6076,5767773250.0,75945.8573590423,9.252667357030825,789503.7021782444,5953183067.062587,77156.87310319534,9.772832336355
3519050,35.19.07,2021,757777.8813,2473814927.0,49737.459997470716,6.563593531147148,1345936.1180281339,2447062790.8811064,49467.79549243231,3.6753449758748724
3519050,35.19.07,2022,945725.6089,6224349650.0,78894.54765698324,8.342223887618703,1033765.8582515944,5364674971.64761,73243.94153544448,7.085157722206242
3519050,35.19.07,2023,997455.8159,17689111319.0,133000.4184918228,13.33396591324871,1016606.7139872643,20328489950.99189,142578.0135609691,14.024893953509268
3519050,35.19.07,2024,1086774.695,2787510330.0,52796.8780327019,4.858125449148583,1238337.020334551,2446126714.295503,49458.333112788016,3.993931563107616
3519050,35.19.07,2025,1324544.459,17767309949.0,133294.07319532253,10.063389891491935,873204.8549169179,16960461853.877312,130232.3379728603,14.914293849780695
3519060,35.19.05,2018,604732.1623,256583548.2,16018.225500972321,2.648813226677017,672366.8843433292,272710875.7391446,16513.960025964232,2.4560936016491475
3519060,35.19.05,2019,604746.3947,5276699971.0,72640.89737193505,12.011795028223432,753243.9131308682,4680839732.237317,68416.66267976916,9.082936016753775
3519060,35.19.05,2020,627461.0013,2291307173.0,47867.6004516625,7.628776984145373,884222.8270396036,2546223332.409037,50460.11625441461,5.706719472890801
3519060,35.19.05,2021,1155650.592,18162173783.0,134767.10942585362,11.661579231541088,855909.24211121,18285590263.78516,135224.22217851784,15.79889730422468
3519060,35.19.05,2022,857176.2525,11801095604.0,108632.84772111979,12.673338465022372,1304037.0003494124,11852027407.813126,108867.01707961473,8.348460745396348
3519060,35.19.05,2023,954405.6965,11382180632.0,106687.30304961317,11.178401746852227,930130.2939512478,12940932589.049309,113758.21987465041,12.23035316819957
3519060,35.19.05,2024,1122814.073,6829169886.0,82638.79165379901,7.3599711333328655,1141760.9855522073,6647261466.345636,81530.73939530805,7.140788696320367
3519060,35.19.05,2025,1055014.93,4664589375.0,68297.79919587453,6.473633429611706,971449.6887591691,4467618337.991069,66840.24489774906,6.880463874884142
3519070,35.19.06,2018,767322.7973,16708686857.0,129262.08592236163,16.845855013978433,638411.2577120749,16611291888.156029,128884.80084228718,20.18836592953919
3519070,35.19.06,2019,675078.2894,6373779512.0,79835.95375518476,11.826177053648374,631506.2756382305,6854808462.042337,82793.77067172588,13.110522233219383
3519070,35.19.06,2020,706296.346,6748123363.0,82146.96198277816,11.630665010233276,640345.368117483,5890058027.439318,76746.71346343971,11.985206309692417
3519070,35.19.06,2021,821675.4555,5697476075.0,75481.6274003151,9.186306697500605,690147.758893193,6118912400.74534,78223.47729898832,11.334308673904447
3519070,35.19.06,2022,898699.3315,19513076820.0,139689.21511698747,15.543487150906762,853567.558031434,18763025682.178043,136978.19418497983,16.04772731767008
3519070,35.19.06,2023,694137.0309,20857347903.0,144420.73224783206,20.805795659767625,706972.4142293839,21306290548.947506,145966.7446679123,20.646738363479063
3519070,35.19.06,2024,876649.2006,15323366554.0,123787.58642933467,14.120538334445687,771505.0368501231,16188723871.654387,127234.91608695463,16.491780352650114
3519070,35.19.06,2025,946484.9605,20814653830.0,144272.84508874148,15.243015062017088,670934.9425120751,20912821563.063343,144612.6604522002,21.553902068470304
3519080,35.19.12,2018,864135.5995,7306498687.0,85478.05968200261,9.891741496526855,1011325.715912294,7541654770.77679,86842.70130976345,8.587016026921122
3519080,35.19.12,2019,810567.9335,8258847611.0,90878.20206738247,11.21167002930575,977748.539774017,8770764512.267763,93652.35988627176,9.578368678302219
3519080,35.19.12,2020,764571.3398,10612537014.0,103017.168540006,13.473846478074067,1019806.9139639878,11442354151.931868,106968.94012717836,10.489136586786833
3519080,35.19.12,2021,859566.485,1045554921.0,32335.04168854588,3.7617848360555706,1454800.035348371,1073925525.7902381,32770.80294698679,2.2525984431351347
3519080,35.19.12,2022,1161460.645,62570871493.0,250141.70282661787,21.536821234835543,1333924.8622599193,58077789191.52195,240993.3384795562,18.0664852494966
3519080,35.19.12,2023,968613.8647,8454612617.0,91948.96746021675,9.492840316579123,1263958.9755984168,7550452575.096265,86893.3402229208,6.874696244138895
3519080,35.19.12,2024,1168692.579,12022322601.0,109646.3524290708,9.381967028736545,1369085.3995899118,13585318548.784521,116556.07469705095,8.513426169906092
3519080,35.19.12,2025,989327.2751,17423755098.0,131999.0723376494,13.342305995183152,1037286.0769197854,18241314975.694168,135060.41231868858,13.020555787247204
3519090,35.19.13,2018,723572.379,3444153717.0,58686.91265520789,8.11071765015617,877797.7800687851,3666456878.808847,60551.2747909476,6.898089305512113
3519090,35.19.13,2019,1071534.751,38745744041.0,196839.38640678598,18.369855594798718,759069.0956154534,33569467712.694195,183219.72522819205,24.137423890197695
3519090,35.19.13,2020,822309.0855,7395580940.0,85997.56357013843,10.458058300285973,999521.379613993,6627228617.0796175,81407.79211524912,8.144677420175658
3519090,35.19.13,2021,997265.9899,5582971384.0,74719.283883078,7.492412720358628,1074240.583883144,5489686055.877092,74092.41564341854,6.897190141112591
3519090,35.19.13,2022,845000.8753,8206809701.0,90591.44386198952,10.720869825114313,1188858.7168574072,8211109151.733131,90615.17064892131,7.622030218060787
3519090,35.19.13,2023,905113.5892,6722817977.0,81992.79222590239,9.05884003999687,980285.1405861608,7619756210.459895,87291.21496725712,8.90467593082778
3519090,35.19.13,2024,879722.0981,5064528999.0,71165.50427700207,8.089543781008048,1263788.7183297765,5053107168.75681,71085.21061906485,5.624770152483326
3519090,35.19.13,2025,1090795.583,5174220940.0,71932.05780457,6.594458111641435,682983.7905609934,5524316249.330417,74325.74418954994,10.882504858351002
3519100,35.19.11,2018,946633.0216,2414046251.0,49132.94466038037,5.19028425369483,917045.1136123466,2708341658.1290336,52041.729968641834,5.674936728428054
3519100,35.19.11,2019,752406.2447,9910927421.0,99553.64092287133,13.231368243436819,891950.4179374712,9579560500.321619,97875.2292478624,10.973169279317922
3519100,35.19.11,2020,1331713.701,66748925574.0,258358.1343290743,19.40042624289816,833791.0374693773,63802895515.32331,252592.35046874106,30.294442986024308
3519100,35.19.11,2021,1113452.065,67874494414.0,260527.339091313,23.398163897725855,1267882.2504862887,67569723862.912605,259941.7701388382,20.502043469662826
3519100,35.19.11,2022,1579140.291,375000000000.0,612372.4356957945,38.77884942749488,1229838.152674471,408264721570.81836,638955.9621529627,51.954475535130804
3519100,35.19.11,2023,1310361.329,52052747961.0,228150.71325989757,17.411282537924897,1291501.396839201,54237299510.17282,232889.02831643404,18.03242558516799
3519100,35.19.11,2024,1174442.302,19361872765.0,139146.94666071548,11.847916787717638,1474329.2678855928,21206392488.85411,145624.14802790817,9.877315142549863
3519100,35.19.11,2025,1159059.927,11947353284.0,109303.9490777895,9.430396697494443,863352.0357515747,13859921069.425726,117728.1659987351,13.636171703266916
3519110,35.19.15,2018,1146900.663,59740028250.0,244417.73309234338,21.311151085483623,878958.5567699055,51592083213.26788,227138.90730843073,25.8418221836472
3519110,35.19.15,2019,894571.6316,21235800655.0,145725.08588091482,16.289929250302286,805106.8082379029,21560458083.055252,146834.7986107355,18.237927826260158
3519110,35.19.15,2020,1006325.771,11483250624.0,107159.93012315751,10.648632203532976,712906.7043574218,12653719802.541218,112488.75411587248,15.778888517714835
3519110,35.19.15,2021,1459120.403,1.79e-21,4.230839160261236e-11,2.8995819341313376e-15,1799545.3048385412,1.4262967463093508,1.194276662381607,6.636546794184545e-05
3519110,35.19.15,2022,1221013.265,1.3400000000000002e-21,3.6606010435446254e-11,2.998002682259661e-15,1505885.795071242,1.3633259884063045,1.1676155139455386,7.753679049016462e-05
3519110,35.19.15,2023,998100.9091,4.39e-22,2.0952326839756964e-11,2.099219292230676e-15,1230966.1361962224,1.4174694412144564,1.1905752564262606,9.67187659690808e-05
3519110,35.19.15,2024,815769.4604,8.53e-22,2.920616373302047e-11,3.580198223981034e-15,1006095.2470236205,1.7022805944730584,1.3047147559804244,0.00012968103763935114
3519110,35.19.15,2025,1130597.234,6933664206.0,83268.6267810392,7.3650124267895745,652142.1198853931,5703997900.512478,75524.81645467586,11.581036426223863
3519120,35.19.10,2018,997294.0629,5135617057.0,71663.21969462438,7.185766200817155,906792.8253903415,5627109372.553415,75014.06116558025,8.272458610740486
3519120,35.19.10,2019,728870.2575,6976575579.0,83525.89765455981,11.459638638713395,918177.6366577211,6566203906.053036,81032.1165097706,8.825320207616622
3519120,35.19.10,2020,705397.4452,3583399424.0,59861.50201924439,8.486209076398337,833759.7172905392,3893482852.301376,62397.779225717444,7.483904287015797
3519120,35.19.10,2021,1200703.622,27691164724.0,166406.62463976606,13.859092418042698,805811.3041581097,33505429694.603283,183044.88437157506,22.715601459924358
3519120,35.19.10,2022,885410.3065,12439991777.0,111534.71108583194,12.59695197435924,1147930.6400788792,10863964177.412886,104230.34192313142,9.079846663555328
3519120,35.19.10,2023,1190661.186,30952457748.0,175933.10588971025,14.7760847467241,942400.6548909224,32256092673.260113,179599.8125646575,19.057691824868815
3519120,35.19.10,2024,1452098.94,44410765862.0,210738.61976866034,14.512690145525509,1308817.5717981355,43619866838.25775,208853.6972099315,15.957433771537405
3519120,35.19.10,2025,951245.5694,4129578693.0,64261.798084087255,6.755542433130122,1028267.8392505497,3860927202.1021056,62136.35974292432,6.042818550876029
3519130,35.19.08,2018,1298067.591,29337578441.0,171282.1603115748,13.195164989800196,815807.8569651421,27373527969.582924,165449.47255758455,20.28044608114799
3519130,35.19.08,2019,1035345.672,54215637388.0,232842.51628085453,22.489350424488425,1054632.0938550963,55776104120.892555,236169.65114275913,22.393558144003176
3519130,35.19.08,2020,1172175.767,56019257497.0,236683.8767153352,20.19184181917448,1056495.0754329883,52448486521.43488,229016.34553331533,21.6769912949624
3519130,35.19.08,2021,1234239.37,4020885287.0,63410.45092884926,5.137613697159025,953256.2758083456,3486339050.0814495,59045.22885112267,6.1940561367983955
3519130,35.19.08,2022,966249.8138,9787872326.0,98933.67639989934,10.238933553924307,1115253.6328523443,9108426293.385126,95438.0757003468,8.557522063950316
3519130,35.19.08,2023,982853.2194,22693622840.0,150644.0268978495,15.327215084039993,896545.3615703069,21841710584.102757,147789.41296352306,16.48432073806825
3519130,35.19.08,2024,1177482.84,3424441145.0,58518.72473832628,4.969815503920743,1096122.1990547862,3527619477.616793,59393.76631951196,5.418535120511992
3519130,35.19.08,2025,1632319.556,11948223279.0,109307.92871059263,6.696478536252531,912847.0935646165,12144263764.98051,110201.01526292991,12.072231597145274
3519140,35.19.14,2018,872809.4044,12373307183.0,111235.3683996237,12.74451991911004,894496.0476916382,14365068535.831491,119854.36385810694,13.399093731873549
3519140,35.19.14,2019,1232879.455,19037865599.0,137977.77211928015,11.191505508482996,815353.1973272432,17688277506.00772,132997.2838294366,16.311616151798564
3519140,35.19.14,2020,846432.6693,22251592240.0,149169.6760068882,17.623336316904165,1131578.777604364,22275835462.053314,149250.91444293837,13.18961767371721
3519140,35.19.14,2021,1079893.496,4259238231.0,65262.83958731799,6.043451491193904,928257.3295528559,5056245316.928298,71107.28033702525,7.660298289406217
3519140,35.19.14,2022,882652.2053,148050472.5,12167.59929073932,1.3785270367736449,1165536.170099043,170348341.93196797,13051.756277680333,1.1198070564014535
3519140,35.19.14,2023,1540450.559,103000000000.0,320936.13071762427,20.8339130939693,831412.7865325649,97849499868.17104,312809.0469730232,37.623795548972
3519140,35.19.14,2024,1129214.105,54934715555.0,234381.5597588684,20.756166498546207,1289957.6196097615,52668163814.68118,229495.45488893933,17.790929825924543
3519140,35.19.14,2025,1253872.029,134798621.2,11610.280840703208,0.925954210013182,983305.0130116463,157400007.7593352,12545.91597928725,1.2758926084249156
3519150,35.19.09,2018,969650.082,2784155782.0,52765.10003780908,5.44166406184134,803178.4613028734,2338522419.6626873,48358.27147099747,6.020862585452459
3519150,35.19.09,2019,825449.9633,9741710613.0,98700.10442243716,11.957127483276146,999248.1135537218,10044251439.309776,100221.01296290003,10.029642448508053
3519150,35.19.09,2020,1139214.504,30778214438.0,175437.2093884305,15.39983986970293,1097831.2174170688,28003516551.16575,167342.51268331593,15.243009128218487
3519150,35.19.09,2021,1128090.186,9257160761.0,96214.14013023242,8.528940445035698,1134001.659426417,7388295954.028796,85955.19736484115,7.579812308944739
3519150,35.19.09,2022,835882.6204,8353481192.0,91397.3806626864,10.934236270990949,1270781.4121088597,7556630038.863777,86928.87919939942,6.840584727718128
3519150,35.19.09,2023,1465116.644,8024889592.0,89581.74809636168,6.11430826775603,1050328.3873739028,8154147316.2072525,90300.31736493096,8.597341407738726
3519150,35.19.09,2024,1248059.509,29208834240.0,170905.9221911283,13.69373182598205,1682289.5666939416,28839072569.04809,169820.70712680503,10.094618101956074
3519150,35.19.09,2025,1439287.083,26033774119.0,161349.8500743028,11.210400758825042,956894.7115468294,25537118529.248657,159803.37458654825,16.700204594946978
3520010,35.20.01,2018,375874.2623,813981195.4,28530.355683026457,7.590398849989696,1001494.1122613403,766253855.2041146,27681.290706975975,2.763999345385321
3520010,35.20.01,2019,751839.9817,15566767674.0,124766.85326640245,16.59486809736956,688454.7551245829,14737578173.874172,121398.42739456789,17.633464870556324
3520010,35.20.01,2020,815444.1865,21382303656.0,146226.89101529855,17.93217652858925,1115774.1957970092,23594670593.62434,153605.5682376923,13.766725276163088
3520010,35.20.01,2021,637298.5338,2138277620.0,46241.51403230651,7.255863865963049,1500613.6486113388,1857707575.0086768,43101.13194579322,2.872233768210679
3520010,35.20.01,2022,636532.0637,5941074224.0,77078.36417568811,12.109109433961748,1334732.1127607625,4726906886.379843,68752.5045825957,5.1510339734306605
3520010,35.20.01,2023,930220.7548,15608329964.0,124933.30206154002,13.430500385728442,1130980.457227904,14852747726.268213,121871.84960551068,10.775769716147472
3520010,35.20.01,2024,839948.2398,8613557995.0,92809.25597697678,11.049401805886943,1674073.1333421918,8990932865.567204,94820.52976843783,5.664061377004124
3520010,35.20.01,2025,1159168.306,138126604.4,11752.727530237396,1.0138931050308924,942445.4810199243,134797865.20734686,11610.248283621968,1.2319278427710467
3520020,35.20.02,2018,670422.648,8634432406.0,92921.64659539777,13.860159240234642,827049.4253885803,8059542611.751805,89774.95537036934,10.854847680740427
3520020,35.20.02,2019,899672.2905,8004551155.0,89468.15721249656,9.944527374825997,696475.5671188956,8321014275.535147,91219.59370406748,13.097314250579497
3520020,35.20.02,2020,925953.315,8549633713.0,92464.22937006505,9.985841388781576,935096.8169621034,7864910586.7183275,88684.33112291216,9.483973158097731
3520020,35.20.02,2021,1080569.921,29648161830.0,172186.41592762189,15.934777803945726,1458257.3778347927,27289598304.044502,165195.6364558232,11.328290805639824
3520020,35.20.02,2022,741193.2602,6105184164.0,78135.67791988497,10.541876473458652,1362544.5125090538,5468623504.8677225,73950.14202060549,5.427356049046075
3520020,35.20.02,2023,704920.1327,4112489903.0,64128.69796744668,9.0972998205938,895802.0840316484,3900248267.8725724,62451.96768615519,6.971625630193197
3520020,35.20.02,2024,654523.9309,7842706721.0,88559.05781454543,13.53030097658503,1045478.9346823167,7014151535.920887,83750.53155604977,8.010733528695969
3520020,35.20.02,2025,864169.3688,3317286493.0,57595.889549515596,6.6648844114313155,777849.2308489436,3740032680.8588533,61155.80659969136,7.862167136547271
3520030,35.20.03,2018,626122.0195,9751978006.0,98752.10380543799,15.772022182560852,801959.260526398,9937106532.221016,99685.03665155075,12.430187112761626
3520030,35.20.03,2019,749654.6184,10683693585.0,103361.95424332882,13.787943368365543,620270.6937187979,11181240961.727327,105741.38717516112,17.04761940971201
3520030,35.20.03,2020,693372.8277,14774907871.0,121552.07884277422,17.530551239796473,763268.8624229077,14366874735.887259,119861.89859954355,15.703758465798797
3520030,35.20.03,2021,1292891.575,164000000000.0,404969.13462633174,31.322745267818124,1230622.1079673772,139644138546.7997,373689.89623322664,30.36593392999022
3520030,35.20.03,2022,827844.338,18199851604.0,134906.82563903133,16.296158522380487,1512296.0104082043,19188835498.488384,138523.77232261756,9.159831895954465
3520030,35.20.03,2023,1169413.636,25698766143.0,160308.3470783727,13.708438326981568,1097921.8900929205,26111286935.533466,161589.87262676292,14.717793140374228
3520030,35.20.03,2024,978084.7902,10906531607.0,104434.34112876856,10.677432281450127,1563131.8291578277,8891310644.86581,94293.7465840965,6.032360471790749
3520030,35.20.03,2025,1470095.356,79379225699.0,281743.19104283606,19.164960279136892,740113.2099622148,88908071276.11717,298174.5651059412,40.28769667834519
3520040,35.20.04,2018,746029.82,1054437556.0,32472.10427428441,4.352655001684036,931184.6018151453,795197313.5075394,28199.243137140034,3.0283193130740815
3520040,35.20.04,2019,933393.6021,16456458603.0,128282.7291688168,13.743690644568304,716890.0372325171,17224631298.89182,131242.6428371961,18.307220915476144
3520040,35.20.04,2020,902088.8196,4399182064.0,66326.3300959732,7.352527672982722,847368.7707964062,5004849265.460563,70744.9592936526,8.348780570136235
3520040,35.20.04,2021,851593.9383,4124554729.0,64222.69636974144,7.5414694118122085,1286221.7079249597,3605021356.0081873,60041.83005212439,4.668077803552926
3520040,35.20.04,2022,903239.2426,14254279683.0,119391.2881369491,13.21812455726324,1036473.3699512457,13988359728.204117,118272.39630701712,11.411040527995473
3520040,35.20.04,2023,1016945.387,4516630266.0,67205.87969813356,6.608602640540181,1049460.0880060524,3985403722.916211,63130.05403859727,6.015479269777927
3520040,35.20.04,2024,888446.7153,2684194545.0,51809.21293553879,5.831437276240531,1256997.3648684379,2703907785.4625783,51999.113314195834,4.136771863450824
3520040,35.20.04,2025,1147370.817,29586387458.0,172006.9401448674,14.9913992578798,656793.7203801918,24108436319.2388,155268.91613983398,23.640438591580164
3520041,35.20.17,2018,1063782.538,12116823814.0,110076.44531869658,10.347645443179534,726756.3735440974,11525345246.535017,107356.1607292987,14.771959990631531
3520041,35.20.17,2019,963097.9519,6513075789.0,80703.62934218014,8.37958685126139,684638.717704672,6150360111.885211,78424.23166270238,11.454834445476353
3520041,35.20.17,2020,824798.3587,5055479584.0,71101.89578344589,8.620518582931302,734231.5410794315,4944418423.655255,70316.55867329726,9.576891585169614
3520041,35.20.17,2021,1020143.144,5818102977.0,76276.49032958975,7.477037980229739,654334.5609124394,6639783320.799479,81484.86559355349,12.453089055838133
3520041,35.20.17,2022,1208757.452,29169031628.0,170789.43652345715,14.129338871158176,757146.4856561774,25542166856.296146,159819.16923916276,21.108091005752506
3520041,35.20.17,2023,1582366.774,8616913934.0,92827.33398089164,5.866360157843635,879450.7363647466,7503701846.578379,86623.91036300761,9.849774044316781
3520041,35.20.17,2024,1745426.054,17235881505.0,131285.49617151165,7.521687663057633,1141254.606309232,22302724843.532433,149340.9684029551,13.085683735894598
3520041,35.20.17,2025,1269506.155,14681034899.0,121165.32052943202,9.544287757268261,1026779.6167759572,14066194951.706724,118600.99051739291,11.550773757059456
3520050,35.20.05,2018,1006637.661,53187661491.0,230624.5032319853,22.910378994054476,775284.0654447629,54717492205.85167,233917.70391710772,30.171870459237986
3520050,35.20.05,2019,713028.9797,5685833709.0,75404.46743396574,10.575231804139493,851863.2551365411,5855452313.678113,76520.92729233038,8.982771217202602
3520050,35.20.05,2020,778248.5811,4623280347.0,67994.70822792021,8.736888171619208,817915.5376613489,3757756832.7087946,61300.54512570663,7.494728037687384
3520050,35.20.05,2021,980429.9124,4288573757.0,65487.20300180792,6.6794374767189035,980138.0600525957,4685209373.079212,68448.5892701903,6.983566097465621
3520050,35.20.05,2022,1131252.832,50610047534.0,224966.76984390384,19.88651550566053,1112312.1288022825,51806765994.76101,227610.9970866105,20.462871094617828
3520050,35.20.05,2023,1061964.761,16011226925.0,126535.4769422394,11.915223705077292,1129275.4940133588,16704792000.311996,129247.0193091972,11.445127428548297
3520050,35.20.05,2024,1066740.091,38963673983.0,197392.1831861637,18.50424342832388,1294917.2206158196,32737508539.864185,180935.09482647138,13.972715162473834
3520050,35.20.05,2025,1505189.29,42546386022.0,206267.75322866152,13.703774973622188,803571.9612369718,39186571978.12893,197955.98495152636,24.63450624220443
3520060,35.20.06,2018,1124337.466,35905594940.0,189487.7171217174,16.853277850452546,1678862.7789622005,33480454585.60728,182976.65038361392,10.89884490123261
3520060,35.20.06,2019,1365485.34,67524835879.0,259855.4134109967,19.03026021582895,1403783.9565152985,79057688330.25145,281171.9906574114,20.02957715483388
3520060,35.20.06,2020,1247267.973,6917555089.0,83171.84072148458,6.668321685630629,1751071.23029743,6431249980.00348,80195.07453705296,4.579772264514411
3520060,35.20.06,2021,1208697.119,8242720308.0,90789.42839339831,7.511346471025908,2104299.444561554,9212629236.232735,95982.44233313057,4.561253987933699
3520060,35.20.06,2022,1777885.87,357000000000.0,597494.7698515862,33.60703743326258,2152872.856141312,372414248493.13116,610257.5263715567,28.346194464328374
3520060,35.20.06,2023,2331517.576,818000000000.0,904433.524367601,38.79162369083514,2386359.783128451,825046819825.6044,908320.8793293284,38.06303164137912
3520060,35.20.06,2024,2145799.256,391000000000.0,625299.9280345393,29.140653594976328,3378101.9134562374,441748980277.4486,664641.9940670681,19.675013101870952
3520060,35.20.06,2025,2162924.205,115000000000.0,339116.4991562634,15.678612240425846,1472920.7005379598,124576904057.1276,352954.5353967386,23.96290141538698
3520061,35.20.16,2018,827958.7581,10177666374.0,100884.42086863561,12.184715709771005,840632.7957027922,9876668591.712622,99381.42981318301,11.822216587457476
3520061,35.20.16,2019,1024492.446,15353989232.0,123911.21511792224,12.094888117693573,709048.7277796539,15738601053.736183,125453.58127106688,17.69322422507092
3520061,35.20.16,2020,704458.5294,14605382315.0,120852.72986159642,17.155407283453417,887628.3098359384,15069128423.619379,122756.37834189872,13.829705179703874
3520061,35.20.16,2021,901795.3002,6850097015.0,82765.31287320793,9.177838125221129,1068456.9826962573,7445429521.98921,86286.90237799252,8.07584243216297
3520061,35.20.16,2022,788556.5808,24457116278.0,156387.71140342197,19.832148410297304,1069441.3449069716,24712288810.0294,157201.4275063347,14.699396863135988
3520061,35.20.16,2023,1010122.476,25927186474.0,161019.21150595666,15.940563182355785,840584.0394224745,23389146756.39125,152935.10635688345,18.193910327152764
3520061,35.20.16,2024,993549.6986,80320882122.0,283409.3896150937,28.524933379220265,1135429.83703749,81461071346.32037,285413.85976563994,25.137075885756914
3520061,35.20.16,2025,973868.0639,18101538196.0,134541.95700970013,13.815213990168933,830933.8674084727,16904311466.001354,130016.58150405799,15.647043236973285
3520070,35.20.07,2018,937247.8982,38295929326.0,195693.4575452128,20.879583504112976,1649256.397192642,37098344026.23662,192609.30410090947,11.678554312644673
3520070,35.20.07,2019,934003.0418,13240671426.0,115068.11646151161,12.319886693276036,1637500.3854517178,13674988635.891294,116940.10704583477,7.1413789019399765
3520070,35.20.07,2020,1018946.441,9776377208.0,98875.56426134822,9.703705737890518,1825552.095471161,8503131296.08898,92212.42484659527,5.051207526498769
3520070,35.20.07,2021,1334484.633,12315703732.0,110976.14037260442,8.316029846152933,2908676.3272951003,10071138091.354683,100355.06011833526,3.4501968877252014
3520070,35.20.07,2022,1208720.456,2796319694.0,52880.2391636044,4.374894037832384,2771725.418631991,2864593212.340408,53521.89470058406,1.9309955575253286
3520070,35.20.07,2023,1214716.068,14612961791.0,120884.08410953032,9.951632920157463,2148948.3699705773,13596985452.808327,116606.11241615222,5.426194228098125
3520070,35.20.07,2024,914035.2485,13138961921.0,114625.31099630657,12.540578843585653,2524691.9200883713,14986982299.81203,122421.33106535001,4.848961177847985
3520070,35.20.07,2025,1161833.368,15905298043.0,126116.20848645903,10.854930832599312,1445472.6871548428,13512654224.963387,116243.94274526044,8.04193284164131
3520071,35.20.18,2018,1090355.548,4481484306.0,66943.88923568753,6.139638520524823,1038393.916256446,4679883815.212928,68409.676327351,6.5880274582094405
3520071,35.20.18,2019,599822.9794,8276132863.0,90973.25355839485,15.16668361878949,1119874.1153199482,10117383429.294676,100585.20482304879,8.98183139042477
3520071,35.20.18,2020,1026224.32,6737639627.0,82083.12632325842,7.998555941770939,949884.3323051638,5671211439.925393,75307.44611209036,7.928064875997635
3520071,35.20.18,2021,1066185.489,6944872584.0,83335.90213107434,7.816266774483773,1510849.625472853,6175903677.492817,78586.9179793483,5.201504944924803
3520071,35.20.18,2022,1224000.591,36537748453.0,191148.49843250142,15.61669984785991,1450889.1903762314,38305416757.49458,195717.69658744347,13.489499948420717
3520071,35.20.18,2023,976864.0291,6449352332.0,80307.85971497434,8.220986475360673,1303724.3492008778,6003357413.828108,77481.33590632075,5.943076537138635
3520071,35.20.18,2024,1130180.361,5167840777.0,71887.69558832722,6.360727727096579,1338865.7062456275,5104768475.551416,71447.66249186474,5.336432336609344
3520071,35.20.18,2025,1151682.139,23398098844.0,152964.37115877672,13.281821952330958,1010820.4095649383,27335579780.561153,165334.75067438532,16.35649113431991
3520080,35.20.08,2018,723446.8012,21046190046.0,145073.05072273072,20.053036447475375,1607973.4832026067,20722509017.27909,143953.1486883114,8.952457872725574
3520080,35.20.08,2019,777054.5347,45778014944.0,213957.97471466212,27.534486340429837,990693.4261794358,52376911032.97688,228860.0249781007,23.100993600077572
3520080,35.20.08,2020,770345.0088,17845779440.0,133588.09617626865,17.341333383124617,1026999.5693069964,19425753963.221725,139376.30344940894,13.571213427427036
3520080,35.20.08,2021,1007839.736,2785772137.0,52780.41433145443,5.236984854450552,2191496.658665136,3336006600.8314824,57758.1734547716,2.6355583626558077
3520080,35.20.08,2022,994812.1401,4765965011.0,69035.96896546031,6.939598561646093,2018228.3076589003,4267679006.471276,65327.47512701892,3.2368724033405982
3520080,35.20.08,2023,928098.435,5749176232.0,75823.32248061938,8.169750063269891,1704042.953373622,6183074843.390447,78632.53043995498,4.614468801052241
3520080,35.20.08,2024,1004650.073,7967960188.0,89263.43141510974,8.885027116810825,1947425.2116035013,7904322425.328436,88906.25639024757,4.565323272006042
3520080,35.20.08,2025,1559801.289,57545676621.0,239886.7995972267,15.37931794831506,944013.5877691506,68396414476.0551,261527.08172587998,27.703741250579743
3520090,35.20.09,2018,1129361.83,11289598815.0,106252.52380531956,9.408191509829896,775819.3925855323,10913455345.231104,104467.48463149242,13.465438687132988
3520090,35.20.09,2019,1225811.764,22121339477.0,148732.4425839904,12.133383522006271,820629.5353413603,22303615077.94841,149343.9489164138,18.19870507759517
3520090,35.20.09,2020,1065142.924,5631298393.0,75041.97753924133,7.0452495949962595,921154.8044165359,4748799714.281999,68911.53542246754,7.48099397539553
3520090,35.20.09,2021,1033219.887,1688744097.0,41094.33168941916,3.9773074644099604,1215144.5670210666,1711236016.2308378,41367.088563625526,3.404293586650119
3520090,35.20.09,2022,952929.1108,13539501519.0,116359.36369282877,12.210705116894072,1035425.3281643476,13411437974.311575,115807.76301402067,11.184559606952083
3520090,35.20.09,2023,794547.6827,4146116234.0,64390.3427075831,8.104024982965708,863993.4414380275,4628053171.701703,68029.79620505785,7.873878775263537
3520090,35.20.09,2024,1011161.307,10063231778.0,100315.66068167024,9.920836565561961,925900.4023115968,10774460654.300537,103800.09949080269,11.210719774141587
3520090,35.20.09,2025,1440120.488,46127631499.0,214773.44225718413,14.913574527049168,839252.9397805111,43829605304.2433,209355.21322442224,24.94542506805811
3520100,35.20.10,2018,987604.7695,31295004976.0,176903.94279382244,17.91242288991623,815917.9629775585,29053123412.366684,170449.76800326447,20.89055220468931
3520100,35.20.10,2019,874490.009,8926638435.0,94480.88925809282,10.804113058551001,730713.2049887468,8931311874.802986,94505.6182181937,12.933339314656166
3520100,35.20.10,2020,1029388.197,16567747596.0,128715.76281093158,12.504103232002725,779266.6683149745,15241104422.310043,123454.86795712044,15.842441743860238
3520100,35.20.10,2021,1167359.184,35000189225.0,187083.37506309853,16.026204927094533,1297860.3562454483,41405556680.13291,203483.55383207978,15.678385802670858
3520100,35.20.10,2022,904787.5025,2407006700.0,49061.25457017992,5.422406303648068,1149254.1143175967,2118425132.5098126,46026.352587510264,4.004889085373408
3520100,35.20.10,2023,1310236.871,42509033745.0,206177.19016661373,15.73587148476863,860210.4854673775,43557791176.52882,208705.03390318312,24.262089038566835
3520100,35.20.10,2024,1337995.998,35699951726.0,188944.308530318,14.121440483584916,1192425.7617392717,35911815603.81888,189504.13083576536,15.892321091700898
3520100,35.20.10,2025,1066554.044,18825641334.0,137206.56447123803,12.864473698553436,1013609.8235559253,18648171030.540356,136558.30634033345,13.472472658291965
3520110,35.20.11,2018,894758.4592,4747848922.0,68904.63643326188,7.700920368483495,947976.8963012121,5422592219.041716,73638.25241708086,7.767937457589989
3520110,35.20.11,2019,1626086.756,43147830034.0,207720.55756231735,12.774260462786607,716499.0290765234,40308060526.06371,200768.67416522856,28.020788028700327
3520110,35.20.11,2020,1156399.68,10332531357.0,101649.05979397941,8.790132127499326,1071633.7406800154,9501837019.79474,97477.36670527543,9.096145726376648
3520110,35.20.11,2021,1273073.547,10284741861.0,101413.71633561212,7.966053224072852,1187639.204708,9346098435.232956,96675.22141289854,8.140117051513778
3520110,35.20.11,2022,1670777.447,3245929982.0,56973.06365292286,3.40997322864407,1213435.1286828185,2964877471.616535,54450.68844024413,4.48731762853695
3520110,35.20.11,2023,1467777.834,13511076410.0,116237.15589259744,7.919260885404366,1261859.1190976351,10478484426.14711,102364.46857258191,8.112194699340407
3520110,35.20.11,2024,1200621.44,797771385.1,28244.847053931804,2.352518963340502,1442172.6666598956,733686544.3091046,27086.648820204846,1.8781834829069488
3520110,35.20.11,2025,1219903.369,8953454231.0,94622.69405908923,7.756572894511715,946472.4112265409,8393303837.925554,91614.97605700475,9.679624569117678
3520120,35.20.13,2018,1202393.436,33525491348.0,183099.67599097494,15.227933761855212,837358.051696115,35645964551.40935,188801.38916705392,22.547271001291055
3520120,35.20.13,2019,1067227.565,9783460248.0,98911.37572594974,9.2680679331919,831434.9120340756,10004987908.74659,100024.9364346041,12.030398890743797
3520120,35.20.13,2020,860179.7446,2434554525.0,49341.20514336876,5.736150549128934,973697.4462395657,2350476527.710845,48481.71333307895,4.979135307411564
3520120,35.20.13,2021,813489.7858,5180370816.0,71974.79292085528,8.847657853512448,960538.3260720707,5286093750.370116,72705.52764659724,7.569247959517862
3520120,35.20.13,2022,1069345.251,7883502897.0,88789.0922185828,8.303126809190159,858713.4938776572,7115131761.822324,84351.24042847457,9.822978330941691
3520120,35.20.13,2023,980558.5139,16709907535.0,129266.8075532153,13.182977427739543,865744.6596983171,13525903619.589205,116300.9183952956,13.43362815958028
3520120,35.20.13,2024,1032452.966,2608234447.0,51070.876700914385,4.946557216913878,897355.227915034,2597662219.5645037,50967.26615745153,5.6797202013155665
3520120,35.20.13,2025,1152491.954,3.08e-21,5.549774770204643e-11,4.81545641246589e-15,1421377.893435497,1.2988449490493081,1.139668789188029,8.018056242829471e-05
3520121,35.20.14,2018,1189847.457,33611539083.0,183334.50052567848,15.40823568997034,1067016.0075848852,29096229714.067467,170576.16983057003,15.986280301141594
3520121,35.20.14,2019,854661.0057,5198285625.0,72099.13747750384,8.435992398933879,797068.0556163226,5306797249.61583,72847.76763646111,9.139466463767954
3520121,35.20.14,2020,1032163.616,3277532087.0,57249.7343836633,5.546575513437135,654855.5104272023,3475876874.705682,58956.56769780345,9.002988714158102
3520121,35.20.14,2021,1119846.251,20042723481.0,141572.32597156832,12.64212170600626,1674257.328000471,17345843746.609234,131703.62085610718,7.866390587246104
3520121,35.20.14,2022,1186721.062,7802394044.0,88331.16122864003,7.443295990700133,1363909.4364990331,7844604051.666299,88569.76940054828,6.493816013759288
3520121,35.20.14,2023,1239617.254,8425376134.0,91789.84766301772,7.404692647414354,1233385.9743354945,7601194708.226041,87184.83072315987,7.068738621754803
3520121,35.20.14,2024,1221036.716,3705325994.0,60871.388960660326,4.985221833465352,1579486.9550825688,4416367725.311955,66455.7576535845,4.207426812848257
3520121,35.20.14,2025,1032591.069,6537645792.0,80855.70970562314,7.830370815033956,798867.3120618005,6250977501.80147,79063.12352672053,9.89690306925516
3520130,35.20.12,2018,1467466.652,79779906975.0,282453.3713287912,19.24768586351434,1120226.3847815632,77453011038.47072,278303.8106790324,24.84353291975888
3520130,35.20.12,2019,1030326.245,17585305409.0,132609.59772580565,12.870641543815633,904280.5350779733,15640380351.022703,125061.50627200483,13.829945622043184
3520130,35.20.12,2020,1531644.547,26840246777.0,163829.932481827,10.696341576295705,733615.7386347669,29678677967.531673,172275.00679881478,23.483003120872585
3520130,35.20.12,2021,1342719.55,55480832216.0,235543.69491879846,17.542285350563226,1646987.45070862,56320934494.43794,237320.32044146143,14.40935814898613
3520130,35.20.12,2022,815762.1568,79295947.19,8904.827184735255,1.0915960136795666,1256794.218970368,77055457.95675072,8778.123828971127,0.6984535492343869
3520130,35.20.12,2023,1449240.531,15680425708.0,125221.50657135539,8.64049161562922,937198.9923058253,17506293394.809452,132311.35021157275,14.117743541960309
3520130,35.20.12,2024,1395811.511,39248280563.0,198111.7880465471,14.193305219600463,1506335.582588762,34042737673.629242,184506.74153978558,12.24871427538713
3520130,35.20.12,2025,1533192.783,45350224378.0,212955.9212090615,13.889702819522173,768561.2973417595,42996440874.08175,207355.83154105349,26.979738930159485
3520131,35.20.15,2018,703947.1021,1270176295.0,35639.532755074106,5.062814045083076,840635.1968077366,1062047497.4755363,32589.07021495913,3.8767196922891443
3520131,35.20.15,2019,808200.7031,7622070518.0,87304.4702062844,10.80232544606956,576927.0945221613,7459960508.20451,86371.0629100077,14.970879982945567
3520131,35.20.15,2020,924769.4066,13461563427.0,116023.97781062327,12.546260395572137,644054.1805621483,14963842057.092363,122326.78389090578,18.993244292605254
3520131,35.20.15,2021,1022529.282,1214304717.0,34846.87528315846,3.4079097681193304,1239604.8391698506,1399730165.3652277,37412.967876997245,3.0181366428072587
3520131,35.20.15,2022,1168750.567,11363438874.0,106599.43186527779,9.120802579707137,978802.896102874,9934681801.113375,99672.87394829837,10.183140481617716
3520131,35.20.15,2023,1567090.105,31931602637.0,178694.1594932526,11.402928199412797,1001803.969084889,34152327506.068573,184803.48347925852,18.447070403211686
3520131,35.20.15,2024,1590487.946,27764917002.0,166628.0798725113,10.476538366202199,1342798.282399041,24894484084.65744,157779.85956597072,11.750079042704872
3520131,35.20.15,2025,1536554.776,36662080027.0,191473.44470448114,12.461218284904223,871359.6143160763,38600308248.36139,196469.61151374376,22.547477331497777
3521010,35.21.01,2018,705320.0878,13400231721.0,115759.36990585255,16.41231717459282,979074.5058415764,15596514679.540443,124886.00674030876,12.755516152773414
3521010,35.21.01,2019,807036.2034,13896523283.0,117883.51573905488,14.606967474621088,1083331.986955054,13798073731.101372,117465.20221368271,10.842955218542457
3521010,35.21.01,2020,698517.1041,1079892734.0,32861.721409567086,4.704497744820088,1339948.8722161145,1145475079.7761555,33844.86784988465,2.525832780015651
3521010,35.21.01,2021,812666.8565,501319168.8,22390.157855629335,2.7551459342219817,1354225.517125105,483716275.3543122,21993.55076731159,1.624068553515507
3521010,35.21.01,2022,658653.7834,452911479.3,21281.717019545205,3.231093110812792,1439598.4778221375,460041276.4398744,21448.572829908157,1.4898996602411057
3521010,35.21.01,2023,901065.672,5922110314.0,76955.24877485615,8.540470596782,1168837.2955018869,5485169517.028498,74061.93028154544,6.336376377324955
3521010,35.21.01,2024,1080735.823,17908090751.0,133821.1147427789,12.382407605524417,1530325.547302551,17642957715.74272,132826.79592515482,8.679643109878402
3521010,35.21.01,2025,975553.1101,22404510133.0,149681.36200943656,15.343230466877742,1087949.5932814502,17496589658.589195,132274.67504624306,12.158162093454994
3521020,35.21.02,2018,883938.4906,8700175811.0,93274.73297201123,10.552174609875646,999815.247593165,8094533883.358626,89969.62756040855,8.99862527371838
3521020,35.21.02,2019,647307.5318,2202426694.0,46930.01911356951,7.250034459365688,1046937.5364521878,2569728711.0547934,50692.49166350766,4.841978618446709
3521020,35.21.02,2020,721531.2512,2692859919.0,51892.77328299192,7.192034052120058,982982.312881279,2856195657.401276,53443.387405751855,5.436861549329479
3521020,35.21.02,2021,971025.7931,21854125392.0,147831.40867894076,15.224251480178397,1202306.085374362,23190641417.622818,152284.73796681932,12.666053995676352
3521020,35.21.02,2022,784591.7816,12305560802.0,110930.43226274745,14.138617668990818,1361429.806650196,10242773036.942402,101206.58593660001,7.43384531778537
3521020,35.21.02,2023,1410725.169,57903827320.0,240632.14107845194,17.057336635528046,1128571.7018266204,62055834023.31069,249110.0841461676,22.07304008624148
3521020,35.21.02,2024,1266190.643,14079333102.0,118656.36561938007,9.37112955899328,1785875.4655266472,15894283940.376806,126072.53444099872,7.059424740113133
3521020,35.21.02,2025,1227072.013,20131653273.0,141886.0573594178,11.562977221893318,1130147.9056045169,19645334523.2114,140161.81549627346,12.402077179561804
3521030,35.21.03,2018,403763.6087,1643769136.0,40543.42284514222,10.041376184366914,648106.7364054713,1522578489.9194696,39020.231802482536,6.020649008972888
3521030,35.21.03,2019,820042.6186,24812791455.0,157520.76515494712,19.208851050189445,754117.5114723394,23276732989.2642,152567.142561117,20.231215989567044
3521030,35.21.03,2020,500906.7871,317713353.6,17824.515522167778,3.5584495920613928,1284898.4693254794,308660004.9889705,17568.722349361964,1.3673237822895723
3521030,35.21.03,2021,942689.6764,6019030784.0,77582.41285239845,8.229899488098228,2636365.6471911552,6287990965.977652,79296.85344310738,3.0078093881852874
3521030,35.21.03,2022,648254.1646,612574308.5,24750.238554405896,3.8179837332287456,2089323.1647584229,648078919.6673887,25457.39420418729,1.2184517279848754
3521030,35.21.03,2023,754865.4074,1296809124.0,36011.236079868184,4.770550581182744,1475659.3377820828,1168487386.893855,34183.1447777096,2.316465860547929
3521030,35.21.03,2024,861284.6265,14701991680.0,121251.76980151671,14.078013942295383,1743449.5547369998,13945453783.512817,118090.87087286984,6.7734033687418
3521030,35.21.03,2025,1102979.437,8700358776.0,93275.7137522946,8.456704687622803,721920.7587245101,8426595129.81986,91796.48756798846,12.715590521343994
3521040,35.21.04,2018,600962.9654,4616035181.0,67941.40991324805,11.305423765676867,1040324.7173573315,4596423533.187961,67796.92864125897,6.516900685920358
3521040,35.21.04,2019,502866.5619,3163519109.0,56245.16965037976,11.184909459453115,809993.9076077908,3159007903.5341644,56205.052295449066,6.938947536215823
3521040,35.21.04,2020,685086.2402,14282907379.0,119511.11822336866,17.44468232035711,781267.0206847115,16324589806.008368,127767.71816859048,16.353911631469273
3521040,35.21.04,2021,992642.8716,3859302460.0,62123.28436262848,6.258372083254327,1286127.7406037024,4013765889.8389187,63354.28864598607,4.925971709174694
3521040,35.21.04,2022,726450.8418,9648966177.0,98229.15136047955,13.521789184948474,1674436.5586555563,11013741493.038069,104946.3743682366,6.267563487296315
3521040,35.21.04,2023,1016105.093,20893449184.0,144545.6647015053,14.225464048678408,1291689.1576697803,21454178291.008934,146472.44891449358,11.339605046986017
3521040,35.21.04,2024,1274212.476,9494452963.0,97439.48359366444,7.647035751803802,1902027.3841964286,8362678017.466732,91447.67912564393,4.807905495234438
3521040,35.21.04,2025,1430795.625,29632009661.0,172139.50639234445,12.03103387965311,911047.5789682559,27262424885.254448,165113.36979558755,18.123462880234566
3521050,35.21.05,2018,792244.1344,14012825290.0,118375.77999743022,14.94183104139751,1097487.8688562948,13336463714.52488,115483.60799059267,10.52254072848564
3521050,35.21.05,2019,949353.9719,1818964574.0,42649.32090901331,4.492457204730141,986396.9186241535,1603801610.3739865,40047.49193612487,4.059977396521465
3521050,35.21.05,2020,806573.1984,5636168653.0,75074.42076366623,9.307824871021184,1148850.4107516403,5304588277.051352,72832.60449174773,6.339607298751512
3521050,35.21.05,2021,1022892.153,3978784485.0,63077.60684268229,6.1665940693439145,1273007.4376579116,3685508226.0785937,60708.38678534123,4.768894901119586
3521050,35.21.05,2022,1067616.026,28936343298.0,170106.85846843448,15.933336923179015,1333710.941086919,30357675387.254375,174234.54131501704,13.063890828774571
3521050,35.21.05,2023,989099.5345,32864434889.0,181285.50656078383,18.328338072914526,1365282.9230891522,33371168760.85002,182677.77303451567,13.380213723114656
3521050,35.21.05,2024,1422859.63,65678821375.0,256278.79618688708,18.011530496995483,1463841.459827001,66632608870.364655,258132.92868280996,17.63394027064355
3521050,35.21.05,2025,1633309.071,98213504833.0,313390.3394059874,19.18744865686155,1140083.3485733066,96876099924.11818,311249.2569053269,27.3005703745101
3521051,35.21.18,2018,707433.4067,21363587478.0,146162.87995931113,20.661009018661478,649388.8057315513,23531877004.637203,153401.0332580495,23.62237105169063
3521051,35.21.18,2019,919124.3415,17879085094.0,133712.696083805,14.547835374002549,671689.9431802571,16303568563.182068,127685.42815522086,19.009578668197317
3521051,35.21.18,2020,841896.6605,10924609550.0,104520.85700949834,12.414927141702131,855342.3855781419,9337142033.278397,96628.88819229163,11.29710041517215
3521051,35.21.18,2021,802813.1425,2728653055.0,52236.51074679472,6.5066835582845135,950767.5539223332,2861406771.3489866,53492.118777900236,5.626203645383331
3521051,35.21.18,2022,688810.4471,8985017835.0,94789.333972763,13.761308988828633,932675.5697520381,7494258669.98493,86569.38644801019,9.28183274608829
3521051,35.21.18,2023,917780.429,1155161411.0,33987.66557149814,3.7032458415495517,802062.5450065259,1150148595.1325195,33913.8407605585,4.228328697269184
3521051,35.21.18,2024,1298591.379,66658255858.0,258182.60177246647,19.881743090831534,1095950.1837875,59742261127.69755,244422.30079863325,22.302318519071086
3521051,35.21.18,2025,1397541.773,83537434553.0,289028.43208411173,20.68120164048304,954201.5978124646,82626730995.10052,287448.6580158282,30.124520717090892
3521060,35.21.06,2018,876817.0105,31893721282.0,178588.1330939993,20.367776965476573,656491.727220626,33497600179.5803,183023.49625001787,27.87902553241307
3521060,35.21.06,2019,906365.1806,7700116835.0,87750.30960059343,9.68156229727449,716027.4949194671,6416838987.799546,80105.17453822534,11.187443932894633
3521060,35.21.06,2020,1017933.43,30847768406.0,175635.32789846126,17.254107461473314,833757.686697639,28719850201.81188,169469.31935253614,20.32596785089598
3521060,35.21.06,2021,971539.2412,9056068298.0,95163.37687366921,9.795114066224215,1116020.1308636367,9254377984.80506,96199.67767516199,8.619887313387213
3521060,35.21.06,2022,657775.1027,1394576634.0,37344.030767982185,5.677325063641723,973814.5473329165,1424469997.0066772,37742.15146234614,3.8757021617426393
3521060,35.21.06,2023,821894.3088,3698252348.0,60813.257995276,7.399157938453898,737103.8707623335,3899239979.1848464,62443.894650997274,8.471519025726462
3521060,35.21.06,2024,1232820.187,32632955677.0,180645.94010660742,14.653064738191818,978555.424737662,28868141524.501377,169906.2727638429,17.362968766883345
3521060,35.21.06,2025,1079721.692,16259208776.0,127511.60251522213,11.809673127806542,868726.6224694942,16058057174.930016,126720.38973634044,14.586912206755848
3521070,35.21.14,2018,728677.1637,3554043514.0,59615.79919786365,8.181373338935563,584137.5669067235,3739859305.4798956,61154.38909415984,10.469175851503678
3521070,35.21.14,2019,1090544.394,11087875408.0,105298.98103970427,9.655634527034602,549829.0750678751,11020773718.36687,104979.87292032159,19.093183260154454
3521070,35.21.14,2020,861130.5346,8470348245.0,92034.49486469734,10.687635749375428,759346.5150072079,8175165712.172512,90416.62298588967,11.907162434930175
3521070,35.21.14,2021,959111.1544,1242981373.0,35255.94096035447,3.675897292885709,1072412.9754057317,1278830048.652352,35760.73333493529,3.3346046863528245
3521070,35.21.14,2022,788927.8455,7071812007.0,84094.06641969456,10.65928486354771,915230.1612765269,6304740056.457478,79402.39326656016,8.675674887703968
3521070,35.21.14,2023,809314.8758,784632923.3,28011.299921638765,3.4611126965817673,779389.7731876262,710093497.0563133,26647.579572192168,3.4190312073516487
3521070,35.21.14,2024,1115484.169,20572062973.0,143429.64467989176,12.858061877155313,942636.1491908262,22505897017.51529,150019.65543726357,15.914905827242338
3521070,35.21.14,2025,806115.9369,2.61e-22,1.6155494421403514e-11,2.0041154977696006e-15,994189.4763594207,1.2529309349928155,1.1193439752787413,0.00011258859622791607
3521080,35.21.07,2018,501753.9738,9879814674.0,99397.256873618,19.809959076325708,747541.0015017119,9865022807.810522,99322.8211833037,13.286605147246394
3521080,35.21.07,2019,443811.9568,3692074820.0,60762.445803308474,13.691033977863409,620288.3933118324,3618327143.376845,60152.53231059225,9.697510538513699
3521080,35.21.07,2020,724803.4368,793126858.8,28162.50803461936,3.885537320153524,626506.4034080033,813139980.8458687,28515.609424416456,4.5515272101450615
3521080,35.21.07,2021,997366.8362,3579032478.0,59825.0154868346,5.99829604469002,1294321.1227943806,3632143061.0146613,60267.26359322001,4.6562837098034615
3521080,35.21.07,2022,868578.2383,8809797692.0,93860.52254276023,10.806225438766006,1171852.6355263628,8658506480.74809,93051.09607494202,7.940511737906884
3521080,35.21.07,2023,693916.0748,12727467.6,3567.557651951822,0.5141194708567691,943948.784684078,14065773.38052706,3750.436425341331,0.39731354986558215
3521080,35.21.07,2024,1050832.106,3135129843.0,55992.23020205571,5.328370715203072,996408.184416597,2762084953.425885,52555.54160529492,5.274499188910869
3521080,35.21.07,2025,1073982.639,14705481709.0,121266.16060962761,11.291258927848238,722410.0580084617,16483209680.217016,128386.95292052467,17.772032863781202
3521090,35.21.15,2018,598724.488,3157297471.0,56189.83423182525,9.384923342541693,608128.8606373059,3716400983.851758,60962.29149114851,10.024568054089942
3521090,35.21.15,2019,419109.5144,1672363982.0,40894.54709371409,9.757484783484099,587818.5069747178,1759628944.392609,41947.931348191756,7.13620460234947
3521090,35.21.15,2020,988118.8516,34400506018.0,185473.73403800334,18.77038715916381,582996.4784986085,31652143862.9973,177910.4939653569,30.516564083462395
3521090,35.21.15,2021,1071850.081,19939399815.0,141206.9396842804,13.174131549492357,888545.6527269025,22193767208.692265,148975.72691110545,16.766243406166733
3521090,35.21.15,2022,1205590.602,43234266882.0,207928.5138743602,17.247025111959207,918923.7624942269,42995169968.29682,207352.76696561545,22.564740996880918
3521090,35.21.15,2023,1505397.867,62848070900.0,250695.17526270825,16.653084261524878,898969.0258583439,68388006047.44959,261511.0055952705,29.090101891505928
3521090,35.21.15,2024,1463870.415,14760989705.0,121494.81349012392,8.29956068824056,1199715.9355527028,15810080653.641596,125738.14319307246,10.480659585066324
3521090,35.21.15,2025,1199769.054,91928212530.0,303196.6565283991,25.271251622764318,968380.0087244029,73888892689.90536,271825.1141633263,28.070087332904308
3521100,35.21.08,2018,652657.1007,214270244.9,14637.972704579006,2.242827464663943,677053.8426854585,228421237.69313893,15113.611007735342,2.2322613143718217
3521100,35.21.08,2019,592205.8699,8962983581.0,94673.03513144595,15.986507385925178,567033.0702965776,8656231854.285774,93038.87281285052,16.408015279283095
3521100,35.21.08,2020,903073.0624,10884429385.0,104328.46871779533,11.552605548938951,604620.3348832305,10157421025.650063,100784.03160049742,16.668978164613286
3521100,35.21.08,2021,1136314.116,6507130927.0,80666.78949233073,7.098986834405456,879281.2561333986,7164356162.091216,84642.51982361593,9.626330509514982
3521100,35.21.08,2022,1047847.14,22950454351.0,151494.0736497636,14.457650153987498,962673.3641441865,23075869056.441,151907.43581681905,15.779748508141624
3521100,35.21.08,2023,1090878.251,65226041663.0,255393.89511693502,23.411768901141567,929571.2712419339,62580404339.829834,250160.7569940374,26.91141225350214
3521100,35.21.08,2024,1468384.875,26016779523.0,161297.17766594677,10.984666241944693,1154623.0458862318,27501239493.141186,165834.9766880955,14.362694151909011
3521100,35.21.08,2025,985218.5361,2997782325.0,54752.0074974425,5.557346465909889,933408.0510155647,2590205077.927172,50894.05739305103,5.452498222795206
3521101,35.21.19,2018,857822.0059,11100429696.0,105358.57675576299,12.282102351200942,506720.29531429557,12477666782.780237,111703.47703979602,22.044405576948805
3521101,35.21.19,2019,933240.8668,2914245369.0,53983.75097193599,5.784546400870921,528060.9675988029,2495308768.4179783,49953.06565585318,9.459715586061888
3521101,35.21.19,2020,1382968.581,20276090700.0,142394.13857318705,10.296267068498722,588414.0487503724,24572643159.328724,156756.63673136372,26.640532642663985
3521101,35.21.19,2021,821790.2794,2.98e-21,5.4589376255824724e-11,6.6427381321279624e-15,1013520.7730737365,1.4035088246281817,1.1846977777594512,0.0001168893434879071
3521101,35.21.19,2022,651709.0201,6.3599999999999996e-24,2.521904042583698e-12,3.869677977138832e-16,803758.1441741248,1.3498835784421634,1.1618449029204214,0.00014455155588056115
3521101,35.21.19,2023,595180.409,3.92e-22,1.979898987322333e-11,3.3265526845026468e-15,734040.9388736591,1.1281111831564623,1.0621257849974561,0.00014469571501382787
3521101,35.21.19,2024,1590736.645,1.4e-20,1.1832159566199232e-10,7.438163698177225e-15,1961868.708612914,1.2823327686086272,1.1324013284205503,5.7720545898363605e-05
3521101,35.21.19,2025,1238430.688,77964706143.0,279221.6075861608,22.54640572877671,861912.3917412258,68246243961.76931,261239.8207811537,30.309324159199047
3521110,35.21.09,2018,926790.1023,26023707445.0,161318.6518819197,17.40616904319304,2032805.3276531778,28054648545.161358,167495.2194695758,8.23960942993714
3521110,35.21.09,2019,974247.9477,36894752933.0,192080.0690675636,19.715727348569256,1888181.1963458464,36102058740.765816,190005.41766161777,10.062880513233099
3521110,35.21.09,2020,731120.2126,7871753137.0,88722.90085992454,12.13520011222359,2077429.0215293104,8214845660.525683,90635.78576106505,4.362882429279969
3521110,35.21.09,2021,1056112.514,12756918003.0,112946.52718432737,10.694554385739185,2064535.7654118186,14190246816.284712,119122.82239892031,5.769956829745623
3521110,35.21.09,2022,838358.6756,9649408173.0,98231.40115563862,11.717109158002806,2424456.487755162,8716273840.943308,93360.98671791825,3.8508006717976806
3521110,35.21.09,2023,1021411.621,9111324227.0,95453.25676476418,9.345229171302348,2064286.8699093366,9675248096.228357,98362.83900044954,4.764979152571447
3521110,35.21.09,2024,1415284.213,72244533318.0,268783.4320005606,18.991480971218934,2816436.8074560245,72176202279.82909,268656.2902294102,9.538871581218851
3521110,35.21.09,2025,1177901.818,8528424129.0,92349.46739965532,7.8401668108857026,1428127.9633330693,7262938457.625471,85222.87520158816,5.967453714910027
3521120,35.21.10,2018,683976.058,3419782924.0,58478.91007876258,8.549847526792025,2022625.6444198203,2787591089.375015,52797.64283919326,2.6103516973027396
3521120,35.21.10,2019,766839.0628,5309666620.0,72867.45926680852,9.50231447531425,1408399.9459916628,5615626842.020147,74937.48622698887,5.3207532732632234
3521120,35.21.10,2020,1085991.086,26231626520.0,161961.80574444088,14.913732518835875,1551484.304003378,28320629335.085117,168287.34157709283,10.846860721881106
3521120,35.21.10,2021,1067268.159,4898773874.0,69991.24140919348,6.5579808428627056,2393397.9960798514,4683230755.293905,68434.13443080803,2.859287696525875
3521120,35.21.10,2022,947524.1839,10554881453.0,102736.95271420114,10.842673407166968,2256036.884557059,10003710392.369106,100018.55024128828,4.433373892330024
3521120,35.21.10,2023,1106508.34,13666807159.0,116905.1203284099,10.565227219924063,2108286.654770249,11921072063.552925,109183.66207245902,5.178786377337162
3521120,35.21.10,2024,1087124.532,7818745857.0,88423.67249215563,8.133720644633161,2597234.9065147266,7284693101.19284,85350.4135970813,3.28620308401809
3521120,35.21.10,2025,1060812.269,11245711746.0,106045.80022801469,9.996660420225087,1242383.5652600748,11466469304.947533,107081.60115046625,8.619045208316988
3521130,35.21.11,2018,808252.3806,11094727497.0,105331.5123645341,13.032007686304869,1147034.4149775426,10734636603.512657,103608.09139981616,9.032692484806104
3521130,35.21.11,2019,776213.7985,2696274575.0,51925.66393412799,6.689608460255682,1232350.6200397883,2543801634.0316896,50436.11438276832,4.092675701428211
3521130,35.21.11,2020,804290.104,9754151393.0,98763.10744908749,12.279537813272347,1325716.7953162915,10291019493.018177,101444.66222043513,7.652061328545838
3521130,35.21.11,2021,837317.0985,1849182585.0,43002.12302898544,5.135703439714893,1471694.12076356,1687592902.4580984,41080.32257003465,2.791362824003192
3521130,35.21.11,2022,758404.2171,5676711611.0,75343.95537135012,9.934538030319995,1494228.821671789,6673776205.312749,81693.18334667066,5.467247195464334
3521130,35.21.11,2023,794473.584,8438035888.0,91858.78231285237,11.562219834970922,1378557.9940292174,8071216006.868483,89839.94660989332,6.516950828257229
3521130,35.21.11,2024,990395.0699,16107784516.0,126916.44698777223,12.81472927774034,1667226.9173081473,16193941430.23252,127255.41807810195,7.632759329699679
3521130,35.21.11,2025,959499.7365,3404653575.0,58349.409380044286,6.081232454829786,1181322.7450786286,3414078290.453545,58430.114585319316,4.946160126750985
3521140,35.21.16,2018,718853.6477,446497593.6,21130.489667776277,2.939470326871693,599309.8918407388,476809685.63538903,21835.972285093903,3.6435194183139923
3521140,35.21.16,2019,897511.3632,18132491809.0,134656.94118388402,15.003368949422121,499364.2687531201,20438737881.74614,142964.11396482034,28.62922377722226
3521140,35.21.16,2020,562675.6619,7041752346.0,83915.14968109156,14.913591499183266,621721.2315183212,6870826393.814578,82890.44814581821,13.332413941114629
3521140,35.21.16,2021,967440.0174,158789771.1,12601.181337477847,1.3025284369922576,515430.4792994937,150905933.0831411,12284.37760259514,2.3833238615012586
3521140,35.21.16,2022,683125.0934,1621477277.0,40267.571034270244,5.894611605299616,726695.6062095568,1568452960.2345102,39603.69882011667,5.449833256415228
3521140,35.21.16,2023,850171.5284,2295630757.0,47912.741071660676,5.635655802521542,549474.6314996267,2285756631.7825074,47809.587237106614,8.70096351975789
3521140,35.21.16,2024,1098420.684,42752971829.0,206767.9177943232,18.824109997761408,762710.2996395767,37057226029.55463,192502.53512500718,25.239273052425727
3521140,35.21.16,2025,1563848.125,157000000000.0,396232.255123179,25.337003561210842,748174.1849305675,140974637349.4499,375465.89372331795,50.18428880410545
3521150,35.21.12,2018,699383.1537,6375749203.0,79848.28866669592,11.416959108075227,1166274.4928694929,5734238821.7589,75724.7569937263,6.492876030188544
3521150,35.21.12,2019,786602.7452,22389608630.0,149631.57631329025,19.022508785580865,902771.2617711293,21788599605.53368,147609.61894650932,16.350721959947737
3521150,35.21.12,2020,734631.5361,2818698539.0,53091.416811006275,7.22694496520761,1001868.9574232368,3117963038.184519,55838.72346485474,5.573455794904505
3521150,35.21.12,2021,947545.5998,4737724262.0,68831.12858293114,7.264149461245922,1585130.3675105518,4283483159.465631,65448.3243442155,4.128892215155914
3521150,35.21.12,2022,805592.1029,6352615605.0,79703.29732827871,9.893753556093692,1593104.5049886308,5861469690.31622,76560.23569919453,4.805725893025511
3521150,35.21.12,2023,720359.276,8831612931.0,93976.66162936413,13.045804331304833,1381395.6405854677,8260366488.415723,90886.55834839233,6.5793285919066955
3521150,35.21.12,2024,1251848.803,4791813824.0,69222.92845582307,5.529655681255867,1545002.8441384805,5081680379.486969,71285.90589651624,4.613965997989244
3521150,35.21.12,2025,1085352.527,10032417287.0,100161.95528742438,9.228518181487072,1307762.2922985489,10409763246.139565,102028.2472952445,7.801742556433373
3521160,35.21.13,2018,1258492.399,12388622494.0,111304.18902269582,8.844248015414182,1397617.486406645,9788724951.733536,98937.98538343873,7.079046044122844
3521160,35.21.13,2019,1142738.669,105000000000.0,324037.034920393,28.356180088309678,949701.2291105473,99217017946.2381,314987.3298185787,33.16699190897999
3521160,35.21.13,2020,900084.2467,6012363548.0,77539.43221355183,8.614686069424774,860038.5243758874,6573122489.278887,81074.79564746917,9.426879534995658
3521160,35.21.13,2021,1071591.663,14147502190.0,118943.27299179218,11.099682565540096,1940016.312617026,15433567581.317842,124231.91047922366,6.403652880198642
3521160,35.21.13,2022,986280.9516,4637529936.0,68099.41215605315,6.904666671862462,1638407.8619077078,4846787535.259842,69618.8734127452,4.249178426895687
3521160,35.21.13,2023,1547901.474,17582670994.0,132599.66438117405,8.566415021139392,1532530.634079242,18753389429.3557,136943.01526312213,8.935744070486312
3521160,35.21.13,2024,1434540.392,38537547129.0,196309.824331336,13.68451006511192,2309980.652853989,37183229698.12869,192829.53533659902,8.347668847284822
3521160,35.21.13,2025,1361490.769,10057518084.0,100287.17806379836,7.3659829612695935,670832.0855953682,9999441273.083296,99997.20632639343,14.906443575614784
3521170,35.21.17,2018,640545.4436,15048956490.0,122674.18836087729,19.151519940790237,464070.21812990593,15164353591.269638,123143.62992566703,26.535559731005137
3521170,35.21.17,2019,573341.5214,6963808112.0,83449.43446183443,14.554926051416173,426150.9936386765,7731666998.322943,87929.89820489356,20.633507727884655
3521170,35.21.17,2020,641756.5627,5868473215.0,76605.96070150155,11.936918943096545,463367.7305587071,6422943067.130721,80143.26588760107,17.29582372751078
3521170,35.21.17,2021,899731.5933,617811854.8,24855.82134631644,2.7625818112211933,580119.265585902,682202085.0666195,26118.998546395676,4.5023497918167426
3521170,35.21.17,2022,938631.4894,32827901911.0,181184.71765300736,19.3030725795089,712104.9615325793,30568074110.42709,174837.2789493908,24.552178175125928
3521170,35.21.17,2023,837699.6358,18161750416.0,134765.5386810738,16.0875727912157,607939.129190635,16969020685.3087,130265.19368315046,21.427341559109024
3521170,35.21.17,2024,1044111.412,13184207805.0,114822.50565546808,10.997150719339908,698078.4437004331,11122665449.103952,105464.04813539045,15.107764619737821
3521170,35.21.17,2025,912924.5965,17546348.37,4188.836159364556,0.4588370359856501,764435.7928028029,16722289.347129155,4089.2895895410925,0.5349421924041151
3522010,35.22.22,2018,653505.0415,99595646.95,9979.76186840147,1.5271132179018498,547691.067581824,85138055.86726092,9227.02855025717,1.6847140836158823
3522010,35.22.22,2019,689708.1494,21600710758.0,146971.80259491954,21.309274469610834,558450.3094980753,21208209926.675655,145630.38806058184,26.077591073675244
3522010,35.22.22,2020,705803.7068,252316706.4,15884.480048147627,2.2505520862401376,705004.9696838644,261851408.28515354,16181.823391854008,2.295277918269172
3522010,35.22.22,2021,1053563.746,11516138107.0,107313.27088016654,10.185740662356329,532265.0954499731,11788617100.697376,108575.39822951319,20.398744752880013
3522010,35.22.22,2022,854705.4404,710848277.4,26661.73807912755,3.119406618805413,786399.7819122887,735095259.1772326,27112.640210374804,3.4476917255044226
3522010,35.22.22,2023,1132135.636,28154708682.0,167793.64911104355,14.8209846749355,617151.8351403013,26008502867.64605,161271.51908395372,26.13157895695
3522010,35.22.22,2024,1201744.09,26491695148.0,162762.69581203183,13.543873206152554,863218.6910406448,27113416168.28844,164661.5199987187,19.07529594849396
3522010,35.22.22,2025,1366616.511,1.19e-21,3.449637662132068e-11,2.524217755577862e-15,1685459.486981677,1.4750263606670473,1.2145066326155025,7.205789530963111e-05
3522020,35.22.01,2018,657801.0032,924578510.0,30406.882609041,4.622504748566945,745524.0050493584,973270941.3642312,31197.290609349897,4.184612487063303
3522020,35.22.01,2019,705989.1832,12625501772.0,112363.25810512972,15.915719500945707,718730.1773482709,13013202349.530132,114075.42395069209,15.8718010660926
3522020,35.22.01,2020,1160338.208,40897954325.0,202232.4264923902,17.428748368199056,812171.4266355145,31958035627.347015,178768.1057329495,22.011129654426625
3522020,35.22.01,2021,957218.7322,11896239814.0,109069.8850003978,11.394457852879638,1954743.508697122,13297036114.347786,115312.77515673528,5.899125621529429
3522020,35.22.01,2022,584194.6643,2724060021.0,52192.528402061536,8.934098784452308,1472036.327415333,2286795723.8572536,47820.45298674254,3.2485919060644264
3522020,35.22.01,2023,722437.0492,36132703381.0,190086.04204675314,26.311779311048262,1031692.1218129045,32654197867.53172,180704.72563696755,17.515373221948284
3522020,35.22.01,2024,793814.7454,80812387343.0,284275.1964962825,35.811276893456714,1396609.2820491053,87912536847.36043,296500.48372196703,21.230023853696682
3522020,35.22.01,2025,795225.2301,6551384459.0,80940.62304553876,10.178326841486207,480358.3677541929,5436794088.776443,73734.61933702813,15.349918787041785
3522030,35.22.02,2018,539048.2159,276073492.3,16615.45943692199,3.0823698041891596,693103.4115419087,282850035.99756384,16818.146033304736,2.42649881002466
3522030,35.22.02,2019,427453.0266,77893340.66,8825.72040459021,2.064722871373912,709934.3546243112,85220078.42885071,9231.472170182322,1.3003275739582298
3522030,35.22.02,2020,782903.5797,5806831420.0,76202.5683294205,9.733327360518707,760428.1937743999,6708165480.809191,81903.39114352464,10.770693645246842
3522030,35.22.02,2021,748005.1493,3608206861.0,60068.3515755177,8.030473002990822,984398.3386143051,3853503486.3281317,62076.59370751694,6.306044136045523
3522030,35.22.02,2022,640360.9562,6388414548.0,79927.55812609315,12.481641385570338,1157757.2646387063,6937983488.815969,83294.55857867289,7.194475139369224
3522030,35.22.02,2023,814332.1286,3572719528.0,59772.230408443014,7.3400309663826535,922021.0597370621,3116652232.1018004,55826.98480217072,6.054849204647366
3522030,35.22.02,2024,948341.8655,9295950777.0,96415.51108094589,10.16674625348446,1259217.688630528,9502406884.19307,97480.28972152817,7.741337387623867
3522030,35.22.02,2025,1194741.867,7420099619.0,86140.00011028557,7.209925632436681,648047.4389114904,7364748742.18391,85818.1143010257,13.242566693137823
3522040,35.22.03,2018,725165.0188,25369918.41,5036.856004493279,0.6945806642504967,408919.774350292,20912860.21868771,4573.058081709406,1.118326470999174
3522040,35.22.03,2019,725165.0188,25369918.41,5036.856004493279,0.6945806642504967,435570.16437961697,31055279.788050994,5572.726423219697,1.279409582875571
3522040,35.22.03,2020,725165.0188,25369918.41,5036.856004493279,0.6945806642504967,504687.36093901476,22984180.511829495,4794.181943963902,0.9499310494013381
3522040,35.22.03,2021,889355.6611,1.94e-21,4.4045431091090484e-11,4.9525103417695535e-15,1096849.7191688449,1.2276033920588698,1.107972649508493,0.0001010140796998222
3522040,35.22.03,2022,914795.6685,7.320000000000001e-21,8.555699854482976e-11,9.352580198058705e-15,1128225.091466842,1.5596858406603022,1.248873828959636,0.00011069367614718927
3522040,35.22.03,2023,856038.3382,8.930000000000001e-22,2.988310559496787e-11,3.4908606614282445e-15,1055759.188276936,1.5405691307896503,1.2411966527467153,0.00011756437135748964
3522040,35.22.03,2024,825693.8621,2.3100000000000003e-21,4.806245936279166e-11,5.8208570474962314e-15,1018335.0940203769,1.510063957635961,1.2288465964618858,0.0001206721248906793
3522040,35.22.03,2025,1311748.956,4.38e-22,2.092844953645635e-11,1.5954614974708889e-15,1617790.8759573824,1.2315885167627183,1.1097695782290657,6.859783886296937e-05
3522041,35.22.27,2018,770179.0891,428828.3144,654.8498411086315,0.08502565836653167,569732.9667242422,419598.9343494353,647.7645670684955,0.11369617082067528
3522041,35.22.27,2019,947606.5516,6.550000000000001e-21,8.093207028119323e-11,8.540682854560504e-15,1168691.0259495713,1.403814269849077,1.1848266834643273,0.00010138066068417404
3522041,35.22.27,2020,644347.8648,1.8300000000000003e-21,4.277849927241488e-11,6.639037949740542e-15,794679.5702393986,1.278215759178107,1.1305820444258377,0.00014226892030019694
3522041,35.22.27,2021,844570.4344,140462795.5,11851.700110110785,1.4032814348433205,486910.32643520075,150207359.11492378,12255.911190724408,2.5170776887097825
3522041,35.22.27,2022,838199.5188,6341430377.0,79633.09850181644,9.500494418777809,732096.7211279648,6885084015.751413,82976.40638007538,11.334077040016103
3522041,35.22.27,2023,901662.3861,6382652634.0,79891.50539325192,8.860467800903859,565412.3113012703,5775678865.336409,75997.88724258333,13.441144758181458
3522041,35.22.27,2024,729023.5059,994099579.7,31529.344739464537,4.324873544446372,750608.0312999953,1046090031.9494585,32343.31510450743,4.308948713017538
3522041,35.22.27,2025,896770.0029,1.49e-20,1.2206555615733703e-10,1.3611690373518072e-14,1105993.8884555101,1.5031804188529188,1.2260425844369838,0.00011085437245490735
3522050,35.22.05,2018,1250716.157,675821097.0,25996.559330034426,2.0785339011203345,475653.2425559364,575555225.4429905,23990.73207392785,5.043744040304017
3522050,35.22.05,2019,1250716.157,675821097.0,25996.559330034426,2.0785339011203345,583476.9911649177,682898947.1658419,26132.33527960794,4.478725926695836
3522050,35.22.05,2020,944059.1111,431965858.8,20783.788364973312,2.2015346412743617,650956.3577047942,433244088.66702384,20814.516296734448,3.19752868996077
3522050,35.22.05,2021,953594.2795,345572687.0,18589.585444543944,1.9494229195975314,648111.5351936397,321789020.83044314,17938.478776932094,2.767807360745789
3522050,35.22.05,2022,963129.4479,259179515.3,16099.053242349377,1.6715357709653285,750295.1080891057,305744540.78891367,17485.552344404612,2.330489983992807
3522050,35.22.05,2023,972664.6163,172786343.5,13144.821927283761,1.3514238831146594,561978.8912359381,200345851.6397216,14154.358044069735,2.518663648191592
3522050,35.22.05,2024,982199.7847,86393171.75,9294.792722271972,0.9463240439531296,732050.7471484655,79791978.0075696,8932.635557749438,1.2202208101753131
3522050,35.22.05,2025,991734.9532,3.82e-21,6.180614856144977e-11,6.2321236497737446e-15,1223114.9499424337,1.399062873105581,1.1828198819370517,9.670553712001652e-05
3522051,35.22.26,2018,509749.7434,1802607613.0,42457.12676335977,8.329013856912079,796276.3553737467,2008223196.1009617,44813.20336799147,5.6278455420113005
3522051,35.22.26,2019,1003418.042,1.3300000000000001e-21,3.6469165057620937e-11,3.634493653804655e-15,1237523.8003380736,1.3579164967431594,1.165296741925918,9.416358227676717e-05
3522051,35.22.26,2020,706172.1509,3.3100000000000003e-22,1.8193405398660254e-11,2.5763413886363515e-15,870927.9754755296,1.2319096554432507,1.1099142558969368,0.00012744041839865344
3522051,35.22.26,2021,884648.1958,5739228006.0,75757.69271829759,8.56359545839449,718152.7226601728,5779245565.704599,76021.34940728558,10.585680038319452
3522051,35.22.26,2022,932902.9864,45588547097.0,213514.74679047347,22.887132949848326,994565.6196065071,48959498046.189354,221267.9327109768,22.247695712477967
3522051,35.22.26,2023,1220913.503,40576549298.0,201436.21645076637,16.498811419138377,966584.5774156079,41457362627.88228,203610.811667461,21.06497624986554
3522051,35.22.26,2024,1041736.0,83855078492.0,289577.413642708,27.79758150267515,1221022.2919827923,82046571737.88725,286437.7275044041,23.45884505018036
3522051,35.22.26,2025,686713.4543,1.07e-21,3.2710854467592254e-11,4.763392105217452e-15,846929.4034366404,1.5620419572344775,1.2498167694644193,0.00014757035998431
3522060,35.22.21,2018,764377.9665,6664283087.0,81635.06040299106,10.679933747539682,985997.1559430625,6962255785.146728,83440.13294061035,8.462512537452865
3522060,35.22.21,2019,517148.2475,293253861.4,17124.656533781927,3.3113631568058106,663166.5958873555,281935693.40697736,16790.940813634516,2.5319340445921075
3522060,35.22.21,2020,623967.2118,3433276108.0,58594.16445346755,9.390583887322707,523176.81082633353,3648571650.471241,60403.40760645248,11.545505526334031
3522060,35.22.21,2021,847501.9559,1420466256.0,37689.07342984171,4.447078047131821,995066.1346222098,1088484343.5867639,32992.18609893506,3.315577221554323
3522060,35.22.21,2022,804956.708,11417704245.0,106853.65807963713,13.274460230926746,1113902.7238852372,9114369067.063261,95469.20481004994,8.570694977480448
3522060,35.22.21,2023,771842.0271,2365970276.0,48641.24048582643,6.30196837927879,849899.1670560252,2205065171.1382213,46958.12146091687,5.525140308535141
3522060,35.22.21,2024,715553.4215,850687864.2,29166.55386225805,4.0760833483427135,1028786.3708984789,828963834.8663683,28791.732057421767,2.7986113416604494
3522060,35.22.21,2025,1062611.062,24961550972.0,157992.24972130754,14.86830462915956,538537.3498219518,24850972700.039394,157641.91289133547,29.272233939475907
3522070,35.22.07,2018,956646.5626,8716502958.0,93362.21375910063,9.759321510063055,1291777.3335326156,7537082296.715668,86816.37113307414,6.720691630008551
3522070,35.22.07,2019,675653.8164,12560671920.0,112074.40350053174,16.58754835393123,927696.6654440087,12656332231.371248,112500.36547216745,12.126848102695636
3522070,35.22.07,2020,670252.6212,1021226798.0,31956.639341457667,4.767849961443413,707552.5495272895,953534673.7008214,30879.356756590987,4.364249238762725
3522070,35.22.07,2021,889128.7237,5156804891.0,71810.8967427646,8.076546716872713,2700659.6183500416,6147280177.671474,78404.59283531466,2.9031645566358217
3522070,35.22.07,2022,756048.5699,2215963260.0,47074.01894888517,6.226322067524245,2069372.6078281228,1804177816.8869636,42475.61437915835,2.052584160942285
3522070,35.22.07,2023,920766.4316,1755833072.0,41902.66187248729,4.550845951201083,1513937.0569214672,1822079536.120925,42685.82359661021,2.819524325760953
3522070,35.22.07,2024,1017868.162,2365577210.0,48637.19985772207,4.778339835500432,2159398.683384623,2291480339.59562,47869.40922547113,2.2167934802313125
3522070,35.22.07,2025,1397230.315,13377035346.0,115659.13429556698,8.277742978656098,457305.4344412111,13724994915.443266,117153.72343823846,25.61826617726301
3522080,35.22.08,2018,730025.916,1870742155.0,43252.07688654962,5.924731703161839,2048269.699942482,2302622687.4802375,47985.650849813814,2.3427408437063395
3522080,35.22.08,2019,702411.9345,1551576800.0,39390.05965976696,5.607828928448675,1561001.6286627934,1596225576.0677657,39952.79184322124,2.5594330658992424
3522080,35.22.08,2020,849009.9658,10953290713.0,104657.97013605796,12.327060264533111,1485434.910527514,12021327438.266901,109641.81427843531,7.38112545365578
3522080,35.22.08,2021,909819.9618,3846524469.0,62020.355279537056,6.816772315792583,6667375.18260987,3619388556.109869,60161.354340721664,0.9023244184253656
3522080,35.22.08,2022,830955.169,2748896254.0,52429.91754714096,6.309596414236996,4952721.2314129,2713509645.265786,52091.35864292451,1.0517724743426358
3522080,35.22.08,2023,932836.2893,13911126596.0,117945.43906400111,12.643744718862443,4005681.0842606532,14215750883.787817,119229.82380171421,2.9765181324643826
3522080,35.22.08,2024,929226.6444,8098987005.0,89994.37207403583,9.684867800163548,5916671.98551332,7956565914.540519,89199.58472179408,1.5075972597466087
3522080,35.22.08,2025,1082723.583,3547205765.0,59558.423123853776,5.500796700006282,370704.85080899816,3485112894.8831716,59034.84475191894,15.925026236663959
3522090,35.22.09,2018,1054262.2,6750212104.0,82159.67443947183,7.793096863329809,2769934.248404588,6252751036.989127,79074.33867563565,2.8547370292699354
3522090,35.22.09,2019,1023855.492,3915642408.0,62575.094150947945,6.111711529594252,1406899.7750432808,3961683334.8641067,62941.904442621584,4.473801585524121
3522090,35.22.09,2020,975091.7318,14125564949.0,118851.01997458836,12.18870144198554,1364187.5948924436,13694216694.449463,117022.29144248314,8.578167099643617
3522090,35.22.09,2021,886584.6657,3135508531.0,55995.61171199043,6.315878660926227,2969834.956457979,3074026353.632208,55443.90276335359,1.8669018169777234
3522090,35.22.09,2022,952231.6769,5754765087.0,75860.16798689547,7.966566312292721,2765871.518493957,5554797053.904867,74530.51089255237,2.694648337574803
3522090,35.22.09,2023,1236893.9,4869283138.0,69780.24891041877,5.641571108922016,2447394.764759082,5737777263.611433,75748.1172281624,3.0950510444365906
3522090,35.22.09,2024,1250979.942,10811155396.0,103976.70602591717,8.31162055721571,3912298.0763018373,10643729819.429173,103168.4536058827,2.6370294797017193
3522090,35.22.09,2025,964446.0388,5515983311.0,74269.66615651372,7.700759106120943,737879.8293362533,5606393388.715896,74875.85317521195,10.147431898574215
3522100,35.22.10,2018,731732.4605,494174227.4,22230.029856030334,3.0379996865029515,6851768.6463341825,533522705.01601577,23098.11042089841,0.3371116512122211
3522100,35.22.10,2019,794186.9351,3761847907.0,61333.905036284785,7.722854950838738,2058924.3679672075,3969319291.8019047,63002.53401095788,3.059973206940126
3522100,35.22.10,2020,1150760.251,19906188687.0,141089.29331100924,12.26052891455053,1694657.6639645058,17681884657.098984,132973.24790009073,7.846614140876763
3522100,35.22.10,2021,1876009.4,460000000000.0,678232.9983125268,36.15296374914363,12855110.036757203,420082081060.3057,648137.3936599444,5.041865777941188
3522100,35.22.10,2022,1062697.402,10336635849.0,101669.24731205597,9.567092863943595,9106556.294667974,11833923345.398195,108783.8377030255,1.194566136561634
3522100,35.22.10,2023,1312442.24,11347934213.0,106526.6831033427,8.116675908216935,5956470.813869171,10759432882.216969,103727.68618944977,1.7414285980874455
3522100,35.22.10,2024,1436140.838,10441536595.0,102183.83724934193,7.115168272190163,8212551.159822019,12267732367.01446,110759.79580612479,1.348664911190948
3522100,35.22.10,2025,901112.4847,2731711455.0,52265.77709170696,5.800139048024329,584066.32169195,2677592333.2449117,51745.45712663974,8.859517353567165
3522110,35.22.11,2018,1048186.198,32857792589.0,181267.18563766583,17.293414660824013,2538164.378207112,41230153518.60146,203052.09557796112,7.99995844719054
3522110,35.22.11,2019,873644.3331,15939275986.0,126250.84548627783,14.451057564614999,1611589.0447263606,15181703651.92914,123214.05622707638,7.645500981175848
3522110,35.22.11,2020,827115.8639,2917306681.0,54012.097543050484,6.530173087041728,1318889.0656226894,2899294695.5787396,53845.09908597754,4.0826101671072355
3522110,35.22.11,2021,982250.11,7055122255.0,83994.77516488748,8.551261466887237,4366103.379705836,6748233421.9790945,82147.63187079159,1.8814861840565547
3522110,35.22.11,2022,1016827.111,5318021923.0,72924.76892661367,7.171796280578683,3148328.511385002,5607670367.706369,74884.3799981436,2.3785440346312754
3522110,35.22.11,2023,1146504.187,9437065180.0,97144.55815947695,8.473109759299724,2938631.4784494457,10269848732.735676,101340.26215051782,3.4485529367564496
3522110,35.22.11,2024,1312743.765,40856519121.0,202129.95602087287,15.397517886582602,3604845.581616792,39326389847.33629,198308.82443133055,5.501173904441921
3522110,35.22.11,2025,1070998.668,17214761544.0,131205.03627528937,12.250718903348753,633313.1762481868,20389668027.02351,142792.39485008825,22.546885207095368
3522120,35.22.12,2018,717928.8007,3328542514.0,57693.52228803508,8.03610639826433,2554791.0477677807,3664631808.1809297,60536.20245919734,2.3695167756318134
3522120,35.22.12,2019,789906.7078,5133761412.0,71650.27154170457,9.070725800172092,1459262.2073614604,5815578039.626867,76259.93731722356,5.225924232980147
3522120,35.22.12,2020,974233.8535,525762062.6,22929.502013781286,2.3535932293263597,1600851.8225391277,499757553.6263362,22355.257851931303,1.3964601555984986
3522120,35.22.12,2021,1039593.669,6247337486.0,79040.10049335717,7.602980169106548,4795400.482118666,6770168340.604405,82281.03269043483,1.7158323480436837
3522120,35.22.12,2022,990994.8081,1373956818.0,37066.923503306825,3.740375146301114,3536769.4584673163,1358651300.0645676,36859.887412532444,1.0421908423882944
3522120,35.22.12,2023,996452.6191,12772518861.0,113015.56910886217,11.341790562098003,2849397.874590593,12061594452.565254,109825.29058721062,3.854333280956438
3522120,35.22.12,2024,1301314.497,52585951529.0,229316.26965612362,17.62189464459056,3682072.019806583,49249058845.09863,221921.28975179157,6.027076291773591
3522120,35.22.12,2025,1139184.295,32312434316.0,179756.59741995562,15.779413235323405,836733.4943648617,36543635524.63183,191163.89702198433,22.84644971301058
3522130,35.22.13,2018,766849.6684,743188466.4,27261.48320249652,3.554997064728016,2094428.4862067648,655982271.997026,25612.1508662788,1.2228706320102225
3522130,35.22.13,2019,1129428.394,13180727928.0,114807.35136741027,10.165084566433368,1825789.6213349279,16336187604.3383,127813.09637254823,7.000428465525922
3522130,35.22.13,2020,806115.0487,773344237.5,27809.0675410018,3.449764098294497,2282977.6757002985,877999949.2751346,29631.06392411745,1.2979129949235348
3522130,35.22.13,2021,1169211.999,3035541383.0,55095.74741302635,4.712211939335934,9933844.664070897,2600790572.2517715,50997.94674545017,0.5133757217877734
3522130,35.22.13,2022,1024324.65,3136088064.0,56000.78628019432,5.4670934923019106,5973749.103115988,3098872796.064165,55667.5201177865,0.9318690684339181
3522130,35.22.13,2023,1299145.995,11050567384.0,105121.67894397426,8.091598584651315,4934531.955291832,10567838838.1798,102799.99434912339,2.0832775079889765
3522130,35.22.13,2024,1183766.122,13705276085.0,117069.53525576157,9.889583176951366,6820993.722673922,12125737566.496496,110116.92679373366,1.6143824678754626
3522130,35.22.13,2025,1351470.09,17395364169.0,131891.48634009704,9.759112489133742,427720.7648481091,15485506706.00175,124440.77589762027,29.093929059490787
3522140,35.22.24,2018,725679.8437,3273200260.0,57211.889149022165,7.883902198153637,1359980.9612032787,3184102501.030993,56427.85217453339,4.14916486217626
3522140,35.22.24,2019,630945.8653,8746363283.0,93521.9935790507,14.822506766817972,827200.6436098324,9015331544.820992,94949.09975782283,11.478363863871422
3522140,35.22.24,2020,1104579.246,40973840712.0,202419.96124888473,18.325526392235396,703787.0521585573,38800374262.79255,196978.10604935908,27.988310589860294
3522140,35.22.24,2021,915417.1265,1176837259.0,34305.061711065326,3.7474786868175696,2866133.8529916885,1093534436.3459797,33068.63221159865,1.153771383603784
3522140,35.22.24,2022,737333.9633,4550775024.0,67459.4324316474,9.149101464108211,1796976.4203642115,4939550201.184534,70281.93367562203,3.9111216418397565
3522140,35.22.24,2023,834323.6579,6958342077.0,83416.67745121475,9.998119633953,1226084.2931154117,7253778955.672427,85169.11973052456,6.946432656282921
3522140,35.22.24,2024,924307.0618,26562832384.0,162981.07983443968,17.632785312388457,1708413.7857809055,28895750502.230206,169987.50101766366,9.950019277090028
3522140,35.22.24,2025,1650163.584,105000000000.0,324037.034920393,19.636661362683,587274.0841465803,117874696367.7217,343328.84581363347,58.461433099428326
3522150,35.22.14,2018,894066.5935,12128285407.0,110128.49498199818,12.317706061567346,1624800.4299629852,11318820729.789404,106389.94656352358,6.547877794809992
3522150,35.22.14,2019,791072.56,8087247443.0,89929.12455372843,11.36799948587882,1195134.6941302407,8402390693.026398,91664.55527097918,7.669809580558454
3522150,35.22.14,2020,846602.7351,3945641772.0,62814.343680404716,7.419577220357684,1145650.0661473046,4267835709.285453,65328.67447978302,5.702323633557337
3522150,35.22.14,2021,1217068.977,25259343366.0,158931.88278630565,13.058576447989246,2304699.99729533,27246555051.033768,165065.30541283885,7.162116787718596
3522150,35.22.14,2022,1146362.828,64897189768.0,254749.26843467087,22.222394360005442,2464317.835617751,67956810735.21785,260685.27141980585,10.578394866604441
3522150,35.22.14,2023,1070871.255,22534655964.0,150115.4754314158,14.018069373933828,1977005.7834434751,24351420364.53184,156049.41641842766,7.893220026227064
3522150,35.22.14,2024,1032652.447,22536956790.0,150123.13875615576,14.537624850673089,2470622.802019647,20165777601.861847,142006.2590235439,5.747791970002819
3522150,35.22.14,2025,1531804.16,1896475259.0,43548.53911441806,2.842957360451225,657079.3727203062,1834065392.8795843,42825.9896894349,6.517628077736706
3522160,35.22.15,2018,1846399.253,86357883413.0,293867.11863187415,15.915686607563535,2836581.3727725064,82111054924.73248,286550.2659652098,10.101958248605868
3522160,35.22.15,2019,1534591.783,25401322680.0,159377.92406729358,10.385688613275573,3101233.6775247157,23974655437.020798,154837.51301613185,4.99277155856624
3522160,35.22.15,2020,1540678.156,48277222451.0,219720.78292915307,14.261303184800465,2763977.914453134,53721483817.56651,231778.95464766966,8.385702122859698
3522160,35.22.15,2021,1946230.678,140000000000.0,374165.7386773941,19.22514853490528,5478464.890254657,147576447571.2234,384156.8007613862,7.012124900987169
3522160,35.22.15,2022,1346581.386,84565693705.0,290801.8117292256,21.595561527331675,5061305.916745586,87202209612.5727,295300.20252714475,5.8344665859878
3522160,35.22.15,2023,1367822.442,19260985151.0,138783.95134524742,10.146342616101588,3615926.4097791165,18809851560.403027,137149.01224727443,3.792914918742839
3522160,35.22.15,2024,1040851.285,6689726516.0,81790.7483521211,7.858062869386869,4378976.661317534,7229169907.658142,85024.52533039007,1.9416528542266343
3522160,35.22.15,2025,1792122.201,158000000000.0,397492.1382870358,22.179968423204407,1260745.3439944752,151831759565.07642,389655.9502498023,30.906792724313238
3522170,35.22.23,2018,859778.8417,1374554584.0,37074.98596088743,4.312153796153068,763929.3919682711,1303753469.275276,36107.52649068164,4.726552855578742
3522170,35.22.23,2019,882988.2257,9484500788.0,97388.40171190818,11.02941113792342,785490.6843255964,9781354476.87535,98900.73041628838,12.59094886672045
3522170,35.22.23,2020,845759.5507,6479336358.0,80494.32500493435,9.517400653449618,826959.3735842046,5468214322.70041,73947.37536045759,8.94208079895813
3522170,35.22.23,2021,857921.3145,15450237541.0,124298.98447292318,14.48838982924269,840723.3407237486,15264142389.144812,123548.13794284724,14.695457109170906
3522170,35.22.23,2022,740361.1705,2994116580.0,54718.52136160114,7.390787569889329,986332.2347763793,2755480810.745749,52492.673876892084,5.322007334454925
3522170,35.22.23,2023,806417.8441,5691385604.0,75441.27255024268,9.355109525687476,823369.8737893045,5742154082.292665,75777.00233113384,9.203276041955931
3522170,35.22.23,2024,941421.3904,22870417880.0,151229.68584242975,16.063973836219493,1041105.3432429674,26914495933.016354,164056.3803483923,15.757903982835073
3522170,35.22.23,2025,1299264.547,290339471.1,17039.350665444974,1.3114612189479664,701514.5600246658,234749485.61041337,15321.536659565625,2.184065382623977
3522180,35.22.06,2018,749960.2772,4268393658.0,65332.9446604085,8.711520682712834,1445249.9908870873,3960260856.8637495,62930.60349991687,4.354305753102989
3522180,35.22.06,2019,899900.3698,14531472077.0,120546.55564137865,13.395544627698037,1564349.238569051,15261785733.520786,123538.60017630436,7.897124064784164
3522180,35.22.06,2020,869988.8486,11156508624.0,105624.37514134699,12.140888393146582,1861596.465816504,12344414704.181717,111105.42157870477,5.968287092228308
3522180,35.22.06,2021,777043.7053,4219215511.0,64955.488690333164,8.35930955328378,3748201.17322019,4109801887.3748446,64107.73656412184,1.7103600794469895
3522180,35.22.06,2022,674296.2354,3577504201.0,59812.24123037023,8.87032109780191,3211799.9041266246,3563396938.5196853,59694.19518277875,1.8585901041369892
3522180,35.22.06,2023,835650.9592,28063590297.0,167521.90990136185,20.046875798687154,2436425.685000913,26910190317.81396,164043.2574591652,6.732947303463669
3522180,35.22.06,2024,1095531.209,42666425685.0,206558.52847316666,18.854645744114684,3581845.748122797,38500594724.788666,196215.68419672435,5.478060698162635
3522180,35.22.06,2025,1204934.201,9152668264.0,95669.57857124698,7.939817667375432,630793.6968078298,10493779742.633059,102439.15141503788,16.23972337286144
3522190,35.22.04,2018,528629.1013,2546422715.0,50462.091861118875,9.545840691899661,2130516.4846980926,2411481278.126118,49106.83535034729,2.304926326693315
3522190,35.22.04,2019,627479.869,4264606545.0,65303.95504867986,10.407338669327073,1085870.5179528326,4582563273.956635,67694.63253432015,6.2341348636984195
3522190,35.22.04,2020,505562.1592,502928871.5,22426.075704411596,4.435869120406193,1036994.3347570978,496185471.6041679,22275.221022566035,2.1480561923979757
3522190,35.22.04,2021,843337.3764,2563914034.0,50635.10673435971,6.004134069156112,4213388.585257767,2449978485.0763392,49497.25734903237,1.1747612722505212
3522190,35.22.04,2022,921438.896,29659225211.0,172218.5391036633,18.690174666086953,3024386.556727629,26636721504.381256,163207.602471151,5.396386983274414
3522190,35.22.04,2023,1037847.493,13709655762.0,117088.23921299697,11.281834759222853,3191901.4212175277,11510448700.972424,107286.7592062153,3.361217814969096
3522190,35.22.04,2024,917573.0103,13662174082.0,116885.30310522363,12.73852890104168,4007387.11303248,12446506774.511282,111563.91340622326,2.7839564848478124
3522190,35.22.04,2025,915000.3566,4697090935.0,68535.32618292555,7.490196663703196,516442.0845218556,4736262581.037426,68820.50988649696,13.325891121017754
3522191,35.22.28,2018,832291.9174,15057129511.0,122707.49574088781,14.743324208195393,754159.1039990989,14896882976.64782,122052.7876643865,16.183957339661358
3522191,35.22.28,2019,791075.547,5.84e-21,7.64198926981712e-11,9.66025217034944e-15,975640.0386489764,1.3400070433216635,1.1575867325266231,0.00011864895726600136
3522191,35.22.28,2020,909964.4087,4181295558.0,64662.93805573638,7.1060952975200005,1024509.1667555855,4296455832.334431,65547.35564715354,6.397927688117114
3522191,35.22.28,2021,1011983.584,1164276838.0,34121.50111000394,3.3717445272317716,1380951.941245184,1385610692.563838,37223.7920228963,2.6955168323477032
3522191,35.22.28,2022,783433.9903,232787651.7,15257.380237118035,1.947500418162293,1543358.5087536918,232141596.52117357,15236.193636245687,0.9872102657825996
3522191,35.22.28,2023,976824.3795,37632714779.0,193991.53275078785,19.859407363489932,1113034.774385282,40357552290.655685,200891.89204807565,18.049022067529403
3522191,35.22.28,2024,1135606.738,6711221651.0,81922.04618416217,7.213945060632616,1465066.8979952387,6354597196.106051,79715.72740749501,5.441098117538253
3522191,35.22.28,2025,1351983.396,35679764497.0,188890.8798671868,13.971390508644,785144.7998400024,38391328395.368866,195937.05212483133,24.955530771490757
3522200,35.22.16,2018,967510.4834,8829900607.0,93967.55081941851,9.712303115228291,1243246.1960519147,9440859137.94493,97164.08358001905,7.8153533780015465
3522200,35.22.16,2019,921913.9904,4176776349.0,64627.98425604809,7.010196713470776,1402819.215985465,4421489225.17722,66494.27964251678,4.740046250065464
3522200,35.22.16,2020,1014342.681,14631146291.0,120959.27534091794,11.924892603520245,1459230.6860320903,14300965503.70842,119586.64433668343,8.195184317420088
3522200,35.22.16,2021,888257.2724,7555580240.0,86922.84072670428,9.78577304431696,3045033.9126836327,8557140513.122506,92504.81345920604,3.037891074837988
3522200,35.22.16,2022,817243.2123,5875577154.0,76652.31342888485,9.379375964856191,2340476.8294131896,5476670304.857455,74004.52894828434,3.161942387903876
3522200,35.22.16,2023,1085419.426,270109513.4,16435.008773955673,1.5141620262429019,1940007.1457294412,280160228.13273203,16737.98757714714,0.8627796868683013
3522200,35.22.16,2024,1156782.279,16720191825.0,129306.58074900905,11.17812600490304,2773617.897324238,15689626358.639168,125258.23868568154,4.516059649258845
3522200,35.22.16,2025,1528073.709,97864123512.0,312832.4208134445,20.47233840690629,681485.8111388572,91353751652.87352,302247.8315106223,44.35130219446892
3522210,35.22.17,2018,619027.1191,6102623102.0,78119.28764396152,12.619687447221814,657063.5665362802,6005124435.003335,77492.73795010301,11.793796201272741
3522210,35.22.17,2019,752802.1759,2864905968.0,53524.81637521048,7.110077267141237,697810.4572514605,2785620306.4863024,52778.97598936818,7.563511758945872
3522210,35.22.17,2020,794686.2216,2040430007.0,45171.11916922139,5.684145256510811,885180.4657389609,1542707298.2035384,39277.31276708653,4.437209618526464
3522210,35.22.17,2021,1191564.92,2324906503.0,48217.284276491555,4.046551175448465,897445.3845569149,2406105087.33724,49052.065067000396,5.465743755673588
3522210,35.22.17,2022,1080535.034,2274956777.0,47696.50696854016,4.414156456544856,1318432.3401405397,2345332902.0226727,48428.63721005034,3.6731985203645747
3522210,35.22.17,2023,1434743.735,11417894809.0,106854.54978146695,7.447640102883386,1000856.8687401108,10725752572.099737,103565.20927463884,10.347654345921391
3522210,35.22.17,2024,1431356.144,1072608507.0,32750.70238941449,2.2880889935534094,1554562.569998111,1090772992.4977975,33026.85259751219,2.124510986878599
3522210,35.22.17,2025,969588.0813,1350567703.0,36750.070789047466,3.7902766646815493,895069.0534748127,1242955799.9695585,35255.57828159338,3.9388668555487576
3522220,35.22.18,2018,1042071.834,11979982.24,3461.2110944003402,0.3321470729243739,1376487.444210893,12014760.242677813,3466.231417934731,0.25181714751650625
3522220,35.22.18,2019,914801.843,8.5e-22,2.91547594742265e-11,3.1870027041721325e-15,1128232.706528944,1.3983028036048133,1.1824985427495516,0.00010480980881927797
3522220,35.22.18,2020,810803.9032,2.12e-22,1.4560219778561036e-11,1.795775738263742e-15,999971.1841109268,1.1645656437099743,1.0791504268219396,0.00010791815243970363
3522220,35.22.18,2021,1158366.366,21265000347.0,145825.2390603218,12.588870269418873,1025289.7610689328,20240352784.572548,142268.59380964073,13.875940169471335
3522220,35.22.18,2022,1157709.244,70294992729.0,265132.0288629799,22.901434901471678,1341382.9832920346,63966084572.94729,252915.17268235865,18.854807003861932
3522220,35.22.18,2023,1245156.079,64194570932.0,253366.47554875922,20.34816998622702,1149872.5602640412,75884112271.84764,275470.7103701728,23.956629620496155
3522220,35.22.18,2024,1373865.783,110000000000.0,331662.47903553996,24.14082096952115,1434825.5192867008,127397856725.4367,356928.363576554,24.876081361725074
3522220,35.22.18,2025,981670.5548,44112894419.0,210030.69875377743,21.395232619212855,1117308.47771814,41757592013.464226,204346.74456292234,18.28919663979067
3522230,35.22.19,2018,955847.2871,173000000000.0,415932.6868617084,43.51455430957287,998739.3711428817,183448700215.58017,428309.1175956685,42.884973795069676
3522230,35.22.19,2019,670018.8561,1635695857.0,40443.73693169314,6.036208766885351,939730.3073221557,1473426958.4147382,38385.244019215745,4.084708529684211
3522230,35.22.19,2020,866828.2004,1913213606.0,43740.29727836792,5.046016876029627,820865.5861425803,2099148059.8369253,45816.460577361555,5.581481469172404
3522230,35.22.19,2021,1102070.401,31572189606.0,177685.64828370354,16.12289451948574,1902093.923676578,37091768698.190025,192592.23426241783,10.125274670461813
3522230,35.22.19,2022,850831.6774,4148939821.0,64412.26452314807,7.570506156985273,1694297.6028987293,3389478030.3104095,58219.22388962609,3.4361864049161346
3522230,35.22.19,2023,997200.452,4758920748.0,68984.9313111204,6.91786001227368,1278734.2176558261,5252581460.160304,72474.6953091926,5.667690307220613
3522230,35.22.19,2024,1465178.894,35013214284.0,187118.18266539465,12.771012702384358,1671792.8461175056,34551192307.259476,185879.5101867322,11.118573130541273
3522230,35.22.19,2025,1256855.043,8496153247.0,92174.58026484308,7.333747895447883,805088.9211128441,7553332853.1565275,86909.91228367756,10.795069961159728
3522240,35.22.20,2018,629450.435,929766526.8,30492.073179762636,4.844237367118927,545741.3819321173,994369933.9499036,31533.631791309792,5.778127302655627
3522240,35.22.20,2019,620172.6458,15989812047.0,126450.8285737978,20.3896172187151,555742.3431991226,17144634856.684612,130937.52272242137,23.560832519739535
3522240,35.22.20,2020,903164.4033,1527487992.0,39083.09087060541,4.327350671461678,658071.1574665469,1585955996.4805338,39824.063033303544,6.051634778618603
3522240,35.22.20,2021,1260085.057,2145660848.0,46321.27856611905,3.6760437963132713,998179.5086993303,2569590814.417102,50691.13151644084,5.078358258675688
3522240,35.22.20,2022,1284541.019,140743.349,375.157765480071,0.0292055886056583,1233364.2205989202,163810.49672061187,404.73509450084987,0.032815537190166826
3522240,35.22.20,2023,907537.2596,2110381422.0,45938.887905564276,5.061928578647227,1052542.9194204803,2398957828.6586547,48979.15708399497,4.653411863809071
3522240,35.22.20,2024,1441083.506,16233519047.0,127410.82782479674,8.841321637109676,1062146.0871960027,15518440383.850002,124573.03232983455,11.728427363386455
3522240,35.22.20,2025,895246.627,11011066227.0,104933.62772247988,11.721197774753515,849479.3799465197,12023263706.01568,109650.6438923898,12.907981815790869
3523010,35.23.01,2018,987711.4513,372209784.4,19292.739162700564,1.953276854015205,548052.6195241396,327539779.7552565,18098.060110278573,3.3022486282416947
3523010,35.23.01,2019,511000.5547,3682401739.0,60682.796071044715,11.87528966708668,576617.3324181985,4165310722.6387334,64539.21848487735,11.192729537666676
3523010,35.23.01,2020,528539.5305,8702772163.0,93288.64970080765,17.65026915064542,459843.2711195126,9106377899.18808,95427.34356141367,20.752145253553625
3523010,35.23.01,2021,812829.0275,118128879.2,10868.711018331474,1.337146023409145,489106.76333724434,127227244.5079929,11279.505508132566,2.306143842945641
3523010,35.23.01,2022,1036391.413,6272874960.0,79201.48331944295,7.642043568286779,664290.3298661935,6704257324.563632,81879.52933770217,12.325865010588817
3523010,35.23.01,2023,887346.7592,351524292.4,18748.981102982634,2.1129260808802686,621352.2041807729,348083133.1930484,18656.98617657869,3.002642631835056
3523010,35.23.01,2024,755700.3172,976681787.7,31251.9085449193,4.135489668803237,692182.6886699109,889355759.2642552,29822.068326396395,4.308410021594456
3523010,35.23.01,2025,962125.5442,9274034215.0,96301.78718487005,10.009274544825047,651662.7689570262,11105242976.625725,105381.41665695012,16.171158101545537
3523020,35.23.03,2018,913919.1341,1434671783.0,37877.06143564994,4.1444653057789544,1536730.1393907487,1456009403.983695,38157.69128214776,2.4830443748097335
3523020,35.23.03,2019,848291.942,1.32e-21,3.63318042491699e-11,4.282936386677348e-15,1046205.4935424452,1.3946076092496598,1.1809350571685386,0.00011287792546088628
3523020,35.23.03,2020,894013.9894,7989074643.0,89381.62363148255,9.997788031423232,843923.3885435541,8017525501.825082,89540.636036523,10.610043192552412
3523020,35.23.03,2021,1018577.141,1187919710.0,34466.21113496521,3.383760517257201,1003450.2656862385,962726656.6352905,31027.83680238264,3.0921150617428315
3523020,35.23.03,2022,1134250.857,6542860468.0,80887.95007910635,7.1313986301979355,1278628.4998764768,6490893344.225616,80566.08060608146,6.3009764457670565
3523020,35.23.03,2023,1123921.221,7435773791.0,86230.9329127315,7.672328923196968,1130701.4495330264,6968162714.689849,83475.52164970188,7.382631523482774
3523020,35.23.03,2024,1084642.474,6331472377.0,79570.54968391258,7.3361085879726105,1432891.6034877575,5916399236.781863,76918.1333417671,5.368035736586287
3523020,35.23.03,2025,941562.9273,11281428091.0,106214.06729336751,11.280612714642881,914792.7201164531,10791285683.7286,103881.11321952898,11.355699595675063
3523030,35.23.05,2018,606341.1354,5066480921.0,71179.21691758065,11.739137057000775,862007.3727720636,4558915255.252458,67519.73974514756,7.832849448609237
3523030,35.23.05,2019,645302.6602,7118011467.0,84368.30842798734,13.074222939331893,730338.5102227707,7002747306.594094,83682.41933999097,11.45803188092407
3523030,35.23.05,2020,810754.5065,10364973805.0,101808.51538550202,12.557255564943567,808328.9338611477,11070122238.341896,105214.6484019307,13.016316006325729
3523030,35.23.05,2021,962083.9327,2827604047.0,53175.2202346168,5.527087442920435,1812276.272269678,2723478068.613901,52186.95304972212,2.879635618931525
3523030,35.23.05,2022,837676.0909,8093398938.0,89963.31995874763,10.739630859237124,1581777.239856546,8351974291.133052,91389.1366144415,5.777623695150003
3523030,35.23.05,2023,753136.2813,772086114.1,27786.43759282575,3.6894302243497226,1061478.8031226413,851576362.6413182,29181.781347980083,2.7491628906892522
3523030,35.23.05,2024,773722.7166,6663123926.0,81627.96044248564,10.550027637961385,1270823.3904742752,5546994696.211593,74478.14911913153,5.860621521243488
3523030,35.23.05,2025,833269.68,3035081015.0,55091.56936410507,6.611493335999585,696067.4474099128,2982214195.862307,54609.6529549704,7.845454224037413
3523040,35.23.07,2018,754739.6755,6383163691.0,79894.70377315383,10.585729936646722,1220633.021871145,5774691521.456168,75991.39110094095,6.225572284162152
3523040,35.23.07,2019,813171.4003,682384786.1,26122.495786199295,3.2124218555352573,867139.2549374189,739325302.8251698,27190.53700876777,3.1356597978868
3523040,35.23.07,2020,851083.3935,4944729609.0,70318.77138431814,8.262265709960435,956668.5331149142,5286336479.569139,72707.19688977934,7.600040596406426
3523040,35.23.07,2021,1492612.506,61729422434.0,248454.0650381877,16.645583769360947,1288382.5035548708,59518963680.844734,243965.08701214756,18.93576529788363
3523040,35.23.07,2022,1297010.001,104000000000.0,322490.30993194197,24.8641344078535,1698502.6366735385,104551517847.39865,323344.271400312,19.03701910251792
3523040,35.23.07,2023,1632736.996,87896957224.0,296474.2100486988,18.158111856044375,1424666.624169712,90543580699.93309,300904.6039859362,21.12105378767484
3523040,35.23.07,2024,1421899.504,12200156979.0,110454.32078013064,7.7680820950712315,1950213.6659011922,11449141191.503382,107000.65977134618,5.48661214113179
3523040,35.23.07,2025,1420419.959,15791216428.0,125663.1068691205,8.846898135505606,956865.0158821401,15613429454.858582,124953.70924809948,13.058655836936813
3523050,35.23.10,2018,476702.7266,2238193148.0,47309.54605573805,9.92432881455603,1053769.0417140678,2623280746.7415314,51217.9728878597,4.860455266796242
3523050,35.23.10,2019,750907.3509,580058706.2,24084.407947881966,3.207374108006214,597303.6760610183,588460716.4521898,24258.20925897437,4.061285779948263
3523050,35.23.10,2020,501402.6137,5636866508.0,75079.06837461425,14.973808736373215,763279.6932499033,4951804600.674759,70369.05996725237,9.219301992384203
3523050,35.23.10,2021,803094.4143,1024693385.0,32010.832307205008,3.9859363652910678,790884.0963329823,1046153617.4807695,32344.29806752296,4.089638193192999
3523050,35.23.10,2022,638832.5446,26296127458.0,162160.80740425535,25.383930229445507,1201358.5133601371,24224625034.50026,155642.61959534176,12.955551391567324
3523050,35.23.10,2023,780777.8286,4736775669.0,68824.23751121403,8.814829902972738,844789.1661324399,5116506092.604789,71529.75669331463,8.467172587071355
3523050,35.23.10,2024,684117.4103,3465626300.0,58869.57023794211,8.605185214059464,1190494.4344926344,3406031223.3584,58361.213347208606,4.90226679405528
3523050,35.23.10,2025,1084219.927,4717202867.0,68681.89620999117,6.3346830748657865,628434.0814525314,5426968796.134884,73667.96315994412,11.722464668000125
3523060,35.23.09,2018,842014.4477,1675452830.0,40932.29568445923,4.8612343643589035,933632.5511977723,1469312791.3114572,38331.616080090556,4.105642635415219
3523060,35.23.09,2019,848355.6884,1731992991.0,41617.21988552335,4.905633386394036,1034861.6941696284,1456770554.8441339,38167.663733114896,3.688189827505459
3523060,35.23.09,2020,601029.9756,11313225209.0,106363.64608737329,17.696895397137542,1122623.950872931,10056506752.27109,100282.13575842454,8.932834158797972
3523060,35.23.09,2021,1117777.185,4895481874.0,69967.72022868831,6.259540914559667,1311376.1191704907,6001343003.190155,77468.33548741159,5.907407825636941
3523060,35.23.09,2022,1150352.778,34541977506.0,185854.7215058041,16.156323960805363,1811375.5944225348,36503600986.1843,191059.1557245669,10.547738211382738
3523060,35.23.09,2023,1441282.88,18345768563.0,135446.55242197934,9.397638333286757,1530158.0288487796,16109939221.892475,126924.93538266023,8.294890657676234
3523060,35.23.09,2024,1412205.308,31048705491.0,176206.42863130732,12.47739458512978,2135765.3073304575,29818484753.991512,172680.29636872734,8.085171894872872
3523060,35.23.09,2025,1210150.082,2017154941.0,44912.74809004677,3.7113370281990172,841680.4938206533,2113852908.6351922,45976.65612716079,5.462483265883738
3523070,35.23.11,2018,717356.1194,3883747482.0,62319.719848535904,8.687417331946707,2819781.5383828147,4050560104.33035,63644.01074987614,2.257054664822612
3523070,35.23.11,2019,635889.253,973526191.7,31201.381246669192,4.906731966213807,1621033.2914255776,1004006923.5943309,31686.06828867114,1.954683377341721
3523070,35.23.11,2020,768828.2538,5620957081.0,74973.04236190498,9.751598226436691,1215229.5754914654,6795305697.188674,82433.64420665069,6.783380347973568
3523070,35.23.11,2021,1166930.309,42132670784.0,205262.44367638227,17.58994878214122,7989895.360869716,49372235501.30601,222198.6397377491,2.780995616362645
3523070,35.23.11,2022,820023.6506,4332586520.0,65822.3861615484,8.0268887505119,5341922.280213867,4010871649.0019493,63331.44281478158,1.1855553018687135
3523070,35.23.11,2023,985187.5516,14464478764.0,120268.36144223467,12.207661500281047,3748498.2397132497,12629376281.079945,112380.49777910732,2.9980138869614126
3523070,35.23.11,2024,910102.0594,4655815154.0,68233.53394043137,7.497349691244021,5094943.482010911,4702602474.945041,68575.52387656285,1.3459525923827704
3523070,35.23.11,2025,1230948.624,12021303937.0,109641.70710546238,8.907090431538787,611654.7981644061,12306033916.487854,110932.56472509708,18.13646603574581
3523080,35.23.14,2018,744267.4521,15298729354.0,123688.03237985476,16.618761445346127,1237321.6398468735,15627945839.07286,125011.78280095385,10.10341844634875
3523080,35.23.14,2019,1065671.174,26726806800.0,163483.35328099923,15.340881621801211,958337.7456921692,30050628934.93296,173351.17229177587,18.0887346941105
3523080,35.23.14,2020,1043026.41,17964169822.0,134030.48094370175,12.85015217818902,1060243.3259972364,18337459370.38946,135415.87562169164,12.772150722507316
3523080,35.23.14,2021,1036003.397,7491354223.0,86552.60956782296,8.354471599075554,3435315.9497601003,7592941648.670267,87137.48704587635,2.5365203177879883
3523080,35.23.14,2022,1646399.983,88002856572.0,296652.754195878,18.018267569180242,2287551.6763843047,96039898843.89507,309903.0474904935,13.547368161768702
3523080,35.23.14,2023,1385347.142,29639044022.0,172159.93733154063,12.427205579895052,2564847.468513436,24407466113.92091,156228.89013854292,6.091157156768151
3523080,35.23.14,2024,1390782.837,18634892562.0,136509.6793710981,9.815312336292376,2857791.9019503393,16414850045.728237,128120.45131722037,4.483197367512407
3523080,35.23.14,2025,1175343.308,25772315727.0,160537.58353419925,13.658782284418237,723671.7451343179,29759757157.850014,172510.16537540624,23.838178916794288
3523081,35.23.20,2018,659668.1753,14500086927.0,120416.30673210336,18.25407246261973,625055.9891111915,11620922234.960047,107800.38142307311,17.246516040324902
3523081,35.23.20,2019,858143.2026,7.750000000000001e-22,2.783882181415011e-11,3.244076481618001e-15,1058355.1350134457,1.1554374823440479,1.074912778947226,0.00010156446956092578
3523081,35.23.20,2020,608099.6977,8549160974.0,92461.6730002221,15.205018741159964,632779.824644288,8716820646.338621,93363.91511895065,14.75456572456848
3523081,35.23.20,2021,872168.073,1692684605.0,41142.24841935599,4.717238533834291,1167361.3321936156,1494603751.4456077,38660.10542465718,3.3117514139353994
3523081,35.23.20,2022,1038935.209,7495868186.0,86578.68205280097,8.333405327184456,1130058.080800221,7716435520.11871,87843.24402091894,7.773338867566439
3523081,35.23.20,2023,1796041.232,72829308753.0,269869.0585320963,15.025771887852532,939144.6889864769,72129507709.5083,268569.3722476714,28.597230586216803
3523081,35.23.20,2024,1400945.174,7263450391.0,85225.87864610138,6.083455671770734,1542054.6991339852,7886981515.2163725,88808.67927864018,5.759113430186034
3523081,35.23.20,2025,1566963.166,8.02e-22,2.831960451701259e-11,1.807292291962694e-15,1932548.6796240986,1.2379328690157096,1.1126243162072764,5.7572899867324106e-05
3523090,35.23.17,2018,1112777.008,1473645172.0,38388.08632896409,3.4497555263079347,1986431.8577120153,1371248844.8920794,37030.377325812915,1.8641654976508852
3523090,35.23.17,2019,1102223.975,6024838721.0,77619.8345849822,7.04211089084523,1631356.4042352934,6240008491.308663,78993.72437927371,4.84221131410597
3523090,35.23.17,2020,1146514.103,11633439703.0,107858.42434877306,9.407509603811045,1553938.710126337,11785686152.789715,108561.90009754672,6.986240795090337
3523090,35.23.17,2021,1049765.242,1906790331.0,43666.81040561584,4.159673864074825,3957804.4549613944,2236815818.725308,47294.98724733212,1.1949803934361747
3523090,35.23.17,2022,1271441.57,18027609482.0,134266.9336880827,10.560212663809844,3196744.2564391163,19234107771.339027,138687.08581313197,4.3383853911296875
3523090,35.23.17,2023,1258843.781,14271469423.0,119463.25553491333,9.489919030303676,3301860.6434735395,14653579083.48139,121051.96852377655,3.6661743663545576
3523090,35.23.17,2024,1515337.167,55783936004.0,236186.2316139533,15.58638148376871,3797180.539256861,50578742347.64398,224897.18172454715,5.922741344517723
3523090,35.23.17,2025,1427915.657,27981887878.0,167277.8762359207,11.714828912750042,789861.8456004654,30266947343.30202,173973.98467386444,22.025875239182703
3523100,35.23.19,2018,937910.6354,4912280472.0,70087.66276599612,7.472744216841634,1912419.9078687723,4339861337.020991,65877.62394790049,3.4447259033877886
3523100,35.23.19,2019,1047657.371,9673347277.0,98353.17624255965,9.387914309110478,1181513.869351758,8167469896.477943,90374.0554389253,7.649005042023702
3523100,35.23.19,2020,742722.4171,7394081501.0,85988.84521262045,11.577521188651955,1290746.6712133456,6634043485.574405,81449.63772524962,6.310272925103436
3523100,35.23.19,2021,1058313.047,10522365808.0,102578.58357376553,9.692650380201307,1937014.8680478341,9157848229.015444,95696.64690581088,4.940418810633913
3523100,35.23.19,2022,1210481.641,10668475187.0,103288.3109891918,8.53282755316004,1999440.6200767057,9809416932.947817,99042.50063961338,4.953510479136598
3523100,35.23.19,2023,1050126.997,28595423277.0,169101.81334627964,16.10298695580337,1980822.1617359011,28508216066.34868,168843.76229623848,8.523923326275368
3523100,35.23.19,2024,1306826.748,5145944023.0,71735.2355749948,5.489269001019468,1989550.7757756389,5598380982.91174,74822.32944056032,3.760765010452692
3523100,35.23.19,2025,1403343.035,34455888624.0,185622.97439702877,13.227198893464331,1034929.7974993313,38712152867.38706,196754.04155286637,19.011341834806288
3523110,35.23.18,2018,1364897.306,4074430582.0,63831.266492213676,4.676635100063248,1817610.390257402,3771180675.04827,61409.93954603986,3.37860852222259
3523110,35.23.18,2019,1030804.891,19357908269.0,139132.70021457932,13.497481572832326,1998343.7762093535,20339594260.62891,142616.94941565994,7.136757504566566
3523110,35.23.18,2020,912871.8551,10471164360.0,102328.70740901597,11.209536895822737,1851871.6515522646,9497391143.103235,97454.55937565587,5.262489940594323
3523110,35.23.18,2021,964677.8272,3198311591.0,56553.61695771544,5.86243566122626,2301673.3969330047,3514360515.1594763,59282.04209673851,2.5756061731317845
3523110,35.23.18,2022,1181267.202,11248443186.0,106058.67803249294,8.978381677991678,2393682.151120733,12179047035.979406,110358.71980038282,4.610416623139056
3523110,35.23.18,2023,1577688.16,169000000000.0,411096.0958218893,26.056866384919143,2249631.46888484,162515516370.12308,403132.1326440291,17.9199188053617
3523110,35.23.18,2024,1184650.457,42513254573.0,206187.4258363007,17.404916751431323,2892059.802748771,42985933688.858986,207330.49387115968,7.168955969517003
3523110,35.23.18,2025,1510683.839,52988217705.0,230191.69773256377,15.2375825960341,1001849.0091401426,49483786259.659294,222449.51395689606,22.203896188689942
3523120,35.23.15,2018,1140807.402,16648720616.0,129029.92139810053,11.310403594146782,1099334.370684883,16686925675.196997,129177.88384703085,11.750554452923481
3523120,35.23.15,2019,1138013.009,35734316812.0,189035.22637857738,16.6109899345252,1394726.9511523563,38413203106.13865,195992.86493681002,14.052418272614297
3523120,35.23.15,2020,1403724.28,62468874930.0,249937.74210790975,17.80533012565044,1496762.9702669007,68107327009.47954,260973.8052170745,17.43588065721174
3523120,35.23.15,2021,1208578.928,3718986658.0,60983.49496380147,5.045884348217055,2932064.3380672573,4036848604.980309,63536.19917008185,2.1669442360177986
3523120,35.23.15,2022,1171402.366,13625076879.0,116726.50461227732,9.964680625570576,2516654.3452922157,11653182153.254372,107949.9057584321,4.289421229433784
3523120,35.23.15,2023,1210023.05,30733516816.0,175309.77387470444,14.488135071038888,1968980.695379909,29817503564.980698,172677.45528869916,8.769890720303968
3523120,35.23.15,2024,1138109.689,8156087543.0,90311.05991516211,7.935180658598375,2437323.556030368,8280750502.670608,90998.62912522697,3.733547353615827
3523120,35.23.15,2025,1264539.588,17848675484.0,133598.93519036745,10.565025916006945,1312983.3821857264,19934853872.429638,141190.84202748293,10.75343709167455
3523130,35.23.16,2018,1322903.28,192000000000.0,438178.0460041329,33.122455180860456,3197763.880360573,177696555457.43774,421540.692528536,13.182358307236994
3523130,35.23.16,2019,944295.9873,3620703780.0,60172.28415142639,6.372184670981753,2459542.1259991084,3639844098.457502,60331.120480706326,2.4529411325369668
3523130,35.23.16,2020,1098678.081,5389109409.0,73410.55379848322,6.681716425221304,1831130.5733191893,5498681418.101331,74153.09446072586,4.049579835604658
3523130,35.23.16,2021,1998854.771,174000000000.0,417133.0722922842,20.86860327944677,6420646.207518417,175896998024.12997,419400.7606384733,6.532064640898068
3523130,35.23.16,2022,2115704.839,233000000000.0,482700.7354458868,22.815126502902835,5298200.55806543,236177693135.6295,485981.165412436,9.17257019786895
3523130,35.23.16,2023,2431316.097,442000000000.0,664830.8055437865,27.344482536191855,5016926.900363088,413877367941.2912,643333.0148074877,12.823248725448403
3523130,35.23.16,2024,1886242.824,422000000000.0,649615.2707564686,34.439641730691015,5940003.3067334015,340032456888.14014,583123.0203723225,9.816880399903356
3523130,35.23.16,2025,1604550.247,64132807655.0,253244.5609583748,15.782900001533875,1358455.5715986153,61279440287.311066,247546.84463210407,18.222667697611467
3523140,35.23.12,2018,1005155.582,32412806868.0,180035.57111859866,17.911214377417508,1511254.4412528642,30453902124.50265,174510.46422636852,11.547391323574566
3523140,35.23.12,2019,1175907.966,994365768.9,31533.565749848207,2.6816355243441055,1327642.162502438,1101783718.287956,33193.12757617088,2.5001561801567087
3523140,35.23.12,2020,1050044.026,4821762668.0,69438.91321154156,6.612952551719155,1437838.9912643146,4233799767.9222937,65067.6553129302,4.525378412204219
3523140,35.23.12,2021,1167756.534,8878491040.0,94225.74510185632,8.068954645802592,2236217.84928905,9965791574.361265,99828.81134402666,4.464180955167886
3523140,35.23.12,2022,2176316.885,305000000000.0,552268.050859363,25.376270094939006,1961408.7781235715,307938162094.55225,554921.7621381885,28.291999522356964
3523140,35.23.12,2023,1318110.079,56272683887.0,237218.6415250707,17.996876384181775,2523471.2939936067,53101705142.52546,230438.0722504974,9.131788928964184
3523140,35.23.12,2024,1559599.442,12748794411.0,112910.55934233963,7.239715294944279,2173624.753920951,12433395557.720375,111505.13691180499,5.129916592579445
3523140,35.23.12,2025,1628583.556,66978576062.0,258802.19485545327,15.891244505200767,1193290.2819698341,65162363483.78461,255269.19807094746,21.392045332805328
3523150,35.23.13,2018,832800.4722,6409240412.0,80057.73174403582,9.613074729958807,852220.529907683,7161990589.560431,84628.54476806529,9.930357436617102
3523150,35.23.13,2019,841220.6755,1086263992.0,32958.51926285524,3.9179397538304137,863037.5183427356,1271111922.7756858,35652.65660193761,4.1310668243485305
3523150,35.23.13,2020,893963.0574,5731898106.0,75709.29999676393,8.468951750305731,894061.6049782144,5961997881.636792,77213.97465249922,8.63631479336155
3523150,35.23.13,2021,1140952.329,4704275223.0,68587.71918499695,6.011444776585137,1682737.591035429,3711227393.581321,60919.84400489976,3.620281874574057
3523150,35.23.13,2022,1379604.666,11067518053.0,105202.27209048292,7.62553756762105,1764593.0451300961,10982509567.393103,104797.46927952555,5.938902999121776
3523150,35.23.13,2023,1291439.083,21914143461.0,148034.264482923,11.462736913539961,1702750.8146744308,22099216489.58475,148658.05221912722,8.730464313273632
3523150,35.23.13,2024,1761024.057,75136958680.0,274111.2158960301,15.565444140666276,1898667.486185878,69552974700.84439,263728.9796378934,13.890214140006321
3523150,35.23.13,2025,2179120.892,99297320352.0,315114.7733001422,14.460637519331451,1020566.1370962345,94192450672.44008,306907.8862988699,30.072317230914546
3523160,35.23.08,2018,772583.4568,16265201376.0,127535.09860426658,16.507614482519497,1140158.2980607525,15570229871.742037,124780.72716466288,10.944158138119697
3523160,35.23.08,2019,798040.1629,2391561983.0,48903.598875747375,6.1279621188533255,688446.1120681855,2257477061.8504777,47512.91468485677,6.90147185843225
3523160,35.23.08,2020,717136.943,9139300172.0,95599.68709153812,13.330743594328833,687123.9872444043,8722371545.465353,93393.63760698773,13.591962926738635
3523160,35.23.08,2021,897449.8154,5497229885.0,74143.30640725432,8.261554588900117,1200978.2254807267,5424567442.368998,73651.6628622124,6.13263931847983
3523160,35.23.08,2022,1098611.706,7716189645.0,87841.84449907686,7.995713500897001,1448712.1355580308,7695544462.491847,87724.2524191107,6.0553266771193375
3523160,35.23.08,2023,1275477.556,966770748.6,31092.93727842386,2.437748679477654,1319725.4533936172,965895272.4872075,31078.855713928842,2.3549485716147176
3523160,35.23.08,2024,1431442.772,12607454399.0,112282.92122580353,7.844038436054468,1745733.066267549,13185070805.268322,114826.26356922148,6.5775384443353
3523160,35.23.08,2025,1312034.695,56592665037.0,237892.1289933738,18.131542549899855,751468.4178597556,59842777159.447174,244627.83398347616,32.55330871790947
3523170,35.23.06,2018,879671.9646,1523519425.0,39032.28695580109,4.437141176091665,1246054.257437101,1343173247.9580128,36649.328069666066,2.9412305163217236
3523170,35.23.06,2019,826508.1205,236277488.7,15371.320330407534,1.8597905996505615,877867.8237670234,247875629.1115562,15744.066473168747,1.7934438473447285
3523170,35.23.06,2020,900672.2841,4.81e-22,2.1931712199461307e-11,2.4350379806986785e-15,1110806.604251396,1.2693971887876998,1.1266752809872504,0.00010142857241531696
3523170,35.23.06,2021,1138191.701,21456303842.0,146479.70453957093,12.869510857518627,1241000.2942435383,23300869446.856968,152646.22316604157,12.300256806875964
3523170,35.23.06,2022,1365414.049,8786499259.0,93736.32838446362,6.865047891744931,1468813.8483528742,7607437469.231754,87220.62525132317,5.938167409650465
3523170,35.23.06,2023,1240028.449,1223599732.0,34979.99045168538,2.820902252677703,1359396.9909115497,1275989184.6860485,35720.990813330594,2.627708539311811
3523170,35.23.06,2024,1250656.975,10082140595.0,100409.86303645674,8.0285693874179,1419096.2057234957,9199679564.839363,95914.96006796522,6.758876507534952
3523170,35.23.06,2025,885205.2261,17183904349.0,131087.39202913453,14.808700645236117,954931.4858277969,18496488493.32882,136001.79591949814,14.242047512089615
3523180,35.23.02,2018,671454.2556,14735390512.0,121389.41680393723,18.07858328270862,1149487.6240438004,14903358477.96512,122079.31224398801,10.620324194054678
3523180,35.23.02,2019,657103.1338,4493206323.0,67031.38312014754,10.201044504613431,872318.353780453,5348862092.95187,73135.91520553954,8.38408533863619
3523180,35.23.02,2020,748473.9587,1946711586.0,44121.55466435878,5.894868372039566,945883.2772704223,2198907688.305146,46892.512070746925,4.957536854448548
3523180,35.23.02,2021,1066600.359,4266063954.0,65315.11275348149,6.123672489170941,1597284.8534352167,4126987713.0955815,64241.63535508402,4.021927285976706
3523180,35.23.02,2022,1152862.051,17355927482.0,131741.89721573013,11.427377378018155,1738947.7018398668,17314552526.903835,131584.7731574738,7.566919523701177
3523180,35.23.02,2023,1231474.298,13511360656.0,116238.3785846998,9.438960989561783,1497305.0186649438,12664147571.296247,112535.09484288111,7.515843027309281
3523180,35.23.02,2024,1190298.706,149000000000.0,386005.18131237564,32.429270011520586,1826314.6167064481,123752271275.57346,351784.41022247344,19.2619829576175
3523180,35.23.02,2025,1324288.446,31814722514.0,178366.8201039644,13.468879883587265,837324.0448282377,29175392248.122334,170808.05674242164,20.399277650919473
3523190,35.23.04,2018,712560.2857,7021190435.0,83792.5440298837,11.759362079458045,819512.7362092983,7289486329.286498,85378.48868003285,10.418201561449283
3523190,35.23.04,2019,865273.5638,7037096156.0,83887.40165245315,9.694899412394731,846443.5699554263,6312859045.818653,79453.50241379328,9.386745346529988
3523190,35.23.04,2020,678667.7421,5809344161.0,76219.0537923425,11.230687575705021,1014653.0583607241,4490685508.318029,67012.57723978409,6.604481865757125
3523190,35.23.04,2021,762382.7867,18456506211.0,135854.724654684,17.819752363866424,1548199.47528719,16697957426.493872,129220.5766373679,8.346506939191254
3523190,35.23.04,2022,885765.302,7980646170.0,89334.46238714374,10.085568060233605,1483813.7854552327,8162436389.574479,90346.20296157707,6.08878309712286
3523190,35.23.04,2023,835148.6859,523882197.9,22888.473035569674,2.740646476729333,1359472.4776189297,588664083.4704427,24262.40061227336,1.7846922987928475
3523190,35.23.04,2024,956484.5533,7647948215.0,87452.54836195456,9.1431218685374,1421252.652572761,7675021125.752327,87607.19791063019,6.164083335362157
3523190,35.23.04,2025,866941.0544,1781979492.0,42213.49893102916,4.8692467286884495,732398.2683276634,1830128000.0867248,42779.995325931544,5.841083625663687
3524010,35.24.01,2018,1058794.403,29447336846.0,171602.2635223673,16.207326279412467,657317.8208051835,23650641493.70586,153787.65065409464,23.3962393512642
3524010,35.24.01,2019,473976.5998,6.87e-25,8.28854631404084e-13,1.7487247930674826e-16,584559.2749027067,1.3111186939117412,1.1450409136409674,0.00019588106164794775
3524010,35.24.01,2020,1082874.881,3.82e-21,6.180614856144977e-11,5.707598324228723e-15,1335518.579429488,1.5634898648687683,1.2503958832580857,9.362624395627912e-05
3524010,35.24.01,2021,1728056.204,1.44e-20,1.2e-10,6.944218580520198e-15,2131226.0605852893,1.2307159186932686,1.1093763647623238,5.205343465336853e-05
3524010,35.24.01,2022,1457975.666,3.31e-24,1.819340539866025e-12,1.2478538444043039e-16,1798133.4911942442,1.1670081967694987,1.0802815358828914,6.0077938661017546e-05
3524010,35.24.01,2023,1381782.893,1.36e-20,1.16619037896906e-10,8.439751171308358e-15,1704164.311794883,1.3071010440607203,1.1432851980414687,6.708773268683947e-05
3524010,35.24.01,2024,1082520.589,1.19e-20,1.0908712114635714e-10,1.007714054169894e-14,1335081.6281649931,1.3700898973730509,1.1705083926965456,8.767317053904445e-05
3524010,35.24.01,2025,778411.1143,8.42e-21,9.176055797563569e-11,1.1788187024815672e-14,960020.8886755604,1.216476179650202,1.102939789675847,0.00011488706159273856
3524020,35.24.02,2018,550705.8365,4.53e-21,6.730527468185535e-11,1.2221638163418187e-14,679190.079436341,1.312554816797022,1.145667847500759,0.00016868147550852736
3524020,35.24.02,2019,833869.3048,2.06e-20,1.4352700094407325e-10,1.7212169834995615e-14,1028417.9353647339,1.6216461826234316,1.2734387235448086,0.00012382502091362076
3524020,35.24.02,2020,879476.0774,9.73e-22,3.1192947920964443e-11,3.546764798103472e-15,1084665.146583511,1.4740464188116673,1.2141031335152987,0.00011193345129042753
3524020,35.24.02,2021,1292471.223,65037670515.0,255024.8429369186,19.73156836288947,789558.2630647969,54141252834.721535,232682.72998811392,29.46998858385936
3524020,35.24.02,2022,905194.9686,3556801344.0,59638.9247387979,6.588517038604085,1092903.369736604,3301863453.6813793,57461.843458780364,5.257724063256298
3524020,35.24.02,2023,1214150.117,84550406.23,9195.129484134522,0.7573305273695841,664867.1836963196,75379004.0843287,8682.10827416525,1.3058409990845379
3524020,35.24.02,2024,1058846.573,2227280774.0,47194.07562395941,4.457121251310827,964575.3800072494,2231384914.1748,47237.5371307057,4.897236453448634
3524020,35.24.02,2025,1421509.211,4.860000000000001e-21,6.971370023173351e-11,4.904203201236486e-15,1753159.109543195,1.1356747063144679,1.065680395951088,6.0786290881993186e-05
3524030,35.24.04,2018,894597.6003,239419347.7,15473.181563595768,1.7296247562487193,1501692.9759929413,216138887.56068963,14701.662748161843,0.9790058942268735
3524030,35.24.04,2019,773074.6027,27156313526.0,164791.72772320826,21.316406870393266,915438.937606381,26378850839.610558,162415.673010983,17.74183578378859
3524030,35.24.04,2020,838215.2531,3446863940.0,58709.99863737011,7.004167297152006,796939.1178322849,3496983057.548187,59135.29451645765,7.420302654650543
3524030,35.24.04,2021,1230008.794,65831430216.0,256576.36332289068,20.859717798317686,1381301.725650507,64055868999.81638,253092.60953219552,18.322760685251783
3524030,35.24.04,2022,872124.8534,9946839166.0,99733.8416286067,11.43572978568285,1766102.1143337025,10303167906.764498,101504.52160748554,5.747375578324369
3524030,35.24.04,2023,1138285.016,3204181877.0,56605.49334649421,4.972875207073288,1193458.3566687342,2664499424.089802,51618.78944812443,4.325143743783944
3524030,35.24.04,2024,1015897.95,3176016868.0,56356.16086995281,5.547423426728326,1687366.3050290323,3335200252.1340966,57751.19264685446,3.422564055874093
3524030,35.24.04,2025,1311598.405,7316826714.0,85538.45166941006,6.52169531034235,756356.0262985075,7445402564.150012,86286.74616735766,11.408218242093213
3524040,35.24.11,2018,582240.9817,1702527698.0,41261.6977110734,7.086704475971345,1404562.7257555602,1966463566.523589,44344.825701806396,3.157197958386078
3524040,35.24.11,2019,607733.819,17010808965.0,130425.49200597251,21.460956742638096,917411.8316482308,15234434213.460543,123427.850234299,13.453919600377004
3524040,35.24.11,2020,789988.1089,3585250230.0,59876.95909112286,7.579475996733305,951679.1647455454,2744012919.6684923,52383.32673349882,5.504305303090751
3524040,35.24.11,2021,1000386.192,9334360467.0,96614.49408344485,9.657719674268039,1576681.261591846,9437961028.969458,97149.1689566589,6.161623869276873
3524040,35.24.11,2022,1002573.035,1580843955.0,39759.82840757741,3.9657787532234408,1889638.6343501746,1657943550.4393635,40717.85296942072,2.154795749263622
3524040,35.24.11,2023,1215437.261,12590424457.0,112207.06063791172,9.231826622263782,1527750.6396684418,10426742351.243622,102111.42125758324,6.68377538887785
3524040,35.24.11,2024,1144563.472,8088578314.0,89936.5238042921,7.857713967329206,2030481.6772364667,7102412371.344739,84275.81130635728,4.150532962260396
3524040,35.24.11,2025,1406500.513,11170165497.0,105689.00367114831,7.5143238622585775,880181.5242138886,10342374310.239698,101697.4646205091,11.554146709832107
3524050,35.24.16,2018,1388639.155,36824230238.0,191896.40496371995,13.819025934330648,2185727.5191803663,41077039272.42395,202674.7129575467,9.272643144171438
3524050,35.24.16,2019,778016.4584,6672227797.0,81683.70582313219,10.498968876714471,1142034.4035975146,6396401714.485137,79977.50755359369,7.003073401436691
3524050,35.24.16,2020,960790.6788,14502587939.0,120426.69114029498,12.534123591905,750363.1722404064,15646305993.734966,125085.19494222714,16.669953906286796
3524050,35.24.16,2021,1224717.156,13102363977.0,114465.55803821515,9.346285179189175,1219845.8171913358,14411369133.388378,120047.36204260541,9.84119143180008
3524050,35.24.16,2022,1655532.0,73166208226.0,270492.5289652193,16.338707374138302,1841480.4805912874,80337164242.56956,283438.11360254564,15.391860874438132
3524050,35.24.16,2023,1616917.163,106000000000.0,325576.4119219941,20.135627190568336,1851465.675400581,103210437841.37578,321263.8134639128,17.35186440301706
3524050,35.24.16,2024,1571682.334,76232240167.0,276101.8655623319,17.56728186030065,2334681.897303328,84851862068.42007,291293.4294975087,12.476793084058556
3524050,35.24.16,2025,1176778.324,41168780223.0,202900.91232668227,17.242067447078696,786168.1462599298,50614138390.86984,224975.86179603767,28.616761295446103
3524060,35.24.19,2018,920377.5111,84371641.08,9185.403697170854,0.9980039262576951,2110692.1666582082,90128163.3242774,9493.585377731502,0.44978540820390656
3524060,35.24.19,2019,752486.7443,253169314.6,15911.295189267277,2.1144950804507188,1105506.5770817085,269436380.31371975,16414.517364629388,1.4847959935218173
3524060,35.24.19,2020,1233374.386,10990296948.0,104834.61712621457,8.499821166726788,870625.4004378811,10723105028.269985,103552.42647214977,11.894027720770389
3524060,35.24.19,2021,1259606.161,8402642923.0,91665.93109220022,7.277348581673078,4752517.973933286,7594756590.817425,87147.9006678728,1.8337205907660636
3524060,35.24.19,2022,1432432.808,54461828408.0,233370.58171072035,16.291904262969126,3066344.240842147,57990542304.33715,240812.25530345656,7.853399239914414
3524060,35.24.19,2023,1557933.124,22199109213.0,148993.65494208134,9.563546255409184,2524985.651800843,22978578037.779327,151586.86631030845,6.003474364386796
3524060,35.24.19,2024,1621711.051,32897776478.0,181377.44203180284,11.184325464142306,3174922.60346648,35959776076.408554,189630.63063864064,5.9727638850659215
3524060,35.24.19,2025,1156183.498,20137938300.0,141908.20377976744,12.273847881866883,694207.3841799273,16921119784.76521,130081.20457915973,18.738090020869727
3524070,35.24.12,2018,1162594.643,254636.5107,504.61521053174766,0.04340422636299277,1965337.2808241916,256605.5734247225,506.5625069275484,0.025774838337932218
3524070,35.24.12,2019,1140736.652,98944146116.0,314553.88428057916,27.57462765214799,2076163.1913530587,101902126883.87094,319221.1253721641,15.3755314949074
3524070,35.24.12,2020,940467.3455,3368535402.0,58039.08512373365,6.171302533941477,2178548.811335255,3605150489.033112,60042.905401330405,2.7560964018304226
3524070,35.24.12,2021,1072126.798,7304070914.0,85463.85735502465,7.9714318786223135,3257659.649892841,8844604347.834291,94045.75667107098,2.886911672131389
3524070,35.24.12,2022,907083.471,3792320265.0,61581.8176493679,6.788991269070086,3417480.623243365,3249791553.5466657,57006.943029307105,1.6680985004445932
3524070,35.24.12,2023,1166923.054,14702320923.0,121253.12747719129,10.390841715017766,2653125.97636279,13707942149.167934,117080.92137136577,4.4129424088589175
3524070,35.24.12,2024,961779.6094,7068215150.0,84072.67778535426,8.74136620943778,3703726.0665753745,8671691032.485174,93121.91488841482,2.5142765208475413
3524070,35.24.12,2025,1316907.554,4953313617.0,70379.78130827063,5.344322089618041,834812.8323113186,5078111067.507132,71260.86631179228,8.536148889146169
3524080,35.24.06,2018,1176643.914,16420871350.0,128143.94776968595,10.890631077507612,1469888.3976456246,15623212558.427439,124992.85002922143,8.503560558027887
3524080,35.24.06,2019,774373.1061,24062674632.0,155121.48346376783,20.031878979502675,1855160.2276790289,19516813501.230072,139702.58945785533,7.530486443892544
3524080,35.24.06,2020,867352.7216,3689408823.0,60740.50397387233,7.0029761204674275,1567719.8538767826,4892093562.038279,69943.50264347847,4.4614796751164825
3524080,35.24.06,2021,1100554.74,8512814399.0,92264.9142361277,8.383491604981657,2748120.3573285327,9026365054.038197,95007.18422329017,3.457169696732181
3524080,35.24.06,2022,831385.9242,2763737513.0,52571.26128408943,6.3233282827919,3056919.2233982184,2735330196.257218,52300.38428403006,1.7108853869514562
3524080,35.24.06,2023,1134983.411,37150790736.0,192745.40392963978,16.982222124270304,2246621.9808844384,37934692947.913055,194768.30580952603,8.669384857209074
3524080,35.24.06,2024,674878.6654,2578794568.0,50781.833050806665,7.524587107922327,3422492.5563188815,2441568233.8894076,49412.227574654105,1.4437497455889354
3524080,35.24.06,2025,986167.2833,5138564574.0,71683.78180592874,7.268927191140852,601397.7220409125,5225608672.09335,72288.37162430311,12.020060764278286
3524090,35.24.03,2018,932457.6934,188118412.2,13715.626569719663,1.470911406147412,1991102.8236244498,201600202.88064396,14198.598623830592,0.7131022293456728
3524090,35.24.03,2019,723974.308,39618298.26,6294.30681330359,0.8694102461580157,1186942.3437725557,35904991.49488938,5992.077393933541,0.5048330633220509
3524090,35.24.03,2020,829101.6443,1802740012.0,42458.68594292574,5.121047127915548,1032888.8066447804,1863642827.4062579,43169.92966645021,4.1795331103144315
3524090,35.24.03,2021,1007604.311,5141385703.0,71703.4567018913,7.116231631713542,3722836.284108965,4637672691.980076,68100.4602919839,1.8292628279860894
3524090,35.24.03,2022,1078983.248,3198059535.0,56551.38844449356,5.24117390601912,2824603.7061983226,3186784291.986751,56451.610180638345,1.9985674470638375
3524090,35.24.03,2023,1186838.546,5492055543.0,74108.40399711762,6.244185803274173,2215574.3410699693,5274859673.104664,72628.22917505744,3.2780768322124105
3524090,35.24.03,2024,1103752.878,28019601011.0,167390.5642830563,15.165583494229972,3063029.168670996,29713126358.517487,172374.95861788478,5.627597686008187
3524090,35.24.03,2025,995769.5949,19348568388.0,139099.13151418307,13.969007712888851,536096.8395135744,18926130798.166294,137572.2748164262,25.661832839986882
3524100,35.24.05,2018,1249788.923,42584637674.0,206360.4556934298,16.511624634828824,5309603.9455196485,50736681825.386826,225248.04510891283,4.242275834885607
3524100,35.24.05,2019,1211818.022,31452767824.0,177349.28199459956,14.634976438285676,3452369.295735745,32703898408.452606,180842.19200300743,5.238205316748061
3524100,35.24.05,2020,1035149.67,21444653897.0,146439.93272669855,14.146740029072177,3066109.449090269,24261119080.078304,155759.81214703075,5.080047360776555
3524100,35.24.05,2021,995628.5768,2730131047.0,52250.65594803572,5.248006853717672,11478258.962962525,3038742150.821479,55124.78708186979,0.48025390662245654
3524100,35.24.05,2022,1031983.822,8549223310.0,92462.01009063127,8.959637556278597,6864609.19214853,8610607874.471275,92793.36115515632,1.3517646607077023
3524100,35.24.05,2023,1367955.469,28328654535.0,168311.18363020325,12.303849609464388,5769638.750474553,30495420240.606964,174629.3796604883,3.0266952094032757
3524100,35.24.05,2024,1396756.291,1728135818.0,41570.85298619695,2.97624240206103,7813282.277852787,1855786473.6347709,43078.84020763292,0.5513539467240606
3524100,35.24.05,2025,1686100.844,36894231885.0,192078.71273256702,11.391887585851123,861232.9545845279,42036118754.85989,205027.11712078453,23.80623221967775
3524110,35.24.13,2018,1015994.11,21713287801.0,147354.29345967493,14.503459420613662,1666260.2355444324,22917379692.5836,151384.87273365064,9.08530789514924
3524110,35.24.13,2019,794968.9925,2180260038.0,46693.254737702744,5.873594464466202,1252664.5126340496,2067845492.4128046,45473.56916289731,3.6301474739854664
3524110,35.24.13,2020,1055743.857,3747672463.0,61218.23635976456,5.798587976985459,1105080.1898292457,4085967180.1939435,63921.57053916888,5.784337745575359
3524110,35.24.13,2021,1059633.346,901289289.0,30021.480459830756,2.833195139918781,3135291.054629159,765456197.157712,27666.879064283923,0.882434153072795
3524110,35.24.13,2022,1718735.824,42393440668.0,205896.67473759744,11.979541699341308,2448728.5971756713,41642116507.29127,204064.00100775066,8.33346746728548
3524110,35.24.13,2023,1329224.013,67807459728.0,260398.6553882335,19.590276194343286,2374211.367698889,82828918761.05888,287800.1368329398,12.121925652806505
3524110,35.24.13,2024,1857926.721,29607688452.0,172068.84799986312,9.26133663157876,2439099.9904541783,29248228766.964706,171021.13543935062,7.011649219329677
3524110,35.24.13,2025,1340010.459,27992727114.0,167310.27199188937,12.485743739399378,1221444.8721279935,25465731178.98787,159579.85831234427,13.064843281410257
3524120,35.24.17,2018,1009166.37,1252690456.0,35393.36740125189,3.507188552195996,2223663.0264374157,1392153185.5499325,37311.569057732384,1.6779326999698398
3524120,35.24.17,2019,865144.65,4415089778.0,66446.14193465261,7.680350555788862,1401871.4063212022,4720826652.674112,68708.27208330968,4.901182217819413
3524120,35.24.17,2020,907839.5853,6965597843.0,83460.157218879,9.193271429257976,1274629.034807374,7621433859.62742,87300.82393441325,6.849116217378998
3524120,35.24.17,2021,992154.332,5669528889.0,75296.27407116504,7.589169511499451,2291391.1391478144,5828445890.2639475,76344.25905242612,3.3317864308761846
3524120,35.24.17,2022,1093160.583,3031397312.0,55058.1266662788,5.036600067958981,2709464.996575265,2424145379.5719776,49235.61088858325,1.8171709525982633
3524120,35.24.17,2023,1541656.418,17596429296.0,132651.53333452274,8.604480984590092,2166380.8072618246,18267024232.80299,135155.5556860427,6.238771837019328
3524120,35.24.17,2024,1373389.521,12174220205.0,110336.84880854627,8.03390786964846,3415185.4926854186,10037574727.072868,100187.69748363752,2.9335946084983577
3524120,35.24.17,2025,1882925.335,67777581668.0,260341.27922402165,13.826426060809343,903209.7501632216,65491589918.342995,255913.2468598353,28.3337560088992
3524130,35.24.22,2018,1813877.987,66721794254.0,258305.6218009976,14.240518031106003,3248695.6937160445,61229378262.12528,247445.70770600424,7.616770883916235
3524130,35.24.22,2019,1454042.467,1793909589.0,42354.56987150265,2.912883965410527,3277992.463211665,1652205527.498941,40647.33112393655,1.2400068511479032
3524130,35.24.22,2020,1680311.875,148000000000.0,384707.6812334269,22.895016511945254,2804439.7606453663,150899330743.3365,388457.630563922,13.851523431351184
3524130,35.24.22,2021,1320897.97,12309202696.0,110946.84626432606,8.399350198435544,7250862.205060716,14630997012.628014,120958.65827888474,1.6681968965630327
3524130,35.24.22,2022,1402916.99,1924659418.0,43870.94047316515,3.127123043335953,5100965.7716213055,1839143577.0982025,42885.23728625274,0.840727799524559
3524130,35.24.22,2023,1571825.389,12691116181.0,112654.85422741446,7.16713542202584,4318769.904505668,12412964869.114092,111413.48602890986,2.5797504496054504
3524130,35.24.22,2024,1539853.27,14104742949.0,118763.39060922772,7.712643335765863,5545383.307232698,15235842232.550892,123433.55391687826,2.2258795664474107
3524130,35.24.22,2025,1467099.964,9045739205.0,95109.09107440781,6.482795542786055,1265792.4760145028,11230976781.694893,105976.30292520537,8.372328397691561
3524140,35.24.23,2018,1188415.827,48883867477.0,221096.963970562,18.60434360998812,1592219.644894072,48416183277.11746,220036.77710127793,13.819498949588493
3524140,35.24.23,2019,1182101.228,37879284784.0,194626.01260879802,16.464411676323717,1674031.2578263846,35324912754.99854,187949.22919501038,11.227342877638357
3524140,35.24.23,2020,1213717.742,9080391753.0,95291.08957819718,7.851173817495137,1726433.7895532344,9812934383.415575,99060.2563262158,5.737854351880506
3524140,35.24.23,2021,1071120.49,8512392686.0,92262.62886998181,8.613655488000402,894812.9238907011,8510212636.863086,92250.81374634635,10.309508421630099
3524140,35.24.23,2022,1283663.758,16876418891.0,129909.27176687583,10.12019471277118,1942881.8036267902,16899873795.418594,129999.51459685761,6.691066556606103
3524140,35.24.23,2023,1085127.373,11991969346.0,109507.8506135519,10.09170474713957,1775096.9804973877,11830664357.332083,108768.85747920717,6.127488169617065
3524140,35.24.23,2024,983032.7426,4835131606.0,69535.11059889097,7.073529454876468,2164312.9837283166,4864680918.023178,69747.26459168975,3.222605284728312
3524140,35.24.23,2025,1322220.021,12107491182.0,110034.04555863608,8.3219164595176,618490.5929004245,12737667844.667048,112861.27699378139,18.247856683561846
3524141,35.24.27,2018,1275689.034,737518958.0,27157.30027082957,2.1288338730698513,1213805.2346816582,714571485.874117,26731.469953485856,2.202286593408592
3524141,35.24.27,2019,1076552.896,641197624.6,25321.880352770015,2.352125979768858,957104.5113846291,592161596.5154823,24334.370682544522,2.5424987964313686
3524141,35.24.27,2020,810549.5331,265905368.0,16306.6050421294,2.011796241466418,826704.6613547399,219562432.71182528,14817.639242194597,1.7923739800756164
3524141,35.24.27,2021,1377326.231,727393208.8,26970.22819332458,1.958158320541314,1610946.392162474,766341928.2029897,27682.881501082753,1.718423507806631
3524141,35.24.27,2022,1451892.705,8213441980.0,90628.04190756855,6.242061937184852,1895878.759352791,7755799355.136501,88067.01627247571,4.6451818629235415
3524141,35.24.27,2023,1490891.119,27059999687.0,164499.2391684533,11.033618556852728,1364251.5758717174,29944458791.8819,173044.67282144775,12.684220116137832
3524141,35.24.27,2024,1429704.89,16389881657.0,128022.9731610698,8.95450341231398,1592182.933870791,16844645012.495918,129786.9215772372,8.15150814747834
3524141,35.24.27,2025,1432211.552,87663679819.0,296080.5292804645,20.672960559981888,783785.6809246943,86989855758.0578,294940.4274731726,37.630239318126854
3524150,35.24.25,2018,783967.9118,4.78e-22,2.1863211109075446e-11,2.7887890282240306e-15,966874.1331579924,1.3135002802858486,1.1460803987006534,0.0001185346012885193
3524150,35.24.25,2019,1329589.746,5095308613.0,71381.43044938229,5.36868087800237,1440983.1559807472,5522341399.414164,74312.45790184956,5.157066381617193
3524150,35.24.25,2020,631608.2394,1439100564.0,37935.47896099376,6.006172274926431,2162910.18695086,1550305563.7460775,39373.91984227729,1.820413999611526
3524150,35.24.25,2021,1195366.299,43835317528.0,209368.85520057657,17.515037472256573,2422663.39561521,47219128297.388275,217299.62792740413,8.96945189829903
3524150,35.24.25,2022,804599.9314,5489817648.0,74093.30366504115,9.208713644322485,2458218.9779048557,5238865358.2499075,72380.00661957629,2.944408422119737
3524150,35.24.25,2023,2315810.571,47014297544.0,216827.80620575396,9.362933606099078,1562477.8504744049,49664321547.85874,222854.93386474246,14.26291795413794
3524150,35.24.25,2024,1472861.695,392141709.6,19802.568257678093,1.3444961142585823,3121367.5557621964,339580394.5239756,18427.707250875665,0.5903728709186209
3524150,35.24.25,2025,1251399.788,8278161507.0,90984.40254790928,7.270610353332526,1117933.916160442,7138754561.777125,84491.15078975505,7.557794746932893
3524160,35.24.26,2018,896282.4333,400996506.2,20024.89715828773,2.2342172973934744,2950975.1444048923,373765909.22978175,19333.026385689896,0.655140265154239
3524160,35.24.26,2019,882188.3091,13610476130.0,116663.94528730803,13.224381244218423,1816685.6082971229,13308807896.17254,115363.80669938272,6.350235074935141
3524160,35.24.26,2020,775459.69,5333403861.0,73030.15720235032,9.417660020774301,1859845.2415993165,5315100567.239243,72904.73624696302,3.919935627776795
3524160,35.24.26,2021,1445152.264,2468652481.0,49685.53593350886,3.438083112154946,3189641.6891384777,2344625214.9561677,48421.33016508497,1.5180805521188045
3524160,35.24.26,2022,1057203.0,830362909.8,28816.018284974765,2.7256844981498127,3344809.85689212,758315911.6647477,27537.536412408932,0.8232915349632414
3524160,35.24.26,2023,1247253.876,13088305322.0,114404.13157749156,9.172481543564396,2764449.9121992067,13567228527.996626,116478.446624243,4.213440298203151
3524160,35.24.26,2024,1472676.315,6042510996.0,77733.58988236681,5.278389357566792,3331675.2966644443,6855345709.232632,82797.01509856881,2.485146592210299
3524160,35.24.26,2025,2026964.866,2.0900000000000002e-21,4.5716517802649845e-11,2.255417376467237e-15,2499872.594601078,1.2636631104735043,1.1241277109267898,4.49674000728895e-05
3524170,35.24.24,2018,1244054.112,3057340802.0,55293.22564293026,4.444599725170979,3008808.1725818985,3079222332.3141,55490.740960218754,1.8442764635474056
3524170,35.24.24,2019,903375.5555,1287751878.0,35885.25989873837,3.9723523268101495,1663406.2177751572,1318316366.4699373,36308.626612279586,2.1827877174129586
3524170,35.24.24,2020,1017901.705,11604563666.0,107724.48034685524,10.58299439107976,1452967.0143097776,11539448856.58279,107421.82672335632,7.393273602593542
3524170,35.24.24,2021,1000683.76,6732469102.0,82051.62461523843,8.199555933158987,2330910.2256184104,6191097285.493661,78683.52613790044,3.375656654345194
3524170,35.24.24,2022,759242.8751,7819243117.0,88426.48425104325,11.646666323921261,2275442.897889228,9231175298.06723,96079.00550103144,4.22243096454573
3524170,35.24.24,2023,1604702.029,180000000000.0,424264.0687119285,26.43880677189126,1782973.2537586996,195717797470.04285,442400.04234859976,24.81248899364995
3524170,35.24.24,2024,1693653.523,29400287539.0,171465.1204735237,10.123978614575451,3096881.060085206,25809985871.940975,160654.86569643937,5.187634351447104
3524170,35.24.24,2025,2157810.034,71031228059.0,266516.8438560685,12.351265387436255,1158255.4610769392,68368502184.7418,261473.71222503763,22.574787774531266
3524180,35.24.21,2018,699905.545,957603172.4,30945.163958201934,4.421334304216997,3070573.4016969306,943560987.4328554,30717.437839651524,1.0003811608175772
3524180,35.24.21,2019,835660.3334,3227734075.0,56813.150546330384,6.798593672045937,1416249.6938005048,2931175529.078341,54140.33181536978,3.82279565901153
3524180,35.24.21,2020,1245450.37,22006140931.0,148344.6693717034,11.91092579399237,1496453.2532472648,21727635356.410473,147402.96929305894,9.850155290397366
3524180,35.24.21,2021,1020953.286,6358207770.0,79738.37075084994,7.810187972777624,5307299.644551774,6328296889.775041,79550.5932710438,1.4988901814260052
3524180,35.24.21,2022,1386073.678,3661236264.0,60508.15039314952,4.365435355533063,3837981.370483584,3623965816.9084315,60199.383858212634,1.5685168333849298
3524180,35.24.21,2023,1382791.173,20307257633.0,142503.53551052688,10.30549936194356,3991423.279796375,21204267948.72226,145616.8532441292,3.648243822728767
3524180,35.24.21,2024,1371673.753,25407546263.0,159397.44747956286,11.62065302561511,4865179.159230902,24318845095.08392,155945.00663722426,3.2053291674026734
3524180,35.24.21,2025,1078358.875,7382584990.0,85921.97035683016,7.967845616964034,824919.7433689332,6537790082.370745,80856.60197145774,9.801753761068102
3524190,35.24.20,2018,898522.9102,2046923723.0,45242.94114002758,5.035257379242235,2081269.630381003,1953965240.8784823,44203.679042343094,2.1238804620548395
3524190,35.24.20,2019,756601.0701,1.3300000000000001e-21,3.6469165057620937e-11,4.820131308141132e-15,933122.3801236033,1.2154722560304034,1.1024845831259518,0.00011815005262009838
3524190,35.24.20,2020,1098793.869,23955643607.0,154776.10799797234,14.086000328599606,1227635.0394538154,25168275705.664986,158645.12506114074,12.922824777934263
3524190,35.24.20,2021,1145011.465,11832491327.0,108777.25555923904,9.50010186659913,2645813.0925396783,10773061078.079168,103793.35758168327,3.9229285649219277
3524190,35.24.20,2022,1583328.205,52857355282.0,229907.27540032307,14.520506530124186,2314110.4247643235,56692201161.05728,238101.24141015578,10.289104567445385
3524190,35.24.20,2023,1366237.744,658952929.8,25670.078492283577,1.8788881075066814,2445495.3822529186,696382470.9467673,26389.05968288312,1.0790885100168184
3524190,35.24.20,2024,1311616.466,30857101478.0,175661.89535012993,13.392779055743413,2514252.689406923,34598601301.25412,186006.99261386416,7.398102561351565
3524190,35.24.20,2025,1543166.356,183000000000.0,427784.99272414873,27.721249304125493,999569.7249091879,196650471850.17035,443452.89699151856,44.36437858617685
3524200,35.24.18,2018,609856.9001,18106327944.0,134559.7560342616,22.0641524285775,1825779.5727154748,19629033093.725204,140103.6512505124,7.673634503541782
3524200,35.24.18,2019,737326.2597,20398091511.0,142821.8873667478,19.370242886081193,1032583.9485247496,20057098822.38784,141623.08717997867,13.715406614863154
3524200,35.24.18,2020,1421449.843,7097787381.0,84248.36723046922,5.9269321140914295,1250072.9731750442,6943050620.155586,83324.9699679249,6.665608468943128
3524200,35.24.18,2021,1434897.839,35991431739.0,189714.0789161416,13.221434569053079,2960871.2721535927,35019159680.70151,187134.06873335893,6.320236563248047
3524200,35.24.18,2022,1335874.427,7543832256.0,86855.23735503807,6.501751631707677,2550522.131807869,7480439318.471502,86489.53299949944,3.3910520485542177
3524200,35.24.18,2023,1453092.823,2197640756.0,46879.00122656198,3.2261532425559283,2169298.8068077,1870640126.8292453,43250.89741068092,1.99377316185999
3524200,35.24.18,2024,1147298.898,1021319664.0,31958.092308521795,2.7855071040538726,2660052.7956867977,1123727045.0337412,33522.03819927633,1.2602019874805264
3524200,35.24.18,2025,880807.1252,5203819586.0,72137.50471148832,8.1899320120859,917582.2101266878,5071893269.440042,71217.22593193337,7.7614000299875725
3524210,35.24.09,2018,947620.1142,5793783442.0,76116.90641375279,8.032428319444467,1677812.935592232,6693850514.477329,81815.9551339305,4.876345473224714
3524210,35.24.09,2019,625860.4781,555127067.2,23561.134675562636,3.764598580675682,1211441.9259526923,592025415.6673648,24331.57240433435,2.008480297988673
3524210,35.24.09,2020,858549.4794,5474897933.0,73992.55322665923,8.618321366681064,1060516.1172855005,5947787633.129867,77121.90112497141,7.272110236511333
3524210,35.24.09,2021,1185701.653,10920603430.0,104501.69103894923,8.81348952955784,2714790.037567515,8479081301.380711,92081.92711591515,3.3918618324686975
3524210,35.24.09,2022,1366198.428,54038470116.0,232461.7605456863,17.015226762190817,2608347.363023043,55188715032.8835,234922.78525695097,9.006575910375613
3524210,35.24.09,2023,1582351.593,23523447929.0,153373.55681146603,9.692760919252034,2338111.471139922,24681148815.96526,157102.3514017701,6.719198521581886
3524210,35.24.09,2024,952031.9401,7995613502.0,89418.19446846374,9.392352367828268,3199684.4776720935,8257100387.116291,90868.58856126407,2.8399234110537934
3524210,35.24.09,2025,1617718.784,17347489379.0,131709.86819141533,8.14170358248219,725024.6693386568,21254635131.471832,145789.6948740611,20.10823921440433
3524220,35.24.10,2018,832374.6459,6190697294.0,78680.98432277013,9.452592616837434,1800811.8348009645,6455299713.866194,80344.87982358424,4.461592170314917
3524220,35.24.10,2019,1130240.822,7678325713.0,87626.05613058252,7.7528659755471585,1302573.2977459552,6672693790.990199,81686.55820262106,6.271167875464359
3524220,35.24.10,2020,1127760.245,22809129285.0,151026.91576338306,13.39175737333985,1826883.9017247693,25175902334.15224,158669.15999699576,8.685234997538458
3524220,35.24.10,2021,1244701.85,15330780614.0,123817.52951016265,9.947565315353444,2798202.428668188,16663923468.948322,129088.82007729531,4.613276679154892
3524220,35.24.10,2022,1532839.211,40170632132.0,200426.1263707903,13.075482733771892,2454395.420288947,40793477488.14771,201973.95249919657,8.229071437699266
3524220,35.24.10,2023,1908314.777,88722152776.0,297862.64078598376,15.608674437570723,2372737.9333594204,78747775837.47458,280620.3410971389,11.82685778955053
3524220,35.24.10,2024,1650220.913,11362399458.0,106594.55641823367,6.459411317509686,3000393.180244303,10427420825.557966,102114.74342893863,3.403378733870608
3524220,35.24.10,2025,1822325.625,5196616540.0,72087.56161779922,3.9558002493544047,1078466.1303243332,4922335461.478208,70159.3576187682,6.505476217196435
3524230,35.24.08,2018,937905.4889,1.6e-21,4.0000000000000004e-11,4.264822039469355e-15,1156726.6247953987,1.2673415196246018,1.1257626391138595,9.732313711660125e-05
3524230,35.24.08,2019,862286.4519,14946789910.0,122257.06486743415,14.178242577979457,1797608.14544079,13508026862.691849,116224.0373704676,6.465482350268744
3524230,35.24.08,2020,904124.5316,11696988841.0,108152.61828083497,11.962137349535332,1669223.4753542794,10869941360.403109,104259.01093144472,6.245958822818292
3524230,35.24.08,2021,1092635.668,5886501544.0,76723.53969936476,7.021877643789747,7435806.596106514,6317494104.737225,79482.66543553522,1.0689178693425592
3524230,35.24.08,2022,1226056.958,6466376921.0,80413.7856402744,6.558731640938527,4539843.266201266,6144592108.675982,78387.448667985,1.726655394726348
3524230,35.24.08,2023,1377818.144,33142667110.0,182051.27604606346,13.213011952182816,4272718.201263022,33275768733.505966,182416.4705653137,4.26933071578161
3524230,35.24.08,2024,912811.7495,14065329154.0,118597.34041705994,12.99253000216338,5108340.376578973,17744680547.94969,133209.16090100445,2.6076798153809375
3524230,35.24.08,2025,1457145.833,7596849378.0,87159.90694120778,5.981550025213418,485737.05743681896,7892264613.997195,88838.41856987997,18.28940518532198
3524240,35.24.15,2018,1048024.275,8645563140.0,92981.52042207097,8.87207697761304,1261398.8214564878,9216097073.725595,96000.50559098944,7.610638598832796
3524240,35.24.15,2019,958197.6104,11077420437.0,105249.3251142258,10.9840938833368,1152385.4244571554,9291299169.370426,96391.38534833092,8.364509243401548
3524240,35.24.15,2020,970299.5338,28870270158.0,169912.53678878437,17.51134890515232,1161904.4581560753,30322901624.283554,174134.72262671668,14.987008734183346
3524240,35.24.15,2021,1312596.667,5778208453.0,76014.52790749936,5.791156553919496,1677177.1107196545,5401133397.58215,73492.4036726392,4.3819107238534025
3524240,35.24.15,2022,1091495.546,16331269690.0,127793.85622947608,11.70814271279455,2273767.407078795,16561445255.686253,128691.27886413381,5.65982599906597
3524240,35.24.15,2023,1369375.038,31915902986.0,178650.22526154283,13.046113760220509,1712431.1354338347,30219839029.563705,173838.542991949,10.151564018830339
3524240,35.24.15,2024,1471992.077,2771350053.0,52643.61360127171,3.5763516953543837,2327822.2560583903,2940122099.9305553,54222.892766160636,2.3293399066462284
3524240,35.24.15,2025,1727666.344,682410290.1,26122.98394326345,1.5120387124508023,855984.3389680468,660275486.5557079,25695.82624777238,3.001903782346137
3524250,35.24.14,2018,1090870.261,19609800086.0,140034.99593315952,12.836998215057175,3791190.8360911575,16855935570.207024,129830.41080658654,3.424528503567654
3524250,35.24.14,2019,998211.7261,2805035392.0,52962.58483118059,5.305746611303066,3973190.036474074,2418424631.726669,49177.48094124656,1.237732917121883
3524250,35.24.14,2020,1112604.512,9907211402.0,99534.97577233844,8.946123685353024,3735520.5348651656,9980619423.024721,99903.05011872621,2.6744077347799196
3524250,35.24.14,2021,1167013.344,4834244415.0,69528.73085998335,5.957835119662809,6330155.146297164,5589398145.122054,74762.2775544061,1.1810496871966625
3524250,35.24.14,2022,1351178.742,34443575198.0,185589.80359383972,13.735399901210087,6302972.257180686,31042388617.338413,176188.50307933945,2.795324108853819
3524250,35.24.14,2023,1060867.482,50832874334.0,225461.46973263525,21.252557322954615,5859630.661390986,63274710336.78826,251544.64879378423,4.292841363726351
3524250,35.24.14,2024,1299845.748,53191517514.0,230632.8630399406,17.74309477834601,6112982.412397468,55769412937.091354,236155.48466442898,3.863179520776839
3524250,35.24.14,2025,1485820.568,67033833726.0,258908.9294056889,17.425316016064794,1534256.8810659237,55984548895.67827,236610.54265539028,15.421833564859444
3524260,35.24.07,2018,930871.7642,2027021528.0,45022.45581929089,4.83659055422995,2743180.336625728,1732641158.2213724,41625.00640506104,1.5173995617168292
3524260,35.24.07,2019,880042.7146,13921555774.0,117989.64265561618,13.407263158725794,2120862.219705404,16144536779.16243,127061.1536983764,5.9910140563504255
3524260,35.24.07,2020,1040740.954,1185312372.0,34428.36580495798,3.308062940411393,2124943.2994371294,1340326736.1680179,36610.47303939158,1.7228917613514316
3524260,35.24.07,2021,1401189.563,23107941660.0,152012.96543387344,10.84885082275434,5536277.578711579,20870388497.310192,144465.87312341345,2.609440568495376
3524260,35.24.07,2022,1300004.631,47104136097.0,217034.87299740565,16.694930758089402,5600363.896075753,48332567734.36601,219846.69143374893,3.925578685838582
3524260,35.24.07,2023,1544270.48,12425518715.0,111469.81077852425,7.218282821706483,4503899.916366334,11786617285.14041,108566.18849872371,2.410492917576041
3524260,35.24.07,2024,1600543.629,102000000000.0,319374.38845342625,19.95411950456905,5767949.808068415,105854685360.10356,325353.1702014037,5.640707374850731
3524260,35.24.07,2025,1141564.973,7513909199.0,86682.80797828367,7.59333108745302,886966.5203085417,7522381899.906107,86731.66607362105,9.778459963004062
3525010,35.25.06,2018,1285945.167,17490169595.0,132250.40489541044,10.28429580741295,1828341.2379700504,19172067044.29216,138463.23354700394,7.573161435703069
3525010,35.25.06,2019,1107811.056,6260960926.0,79126.23411991753,7.142574872435424,1702901.5642063492,5900848743.148327,76816.98212731561,4.510946712478756
3525010,35.25.06,2020,1288623.971,19184204227.0,138507.05479144375,10.748446242541903,1546874.5053395175,20617713682.11105,143588.6962198315,9.282504542171361
3525010,35.25.06,2021,1310480.731,34360021628.0,185364.56411083537,14.14477601432473,2299650.3846063036,31247181701.26891,176768.7237643269,7.6867651251513776
3525010,35.25.06,2022,1952115.153,86152602104.0,293517.63508177834,15.035877091097932,3053802.9129918166,82968655866.65897,288042.8021434644,9.432265616030483
3525010,35.25.06,2023,1244791.797,5367339373.0,73262.12782195177,5.885492497501714,3633575.710165291,5072749508.343182,71223.23713749033,1.9601418222341207
3525010,35.25.06,2024,1387005.389,19376721598.0,139200.2930959558,10.036031164688994,3446469.657895963,17559975918.930397,132514.05932553118,3.8449216873834233
3525010,35.25.06,2025,1465304.61,23673308556.0,153861.32898165152,10.500296520711247,764472.030954726,26393999667.24403,162462.30229577576,21.251569150657023
3525020,35.25.15,2018,1402238.573,13300373415.0,115327.24489469087,8.224509517517806,8715731.921250848,15598091304.953794,124892.31883888535,1.4329527338303136
3525020,35.25.15,2019,1408162.298,3607329198.0,60061.04559529413,4.265207617090606,2874486.5301410207,3243861260.286724,56954.905498005384,1.9813940646718289
3525020,35.25.15,2020,1447632.551,19633582800.0,140119.88723946363,9.679244027959387,2262773.5862020706,19939647977.261463,141207.81839990822,6.240474931339333
3525020,35.25.15,2021,2035066.755,89375544425.0,298957.4291182609,14.690300865253972,9603134.868588539,91813725133.59227,303007.79714982957,3.1553008605653936
3525020,35.25.15,2022,1890513.317,209000000000.0,457165.1780264984,24.182065998453815,7870116.6335270805,193316785870.19708,439678.04797396593,5.586677662449321
3525020,35.25.15,2023,2827148.673,321000000000.0,566568.6189686118,20.0402838513407,6478916.290073526,318759589788.6153,564587.9823274803,8.714234866601018
3525020,35.25.15,2024,2928540.484,281000000000.0,530094.3312279428,18.100973304760462,9789528.453563625,287416183605.7495,536112.0998501615,5.476383284375701
3525020,35.25.15,2025,2549525.144,22554085714.0,150180.17750022805,5.890515645772664,1644835.001541156,22270587198.203526,149233.3313914942,9.072845072707445
3525030,35.25.08,2018,856391.3781,17789157883.0,133376.00190064177,15.574187843477748,1146021.458557663,20128770361.71323,141875.89774769085,12.37986397970682
3525030,35.25.08,2019,1547025.547,50318327606.0,224317.470576859,14.499920250952325,888995.4514283435,53847878455.77076,232051.45648276107,26.102659592906285
3525030,35.25.08,2020,1289310.403,34902626272.0,186822.44584631687,14.490106138259156,1285522.781344961,44707102629.48598,211440.5415938154,16.447825325397858
3525030,35.25.08,2021,1149877.965,6120953887.0,78236.52527432439,6.803898122730301,2091015.5890712477,5687361317.63157,75414.59618423723,3.606601336613355
3525030,35.25.08,2022,979851.1193,130000000000.0,360555.1275463989,36.796929701318035,1948748.4139589756,137539630174.36597,370863.35782113334,19.030848475083896
3525030,35.25.08,2023,1437708.896,11729184323.0,108301.35882342381,7.532912895283624,1471171.9664197231,11109189045.491928,105400.13778687354,7.164365566547443
3525030,35.25.08,2024,1364894.288,28524250769.0,168891.2394678895,12.373942872555235,2162305.9687469844,31851935123.156525,178471.1044487497,8.253739620030293
3525030,35.25.08,2025,2272381.57,31162205845.0,176528.2012739041,7.768422504584215,921649.3364413243,28483397211.52171,168770.2497821275,18.311763824816907
3525040,35.25.13,2018,1479220.315,17550361567.0,132477.7776345905,8.955919296889219,4440522.289165095,18098715750.514935,134531.46751044877,3.029631623259869
3525040,35.25.13,2019,1270020.984,11008698789.0,104922.3464710926,8.261465581508267,2527812.6635413924,11088411276.70239,105301.52551935034,4.1657171450286965
3525040,35.25.13,2020,1453905.839,23829331344.0,154367.5203661703,10.61743589064507,2166040.095421994,25220578254.002613,158809.88084499846,7.331807069529739
3525040,35.25.13,2021,1762659.066,56713933775.0,238146.87437587755,13.510660057268135,10979675.179161604,59333321944.98214,243584.32204265968,2.2185020783215874
3525040,35.25.13,2022,1664990.111,157000000000.0,396232.255123179,23.797874384082693,7246518.238653257,166430253257.2897,407958.64160143695,5.629719379237426
3525040,35.25.13,2023,2055898.886,176000000000.0,419523.53926806065,20.405844962749818,5418584.909881901,178813551940.9022,422863.5145539305,7.803947369778264
3525040,35.25.13,2024,2237057.737,47038783158.0,216884.26212613954,9.695067701604856,6778491.156149982,37987537529.888374,194903.91871352502,2.8753289518817593
3525040,35.25.13,2025,2020428.594,130000000000.0,360555.1275463989,17.845477371342273,2699701.5684037805,117496378994.72006,342777.44820031564,12.696864431685517
3525050,35.25.11,2018,1271967.139,5441654756.0,73767.57252343335,5.799487287181666,2048735.764818034,5478910516.6825485,74019.66304086063,3.61294337278458
3525050,35.25.11,2019,1292973.883,24585373363.0,156797.2364648051,12.126868030852956,2305211.284648008,25390225375.425827,159343.10582960854,6.912299401394752
3525050,35.25.11,2020,1122651.724,13841737328.0,117650.91299263257,10.479733872713723,2625459.336412396,13399252116.44493,115755.13861788136,4.408948065295765
3525050,35.25.11,2021,1194537.023,5152413292.0,71780.31270480786,6.009048804911579,2725711.439847969,5902686026.584796,76828.94003293809,2.818674747067993
3525050,35.25.11,2022,1493688.876,39813550503.0,199533.33180949994,13.358426578353921,2830148.985574079,38445659088.27111,196075.64634158704,6.928103338058516
3525050,35.25.11,2023,1469367.22,27377036389.0,165460.07490932668,11.260634690715824,2370483.254735031,28986682924.54437,170254.75888956635,7.182280598248611
3525050,35.25.11,2024,1777417.577,23564392600.0,153506.9789944418,8.636517438605356,2823924.030828846,24195253767.887417,155548.2361452145,5.508230194831401
3525050,35.25.11,2025,2078491.334,47063308907.0,216940.795856842,10.437416423543386,1575574.0421498562,39557269043.762886,198890.092874841,12.623341560226347
3525060,35.25.04,2018,986049.7592,5719592920.0,75627.99032104449,7.669794512439498,1463489.3164972933,6515410870.689757,80718.09506355906,5.515455026125457
3525060,35.25.04,2019,973526.5883,59276035229.0,243466.702505702,25.008736836951783,1308557.1959450468,71725589693.89406,267816.3357487628,20.466536470753535
3525060,35.25.04,2020,998589.926,54542774477.0,233543.94549420458,23.387372475276162,1421519.5416865125,47134561663.789276,217104.95541048638,15.272738013359263
3525060,35.25.04,2021,1203761.716,14066828538.0,118603.66157079636,9.852752417223108,2113994.7977516614,15163894309.529165,123141.76509019661,5.825074178099397
3525060,35.25.04,2022,938679.1866,21999310238.0,148321.64453646002,15.801100807795414,2295847.5540188863,21655693627.61,147158.73615796652,6.40977820589023
3525060,35.25.04,2023,1352635.968,20159398748.0,141983.79748407914,10.496822562985338,1450381.0837037961,20898273736.04473,144562.35241598944,9.967197865462003
3525060,35.25.04,2024,1220864.485,5033878258.0,70949.82916117557,5.81144181298513,2022482.5175095547,5302801214.392802,72820.33517083537,3.6005421327698253
3525060,35.25.04,2025,1414791.615,16393841446.0,128038.43737721887,9.049985596445515,1130417.5759551458,17193788671.845516,131125.08788117368,11.599703567098167
3525070,35.25.02,2018,1255139.711,90990382984.0,301646.1221099983,24.032872154898964,1184613.669302169,86693095426.49548,294436.91247276636,24.85510002988679
3525070,35.25.02,2019,714345.314,2443917540.0,49435.99437656737,6.920461772157347,1305558.8133859143,2549144265.6020947,50489.050947726224,3.8672368054247133
3525070,35.25.02,2020,1069006.992,6173260626.0,78570.10007630129,7.349820970703368,1043534.5370653613,5943288887.045226,77092.72914513551,7.387654783514544
3525070,35.25.02,2021,1039082.522,1101513084.0,33189.05066433808,3.1940726517521076,1524601.6230821009,1178049245.53375,34322.722000647766,2.2512583930785612
3525070,35.25.02,2022,1100376.257,7947890824.0,89150.9440443566,8.101860020808918,1673415.4527569595,8135495055.577445,90196.97919319385,5.389993204890867
3525070,35.25.02,2023,1406977.22,13100918866.0,114459.24543696766,8.135117172470473,1284894.482643231,13699470243.271399,117044.73607673007,9.10928777870931
3525070,35.25.02,2024,1760052.566,58724234798.0,242330.83748875215,13.768386363566835,1774086.506440462,54426999832.39244,233295.94902696542,13.150201423664049
3525070,35.25.02,2025,1452724.341,83257994122.0,288544.6137462975,19.862310116430926,1606055.823314538,87300723250.5927,295466.9579675411,18.3970540549309
3525080,35.25.05,2018,1077376.949,11064282993.0,105186.89553837018,9.763239842471345,1861053.1052803588,10834862405.66194,104090.64514000257,5.593104508660531
3525080,35.25.05,2019,957695.0727,26856178227.0,163878.54718357738,17.11176676742835,1496929.3561149256,28090268316.75853,167601.5164512497,11.1963544416175
3525080,35.25.05,2020,1372729.978,38116698612.0,195234.98306399907,14.222387956329682,1586897.127382644,36299368123.90247,190523.9305806556,12.006066889471098
3525080,35.25.05,2021,1298666.948,17523361471.0,132375.83416545484,10.193208841521608,2544437.7459947104,16701196499.021276,129233.10914398554,5.079043861356638
3525080,35.25.05,2022,1400680.759,38221089611.0,195502.1473309181,13.957652097005644,2141523.441676111,40247542622.55549,200617.90204903323,9.36799934779211
3525080,35.25.05,2023,1726547.722,31055066300.0,176224.47701724072,10.206753903859989,1679061.4342720595,30133790264.197567,173590.87033654036,10.338565748298482
3525080,35.25.05,2024,2604936.889,244000000000.0,493963.5614091388,18.962592279875338,2168267.7709937072,230587066558.01492,480194.8214610554,22.146472307753037
3525080,35.25.05,2025,2083211.218,299000000000.0,546808.9245796927,26.248366937302688,1897962.4192052162,275048826480.9684,524450.9762417917,27.63231615836782
3525090,35.25.14,2018,1857676.54,45396535985.0,213064.6286575977,11.469414834597508,3055192.0552561153,47846577287.05451,218738.60493075865,7.159569708701076
3525090,35.25.14,2019,1564356.723,18835338897.0,137241.89920355956,8.773056502123625,2600973.1048599607,19312931415.278526,138970.9732831951,5.343037689375779
3525090,35.25.14,2020,1907874.656,8078509578.0,89880.52947107065,4.711029059923246,2334171.6270394335,9113498081.853058,95464.64309812852,4.089872483764697
3525090,35.25.14,2021,1765279.771,19288095717.0,138881.58883379755,7.867398194628581,3916709.1735850526,19767826345.634506,140598.1022120658,3.5896998214798055
3525090,35.25.14,2022,2068197.328,72951380726.0,270095.1327328947,13.059446943299344,3472648.3005505023,77742234329.79915,278822.94441060466,8.029115541772663
3525090,35.25.14,2023,2084141.279,16682535128.0,129160.88853828778,6.197319243168629,3311867.2784002987,20927702797.343277,144664.1033475246,4.368052557269155
3525090,35.25.14,2024,2090578.286,41351079876.0,203349.64931368828,9.726956922659259,3769883.2899326533,38275462458.66986,195641.15737408082,5.189581276866952
3525090,35.25.14,2025,2550025.813,35215680951.0,187658.41561464808,7.359079059434135,1825801.720010427,40636339772.94422,201584.5722592486,11.04087974339828
3525100,35.25.16,2018,1165858.936,6966220017.0,83463.88450701298,7.159003712179205,2191869.9755165563,6187739655.937412,78662.18695114834,3.5888162997720743
3525100,35.25.16,2019,1632980.739,27096927545.0,164611.44414954874,10.080427785716138,1723259.9131836845,28203714497.417477,167939.61562840818,9.7454605856956
3525100,35.25.16,2020,1467672.596,6748138428.0,82147.05367814479,5.597096648259882,2109006.842924355,6051454035.1461735,77791.0922609149,3.6885177742263533
3525100,35.25.16,2021,1833313.182,19357350691.0,139130.69643683956,7.589030494236612,2326682.626241788,16188277482.095486,127233.16188044485,5.46843649604073
3525100,35.25.16,2022,1798454.397,21260196484.0,145808.7668283358,8.10744865544321,2665649.234721817,21033549629.503227,145029.47848455922,5.440681264265974
3525100,35.25.16,2023,2046272.109,67144715353.0,259122.97341802792,12.663172814521703,2658531.220136686,64763703467.61985,254487.1381182551,9.572471302600345
3525100,35.25.16,2024,2073492.023,203000000000.0,450555.2130427524,21.72929570237138,3087621.962860266,207802175103.87192,455853.2385580604,14.763894156776036
3525100,35.25.16,2025,1968550.464,44212624461.0,210267.98249139122,10.681361048989151,1904871.5525999477,46420352811.6875,215453.82988400903,11.31067496860549
3525110,35.25.10,2018,1572407.92,16174264947.0,127178.0835954057,8.088110087578656,4239177.574867312,14951332814.351414,122275.64276809758,2.8844189847820862
3525110,35.25.10,2019,1540841.462,37761558114.0,194323.33394114047,12.611507331124795,3545526.0661875713,33926006265.86395,184190.1361796118,5.195001608820988
3525110,35.25.10,2020,1361467.44,40990026312.0,202459.93754814804,14.87071461276724,3597182.795853778,37696269398.52249,194155.2713642421,5.397425774081633
3525110,35.25.10,2021,1671443.58,18868139595.0,137361.3468010561,8.218126441399601,4768702.36985046,21587128323.93379,146925.5877100166,3.081039165684479
3525110,35.25.10,2022,1518608.332,92369079731.0,303922.8187073159,20.013245831928963,4971226.362300895,88386403469.78793,297298.50902718626,5.980385670661431
3525110,35.25.10,2023,1789294.277,114000000000.0,337638.86032268265,18.86994580281009,4376605.604905999,106683659154.09178,326624.64566240524,7.462967311842587
3525110,35.25.10,2024,1864981.113,137000000000.0,370135.11046643497,19.846587608119922,5490446.606047755,150965705176.39636,388543.054469381,7.076711283220546
3525110,35.25.10,2025,2259409.017,102000000000.0,319374.38845342625,14.13530644741276,1742673.7179474526,113139789453.86053,336362.5862872691,19.301524021573126
3525120,35.25.12,2018,1323082.976,11784327691.0,108555.64329411899,8.204749457385429,2856262.4310702356,13618573785.122957,116698.64517261097,4.085711589494395
3525120,35.25.12,2019,1073830.897,6410028145.0,80062.65137378352,7.4557969599736245,2065553.4163742412,5713245894.961687,75586.0165305838,3.659359081754629
3525120,35.25.12,2020,1330005.412,10027834399.0,100139.07528532506,7.529223143140492,1766784.09100011,9527441929.741291,97608.61606303662,5.524648798925061
3525120,35.25.12,2021,1067267.803,14752909627.0,121461.55616902,11.380607175406377,6076220.530897837,15296511483.863955,123679.06647393468,2.035460461729811
3525120,35.25.12,2022,1108599.878,19783303359.0,140653.1313515629,12.687456867243393,3652101.7245269152,22881074402.702877,151264.91464547513,4.141859292407022
3525120,35.25.12,2023,1362628.861,1157917061.0,34028.18039507843,2.4972449482763768,3313492.167957726,1170276225.9427118,34209.300284319055,1.0324243592645637
3525120,35.25.12,2024,1356474.927,18988264438.0,137797.91158794824,10.158529940004431,4194831.632026295,22361351486.86797,149537.12410925914,3.564794423871212
3525120,35.25.12,2025,1542704.21,13579144745.0,116529.58742310898,7.553592365130641,943193.2571846906,13907061233.313206,117928.20372291442,12.503079599499555
3525130,35.25.09,2018,1260322.713,76325767.68,8736.46196580744,0.693192455844239,1974027.9257984767,76063900.75506029,8721.462076685324,0.44181047100220583
3525130,35.25.09,2019,1336046.542,5923810143.0,76966.29225186829,5.760749332628286,1622459.660229373,5398090730.198458,73471.70019945406,4.528414604099747
3525130,35.25.09,2020,1167529.769,277451017.2,16656.860964779647,1.4266754824629782,1638811.7728829351,287381112.6973351,16952.318800014797,1.0344274480157611
3525130,35.25.09,2021,1330123.151,2662748729.0,51601.82873697404,3.8794775279401206,3534245.2211463265,2785405613.1338396,52776.94205932965,1.493301645951198
3525130,35.25.09,2022,1348959.738,18588475435.0,136339.55931790304,10.107014722325468,2731288.131536569,17392975420.903614,131882.4302964713,4.828579920723225
3525130,35.25.09,2023,1448720.996,17345767805.0,131703.3325508508,9.091007372329877,2493144.3074329332,17404095595.946423,131924.58298568323,5.291494062031227
3525130,35.25.09,2024,1747645.46,27886918451.0,166993.7677010732,9.555357280593583,3008810.654716001,31202979503.38511,176643.65118335022,5.870879608408707
3525130,35.25.09,2025,1264242.892,32871961.29,5733.407476361679,0.45350521744216216,1129968.2897205525,34364365.42696633,5862.112710189589,0.5187855945620671
3525140,35.25.01,2018,1117656.873,6381474364.0,79884.13086464671,7.147464735775549,3200504.8700214853,5063263656.87759,71156.61358494789,2.2232934013460883
3525140,35.25.01,2019,942303.9465,4149429092.0,64416.06237577705,6.836017467085612,1789551.2261791762,3905184131.7191463,62491.4724720033,3.492019203352295
3525140,35.25.01,2020,917263.1051,4308200991.0,65636.88742620265,7.155731770008009,1518052.113326186,4150625244.0163603,64425.34628557583,4.243948262383049
3525140,35.25.01,2021,1147409.127,6954864569.0,83395.83064518274,7.2681860970749215,3180114.610935894,6212501836.110927,78819.42549975181,2.4785089577811035
3525140,35.25.01,2022,1162387.521,25520982480.0,159752.8794106698,13.743512944223168,3158614.3811906753,29064924722.340942,170484.38263471803,5.397442107841351
3525140,35.25.01,2023,1053367.37,7251804516.0,85157.52765316758,8.084314179313107,2927683.121284581,7112633245.71736,84336.4289362394,2.8806542731043607
3525140,35.25.01,2024,1182404.88,29316828319.0,171221.5766747871,14.480790765578295,3196902.3146886374,28046433691.305553,167470.69502245923,5.238530256398217
3525140,35.25.01,2025,1582796.607,36947080306.0,192216.23320104886,12.144089287970584,1096280.4719132765,42296203390.02701,205660.4079302261,18.75983502390575
3525150,35.25.03,2018,1227466.866,31075225158.0,176281.66427056445,14.361419371344924,1582041.0673423219,31300197577.66928,176918.6185161677,11.18293463856625
3525150,35.25.03,2019,1009189.496,22759937842.0,150863.97131853583,14.949023143472731,1209610.9460065586,19192762147.587105,138537.94479342873,11.453099465642365
3525150,35.25.03,2020,1238408.92,48274276907.0,219714.07990158483,17.74164222764035,1102369.2893499364,49614825627.43095,222743.8565425115,20.205919984750555
3525150,35.25.03,2021,1517031.791,27331668230.0,165322.92106662042,10.897788829965291,2161174.807075319,27019366043.946236,164375.6856835774,7.605848686808645
3525150,35.25.03,2022,1185942.043,31357990154.0,177081.87415430186,14.931747735863162,2723629.6319815265,27303703878.43806,165238.32448447926,6.066842662607661
3525150,35.25.03,2023,2253203.028,42034790093.0,205023.87688510818,9.0992189490839,2206909.248423406,39971862027.993065,199929.64269460662,9.059259814939576
3525150,35.25.03,2024,1803441.8,23803654893.0,154284.33132693675,8.554993641987046,3930808.9616604275,23576189532.769493,153545.39893064037,3.9062035430432287
3525150,35.25.03,2025,2053787.552,24445396271.0,156350.23591603563,7.612775516327389,1112126.2841666935,28270576158.068573,168138.56237659632,15.11865736565889
3525160,35.25.07,2018,769602.7395,61462836.66,7839.823764600834,1.0186844929494736,1776537.5973585579,67521171.14658284,8217.126696515203,0.462536042509476
3525160,35.25.07,2019,802431.7596,6142602008.0,78374.75363916623,9.767154988760023,1179048.090752948,6762368898.392643,82233.62389188891,6.974577588211347
3525160,35.25.07,2020,745639.7243,3350555182.0,57883.980357262924,7.762995783466861,1182351.690588592,3599876895.7871842,59998.97412278967,5.074545467340711
3525160,35.25.07,2021,1126614.866,4323768930.0,65755.37187180984,5.836543956256462,2770295.408988635,3969375542.0172553,63002.980421701126,2.2742332899689544
3525160,35.25.07,2022,869168.328,4809801531.0,69352.73268588628,7.979206150489906,2688054.542822052,4798120317.126757,69268.4655317754,2.57689955424245
3525160,35.25.07,2023,960832.4904,6531016159.0,80814.70261654125,8.410904442136177,2055218.5022551762,6443738488.830967,80272.90008982463,3.905808555233507
3525160,35.25.07,2024,1213714.87,5832687815.0,76372.03555621652,6.292419862682948,2517128.220231904,5957274293.547277,77183.38094141301,3.0663269483467976
3525160,35.25.07,2025,1363104.879,8646508250.0,92986.60252961176,6.821676304014737,819776.1449689294,7573702967.787136,87027.02435328429,10.615949840377793
3526010,35.26.04,2018,875852.1795,5810584149.0,76227.18772852636,8.703202379657533,1173085.1562319784,6448065361.215257,80299.84658276288,6.845184781017171
3526010,35.26.04,2019,779977.3181,9642824709.0,98197.88546094055,12.589838599428441,1323941.2239878841,8944935824.63976,94577.67085649635,7.14364574067843
3526010,35.26.04,2020,1066007.152,12748142963.0,112907.67450886586,10.591643245266507,1423872.721117915,11988884306.988153,109493.76378126816,7.689856133721146
3526010,35.26.04,2021,1510724.888,60716054.13,7792.050701195418,0.5157822422261847,1249955.2461356425,63632118.76455437,7976.974286316483,0.6381807917505903
3526010,35.26.04,2022,1654263.579,79365857.54,8908.751738599522,0.5385327859291232,1805730.6341710538,72616098.85781889,8521.508015475834,0.4719146839632453
3526010,35.26.04,2023,1984163.171,18900097354.0,137477.62492129402,6.928745928290089,1549459.7711663833,18371537149.355278,135541.64359839848,8.747671034812806
3526010,35.26.04,2024,1787442.887,24521309285.0,156592.81364417716,8.760717043496626,1869884.1914761716,23224484069.28453,152395.81381811158,8.150013488151018
3526010,35.26.04,2025,1688642.591,145000000000.0,380788.6552931954,22.54998525577254,1441030.5329243748,139709925691.2077,373777.9095816227,25.938236632855478
3526020,35.26.12,2018,608007.8391,1501357490.0,38747.354619380145,6.372838001025725,947694.9722791128,1346880765.8919265,36699.87419449727,3.8725407718727998
3526020,35.26.12,2019,523438.429,9.28e-22,3.0463092423455636e-11,5.819804342920271e-15,645560.9594261921,1.3166614673375856,1.1474586996217273,0.0001777459870934029
3526020,35.26.12,2020,777809.6745,7271660705.0,85274.03300536453,10.963354635590166,860633.4389681395,7321647792.268302,85566.62779535197,9.942284824296681
3526020,35.26.12,2021,689349.4157,2247175134.0,47404.378848372224,6.876683691714663,1431888.0325632154,2279045102.422139,47739.345433532486,3.3340138577787073
3526020,35.26.12,2022,758936.9508,12397626766.0,111344.63061144888,14.671130519350765,1331731.0942648714,12852722642.06705,113369.8489108416,8.512968526384288
3526020,35.26.12,2023,572152.3558,6134204570.0,78321.16297655442,13.688864894568772,1064756.4999835552,6945564978.957844,83340.05626922652,7.82714698341956
3526020,35.26.12,2024,634541.2212,6153635938.0,78445.11417545391,12.362493019303615,1050179.9911880414,6345792265.200803,79660.48120116274,7.585412202630608
3526020,35.26.12,2025,664450.086,5046839821.0,71041.1135962831,10.691715614629794,641696.6847347992,4895676572.789038,69969.111562096,10.903767033020106
3526030,35.26.11,2018,551773.7589,1555420802.0,39438.823537220276,7.147643921277511,1027338.3497538976,1408202693.6615167,37526.02688350469,3.6527427300357447
3526030,35.26.11,2019,668317.1413,9183841621.0,95832.36207565793,14.33935420079849,1118781.173277984,7855967871.615914,88633.89798274651,7.922362308176205
3526030,35.26.11,2020,926813.8389,14872393326.0,121952.42238676525,13.158243572571804,1584989.0820246649,13648939597.3891,116828.67626310374,7.370945174831539
3526030,35.26.11,2021,905503.6249,308035865.7,17550.9505640008,1.9382529325533127,1283594.093024452,260410332.75176865,16137.23435882892,1.2571913852303396
3526030,35.26.11,2022,734501.4506,36425655903.0,190855.06517512182,25.984300646270476,1810283.506561836,38119146377.268196,195241.25173043783,10.785120177184178
3526030,35.26.11,2023,987982.5795,16654866434.0,129053.7346766842,13.062349210853084,1347020.529090761,18254573689.88819,135109.48778634382,10.030247117135085
3526030,35.26.11,2024,1004294.904,98255189135.0,313456.8377544187,31.211632808844637,1946228.1602221373,110872239339.85228,332974.8328925961,17.108725466935553
3526030,35.26.11,2025,1004930.69,4074694832.0,63833.33636901646,6.352013825850664,720531.832846621,4402442198.689685,66350.90201865899,9.208601062984965
3526040,35.26.16,2018,518103.0667,949116748.8,30807.73845643331,5.946256726998313,932632.3961366717,1035716132.0629132,32182.54390291285,3.4507212097955784
3526040,35.26.16,2019,869531.9066,6887979247.0,82993.85065774452,9.544658456785434,1021735.864757453,6598486437.019266,81231.06817603266,7.950300168362581
3526040,35.26.16,2020,804099.4644,20924596343.0,144653.3661654647,17.989486695330857,1707014.8931276577,20354416787.607624,142668.90616952113,8.357800904016585
3526040,35.26.16,2021,590620.0657,2739363885.0,52338.932784305034,8.861692283053943,2238047.534236035,3226857312.653631,56805.43383034436,2.5381692283732074
3526040,35.26.16,2022,900714.2052,55247959293.0,235048.84448343923,26.095829634578436,1730835.060268853,57420054801.251465,239624.82092064558,13.844463081503811
3526040,35.26.16,2023,967749.6436,3634714552.0,60288.593879771324,6.22977174711215,1763587.082708953,3293404233.507108,57388.18897218406,3.2540604053434716
3526040,35.26.16,2024,999121.8016,54633324360.0,233737.72558147306,23.394317410266094,2153758.8650001944,51124465653.24162,226107.19947237775,10.49825972381348
3526040,35.26.16,2025,1208106.324,57695477256.0,240198.82858998294,19.882259021266652,1055572.17389526,61357086117.10222,247703.6255630955,23.46628981787408
3526050,35.26.15,2018,671256.2326,16954834904.0,130210.73267592039,19.39806684126725,2321631.3575284174,17258202602.24917,131370.4784274198,5.658541697475836
3526050,35.26.15,2019,472917.3471,3111022026.0,55776.536518503905,11.794140532279895,1091233.2718309143,3295945475.8921156,57410.325516339966,5.261049768031234
3526050,35.26.15,2020,456163.6292,963211121.7,31035.642762797746,6.803620625613381,818230.0303204921,966581499.3909279,31089.893846568983,3.799652016486293
3526050,35.26.15,2021,893157.5899,2975674672.0,54549.74493065939,6.107516248814155,5244753.178450729,3015276571.6044054,54911.53404890821,1.0469803283503376
3526050,35.26.15,2022,1161923.246,26843082988.0,163838.58821413227,14.10063778120954,4649500.163091401,27198081223.25912,164918.40777566074,3.5470137001997295
3526050,35.26.15,2023,1126390.274,21798801635.0,147644.17237060188,13.107727914437042,4396146.788179608,25684307666.578766,160263.24490218825,3.6455389827542892
3526050,35.26.15,2024,1026457.692,24446139313.0,156352.6121080169,15.232251005238403,6044053.680827335,30396437374.159634,174345.7409120155,2.884582932561749
3526050,35.26.15,2025,714505.761,17732880008.0,133164.8602597547,18.637338917097228,1022558.5448633304,21847834983.806995,147810.13153301433,14.454930945080491
3526060,35.26.17,2018,445817.5148,12890184687.0,113534.94918746386,25.466686574303214,224902.54755080355,13306980507.119707,115355.88631326842,51.29149828203281
3526060,35.26.17,2019,351368.1486,1239245559.0,35202.9197510661,10.018813569564996,715166.3940926967,1125799717.1943467,33552.93902468675,4.691626913937145
3526060,35.26.17,2020,310174.0336,832862067.2,28859.349736263983,9.304244266133818,977915.8185638281,811908766.465635,28494.012817882198,2.9137490443429623
3526060,35.26.17,2021,460295.2537,405976001.2,20148.84615058639,4.377374302390376,2272078.060929393,446829761.76104754,21138.348132270115,0.930353076144905
3526060,35.26.17,2022,441947.4484,437983769.4,20928.061768830863,4.735418621512029,1727290.4643252606,449502803.42099047,21201.48116101775,1.2274415681035895
3526060,35.26.17,2023,484372.2391,3423573148.0,58511.307864377806,12.07982273573238,1370998.081221651,3093473643.3553267,55619.00433624578,4.056825833533298
3526060,35.26.17,2024,417120.3046,423935895.2,20589.703620984932,4.9361547241699375,1760177.7660306958,373370484.4608192,19322.797014428816,1.0977753149332672
3526060,35.26.17,2025,647911.7273,5162134144.0,71847.99331922918,11.089163892531564,565807.1806792318,5400558528.945581,73488.49249335287,12.988257307928205
3526070,35.26.18,2018,639912.9667,7497686626.0,86589.18307733363,13.531399984574438,1709954.4433829768,8838131062.246136,94011.33475409301,5.497885345301997
3526070,35.26.18,2019,666957.327,1165651914.0,34141.644863714464,5.119014887696775,1515489.8806827907,1265534340.7669904,35574.34947777669,2.3473828450605674
3526070,35.26.18,2020,873556.0479,3144217536.0,56073.3228549905,6.418972542149863,1860068.7552897523,2749438921.6249843,52435.09246320621,2.8189867882081665
3526070,35.26.18,2021,879937.6703,1086243119.0,32958.20260572473,3.745515587994793,2541076.6058993894,1028756996.8443985,32074.241952763256,1.2622304214795952
3526070,35.26.18,2022,762051.9431,12559964214.0,112071.2461517226,14.70651012263295,3269388.0648935046,14192867444.497272,119133.82158101565,3.6439180426535343
3526070,35.26.18,2023,700241.291,1316304964.0,36280.91735334155,5.181202225525651,2645917.6608263124,1262696308.3298378,35534.43834268156,1.3429910865625447
3526070,35.26.18,2024,695811.2078,1916657923.0,43779.6519287214,6.291886568936265,3398073.5494981427,1998016725.4440494,44699.18036657998,1.3154271005458829
3526070,35.26.18,2025,750927.1984,6159071517.0,78479.75227407385,10.451046711490887,1006668.8895960499,5753383136.14611,75851.05889930681,7.534856762062436
3526080,35.26.13,2018,605599.3618,25689332380.0,160278.92057285635,26.466164048863167,2254543.540477742,21697834138.037838,147301.84702860258,6.5335552134597075
3526080,35.26.13,2019,844794.8291,3863229147.0,62154.88031522545,7.357393555716006,1542655.1945229743,3688673365.5131526,60734.44957775737,3.9370074267657658
3526080,35.26.13,2020,601861.2945,6257401690.0,79103.74005064489,13.143184446901643,1965499.6020253329,6415684572.763037,80097.9685932361,4.07519637809643
3526080,35.26.13,2021,937767.1493,8770737683.0,93652.21664755192,9.986723966334178,7232464.595138622,7370647818.695507,85852.47706790705,1.1870431709491354
3526080,35.26.13,2022,562298.3153,8502902544.0,92211.18448431297,16.398979327390663,4993810.082560293,8222951484.26089,90680.4911999317,1.8158578260036755
3526080,35.26.13,2023,739742.6201,16461028682.0,128300.54045872137,17.34394328143178,3013798.5789644755,14943633903.632946,122244.15693043552,4.056148867534404
3526080,35.26.13,2024,875519.3123,15573765324.0,124794.89302050785,14.253813852794423,4276177.127807128,15951229907.771608,126298.17856078372,2.9535300991039826
3526080,35.26.13,2025,794320.0503,6542346156.0,80884.77085335656,10.18289426570661,716334.8493059468,5795753115.687658,76129.84379129947,10.627689531657056
3526090,35.26.14,2018,691000.8794,4.290000000000001e-21,6.549809157525126e-11,9.47872767283938e-15,852217.1204013873,1.0557373350350419,1.027490795596263,0.00012056678644431872
3526090,35.26.14,2019,593213.9313,1082883073.0,32907.188773883434,5.54727174086571,743435.0752772592,1210740928.6520202,34795.70273255047,4.680395624268016
3526090,35.26.14,2020,551284.8167,10127238942.0,100634.18376476255,18.2544812982807,852524.834418556,11466979109.298552,107083.98157193518,12.56080494651739
3526090,35.26.14,2021,776415.7517,9016761821.0,94956.63126396175,12.230126843260148,639314.171120203,9494218650.511223,97438.28123746449,15.241063883619791
3526090,35.26.14,2022,882229.1431,8046700762.0,89703.40440585295,10.167812422365778,1041234.8254288438,7568044783.7902975,86994.51007845436,8.35493665347053
3526090,35.26.14,2023,888267.4176,9336314062.0,96624.60381290058,10.87787325059941,929812.9551095495,9115301892.94319,95474.09016556895,10.26809635646777
3526090,35.26.14,2024,785087.6648,7778173020.0,88193.95115312614,11.233643719977874,1127348.445115159,7251628109.266418,85156.49187975288,7.553697550099882
3526090,35.26.14,2025,984529.3881,801451221.1,28309.913830670695,2.875476768174971,775131.6466137047,723239212.501323,26893.1071559484,3.46948899240994
3526100,35.26.02,2018,691658.533,3081563149.0,55511.82891060247,8.025900970212199,1205435.688426216,3156913856.9073734,56186.420573901785,4.661088195194988
3526100,35.26.02,2019,621225.6304,3754748667.0,61276.00400646243,9.863727606829023,1487124.4392835703,3789388297.590827,61558.007583017396,4.139398557169384
3526100,35.26.02,2020,1116240.594,14372351689.0,119884.74335377292,10.74004511197457,1848909.3720808441,15629081392.220757,125016.32450292545,6.761625333870559
3526100,35.26.02,2021,1146920.645,1610260238.0,40128.048021303,3.49876412079957,1159238.4668428549,1261540771.5855992,35518.17522882615,3.0639231051018045
3526100,35.26.02,2022,987822.5515,3001962897.0,54790.171536508264,5.5465601036653664,2007766.3374315856,3202278168.2739472,56588.675265232596,2.8184890945837386
3526100,35.26.02,2023,1014613.834,8861757842.0,94136.91009375652,9.278102361627816,1524146.759848076,9089770697.551403,95340.28895252732,6.255322089982375
3526100,35.26.02,2024,1120118.208,24617002069.0,156898.06266809034,14.007277227305845,1920103.3584883553,24501137829.08948,156528.39304448725,8.152081623757889
3526100,35.26.02,2025,1064915.938,26440730496.0,162606.05922289612,15.26937980929121,960908.1222864919,25420053750.540367,159436.6763029773,16.59229145899984
3526110,35.26.01,2018,950853.6396,5451392315.0,73833.54464604825,7.764974710209676,3953514.6797081134,5159991907.856297,71833.08365827195,1.8169423785616337
3526110,35.26.01,2019,1273522.291,28823786392.0,169775.69434992748,13.331191416886433,2446091.7383683342,24937920861.162777,157917.44951449404,6.4559087068350465
3526110,35.26.01,2020,1230432.722,30862320256.0,175676.74933240312,14.277639580882596,2910077.715296675,25101376257.49451,158434.13854815037,5.444326717302063
3526110,35.26.01,2021,1601526.312,4379232486.0,66175.76962907193,4.132043859237696,3691981.146687317,3931497080.4364486,62701.6513373966,1.6983199221820664
3526110,35.26.01,2022,1377482.208,5121702084.0,71566.06796520262,5.195425940862868,4436469.2095042495,4918167274.030915,70129.64618498311,1.5807535874416607
3526110,35.26.01,2023,1264140.542,17402900579.0,131920.05374089262,10.43555280112934,3540588.4136504857,17253967219.70038,131354.35744466333,3.7099584051689254
3526110,35.26.01,2024,1646987.867,137000000000.0,370135.11046643497,22.473457023131484,3933557.684576826,141741178117.98218,376485.29601829365,9.57111414672939
3526110,35.26.01,2025,1362800.486,14548448321.0,120616.94873026758,8.850668162314376,2360073.5354176173,14848134444.626259,121852.92136270783,5.163098502400936
3526120,35.26.03,2018,638878.401,4087006871.0,63929.70257243498,10.006552494554436,2279395.064981528,4000930416.96922,63252.90836767287,2.774986633051496
3526120,35.26.03,2019,948073.5979,5952588915.0,77153.02272108333,8.13787272338125,1333242.5216994043,6355615594.524221,79722.11483976213,5.979565873592535
3526120,35.26.03,2020,826563.2399,31483244343.0,177435.18349808754,21.466619241324373,1616736.5529254968,31786590553.68739,178287.94281635366,11.027643464467992
3526120,35.26.03,2021,795528.1971,2600794404.0,50997.9843131079,6.410581610936579,4340006.224078462,2348806437.4273443,48464.48635266183,1.1166916324630978
3526120,35.26.03,2022,619097.5674,1141491432.0,33785.965015076894,5.4572924841178905,3292889.035666444,1108439896.5729182,33293.241004337775,1.011064771503896
3526120,35.26.03,2023,773508.7968,4192427053.0,64748.954068772415,8.37081030450311,2478761.446282249,4559122418.666035,67521.27382289254,2.723992416622576
3526120,35.26.03,2024,676748.1398,6393126713.0,79957.030416343,11.814887358238291,3477904.8183782003,5711089198.497328,75571.74867963111,2.172910203875889
3526120,35.26.03,2025,878003.1843,20847712257.0,144387.3687584894,16.444970968254996,1226832.1248273116,21801289802.921104,147652.59836156323,12.035273235313001
3526130,35.26.05,2018,461980.6661,1643956140.0,40545.728998255785,8.77649909909418,1592607.8903025952,1962592802.7298014,44301.1602864959,2.7816740426972695
3526130,35.26.05,2019,377002.3334,224466451.0,14982.204477312409,3.9740349462018503,1067432.0924203703,254986131.21243232,15968.2851681836,1.4959532584387631
3526130,35.26.05,2020,618802.4591,18757429821.0,136957.7665596223,22.132712070798284,1115501.0692844142,20010529010.130577,141458.57701154277,12.681169109258445
3526130,35.26.05,2021,539408.3972,4.03e-22,2.007485989988473e-11,3.721643935113128e-15,665256.8537702387,1.6776603997769646,1.2952453048658252,0.00019469852847441195
3526130,35.26.05,2022,435856.2203,7.02e-22,2.649528259898354e-11,6.078904318664267e-15,537545.094436965,1.383316853611042,1.176144911824662,0.00021879930149052495
3526130,35.26.05,2023,1173906.552,1.2300000000000002e-21,3.5071355833500365e-11,2.9875764620061823e-15,1447788.6949064897,1.3348063196294708,1.155338184095666,7.980019378244194e-05
3526130,35.26.05,2024,1169935.35,1.93e-20,1.3892443989449805e-10,1.1874539896114604e-14,1442890.9785158653,1.3033372773169785,1.1416379799730643,7.912156891765552e-05
3526130,35.26.05,2025,1036282.72,11575710609.0,107590.47638615604,10.38234781972974,1478893.5826923286,11646212929.499767,107917.62103335936,7.29718637610795
3526140,35.26.06,2018,509655.9105,427794365.4,20683.190406704667,4.058265582834768,1497575.743038135,450186960.0052131,21217.60966756654,1.4167970979900042
3526140,35.26.06,2019,809300.5891,13480492286.0,116105.5222028651,14.346402778723135,1616289.177643556,14650128951.285732,121037.71706078123,7.4886176765253305
3526140,35.26.06,2020,657601.6122,2698541411.0,51947.487051829565,7.899537666588094,2440376.570840954,3250421051.0817933,57012.463997636456,2.336215839754188
3526140,35.26.06,2021,717253.1877,4612541655.0,67915.69520368616,9.46885930496453,651679.7418771661,5154648471.232889,71795.88060072032,11.01704963145118
3526140,35.26.06,2022,584959.6493,2593711613.0,50928.49509852024,8.706326181551926,2332561.5444344734,2763552376.1139526,52569.50043622207,2.2537240469240216
3526140,35.26.06,2023,659081.6961,8533446092.0,92376.65339251039,14.015964020717462,2678559.1166464025,8467927312.894692,92021.34161646792,3.435479211363461
3526140,35.26.06,2024,741664.4963,12830798959.0,113273.11666498808,15.272824468487109,4280857.350666146,10937109142.735043,104580.63464492383,2.442983404449345
3526140,35.26.06,2025,651508.4086,9849272991.0,99243.50352038162,15.232881450239756,1316809.221954153,9364164142.08144,96768.61134728265,7.348719141234252
3526150,35.26.10,2018,453955.1186,1587021371.0,39837.43680258558,8.775633354558146,906575.9352108343,1713947981.6425486,41399.85485050097,4.566617449521531
3526150,35.26.10,2019,526583.8294,2596350435.0,50954.395639630544,9.676407210925749,1180394.7750922886,2855135686.092401,53433.46971788751,4.526745699438549
3526150,35.26.10,2020,524290.228,2927644558.0,54107.712555605234,10.32018330038477,1852846.7060180774,3313566806.0934887,57563.58923914916,3.1067647988461027
3526150,35.26.10,2021,568717.8683,749333416.6,27373.9550777742,4.813275017997918,1026372.0966349967,813053494.0391208,28514.09290226713,2.7781438131211633
3526150,35.26.10,2022,834460.9833,24025600147.0,155001.93594597455,18.575096864684596,1506190.7665119744,25421354662.952724,159440.75596582177,10.585694688266713
3526150,35.26.10,2023,438240.6993,1203309945.0,34688.758193397465,7.915457931863854,1444077.704014378,1341323086.9694216,36624.07796749867,2.536157013274822
3526150,35.26.10,2024,516953.5088,467068271.6,21611.76234368683,4.180600765019284,1203492.429054294,568776900.9573343,23849.044026068095,1.9816530166964745
3526150,35.26.10,2025,487903.9213,603993375.7,24576.276685047313,5.037113991534405,1038652.3864148019,603742681.2370907,24571.175821215613,2.365678463997938
3526160,35.26.09,2018,563971.7068,5183537096.0,71996.78531712371,12.766027878532524,801725.6798336181,4815770343.680812,69395.75162559169,8.65579753413828
3526160,35.26.09,2019,350563.4871,565355673.5,23777.20911923853,6.782568634267368,1412226.8695666348,571155058.0250659,23898.85055865796,1.6922812526567859
3526160,35.26.09,2020,581166.0065,1031678385.0,32119.750699530654,5.526777261624068,1576557.952595275,1006984877.5700123,31733.02503024274,2.0128042218812787
3526160,35.26.09,2021,737523.8444,4060172677.0,63719.48428071276,8.639650740044976,892270.1721273975,4614766515.709149,67932.07280592246,7.613397256568069
3526160,35.26.09,2022,438645.2763,1668873863.0,40851.852626288564,9.313186493395406,2001676.7984576426,1636995185.1131709,40459.79714621875,2.0212952049698707
3526160,35.26.09,2023,409439.2921,391243065.7,19779.86515879216,4.83096408684714,1260071.7454906867,374500493.31296295,19352.015226145388,1.5357867752688548
3526160,35.26.09,2024,432973.8185,212049227.1,14561.910145993897,3.3632311063154727,1528722.7246412523,214409270.87775385,14642.720747106865,0.9578401963340406
3526160,35.26.09,2025,642578.3162,11082009494.0,105271.12374245845,16.38261377461315,1011470.6235739517,10718013585.641817,103527.8396647096,10.235377800583287
3526170,35.26.08,2018,547373.5778,2236480.267,1495.486632170278,0.27321133003549924,517984.8648675429,2453223.2587293913,1566.2768780548959,0.3023788887066069
3526170,35.26.08,2019,514991.7736,4497570583.0,67063.92907517424,13.02233016391123,683541.5008911346,4502933860.53559,67103.9034672022,9.817092799737644
3526170,35.26.08,2020,915098.1512,1879481509.0,43352.9873134482,4.7375232106630225,852172.938685289,1794505177.3080356,42361.6002684983,4.971009796890842
3526170,35.26.08,2021,608395.2348,51587127.97,7182.417975166859,1.1805513199865811,1010419.6197143262,55770555.12157633,7467.968607431095,0.7390957639502782
3526170,35.26.08,2022,543400.9923,2289795482.0,47851.80751027071,8.805984565418818,1000043.8267339738,2292365859.2873063,47878.65765962227,4.7876559386390465
3526170,35.26.08,2023,519717.0083,599552376.3,24485.75864252525,4.711363732855007,730093.7891577566,577613421.1949522,24033.58943634829,3.29184959429304
3526170,35.26.08,2024,615624.2095,760677018.1,27580.37378463171,4.480066468963597,842311.3648450285,811959630.0091907,28494.90533427319,3.382942047744516
3526170,35.26.08,2025,798168.2132,378964156.1,19467.00172342932,2.4389597833497536,880095.6252065614,350398030.89833796,18718.921734393196,2.1269190754129474
3526180,35.26.07,2018,838564.3429,2852971827.0,53413.21771808922,6.369602782461597,2429962.7653529984,3034892868.3673577,55089.86175665499,2.2671072389313807
3526180,35.26.07,2019,903987.6831,2867244172.0,53546.65416251514,5.923383157045929,1488654.7572151811,2640087216.1580095,51381.77902873751,3.4515577758846616
3526180,35.26.07,2020,1033959.023,2764445.049,1662.6620369155003,0.1608054091052214,1705360.1208363648,3384385.3239772297,1839.6698953826553,0.10787574266017319
3526180,35.26.07,2021,884716.7864,792838283.3,28157.384170053865,3.182643824881976,1061542.9175911504,786593044.706628,28046.266145542937,2.642028473910921
3526180,35.26.07,2022,946876.5057,3407496890.0,58373.7688521137,6.164876676178544,1498463.3377645286,2880322435.440131,53668.63549076063,3.581578149975013
3526180,35.26.07,2023,899355.9546,1971036264.0,44396.354174639164,4.9364608025956755,1297567.730917558,2296825354.0603294,47925.20583221661,3.6934646793602774
3526180,35.26.07,2024,1000277.421,1574474180.0,39679.64440364858,3.966863949001262,1498536.8918531106,1374993094.8598983,37080.899326471284,2.474473570057828
3526180,35.26.07,2025,1075550.473,5284807702.0,72696.68288168313,6.759021050765986,2027250.3940076623,5108458130.2393875,71473.47850944004,3.5256364344882156
3527010,35.27.01,2018,1086378.407,298542267.6,17278.375722272045,1.5904564754730115,1129855.412543055,317047138.35848176,17805.817542547204,1.575937712460946
3527010,35.27.01,2019,563011.159,5.4300000000000006e-21,7.368853370776217e-11,1.3088290086229386e-14,694366.3358192076,1.3472698048834852,1.1607195203336098,0.0001671624127578424
3527010,35.27.01,2020,711348.9498,23688003.17,4867.032275422057,0.6841975765607656,767552.7317932076,26704431.59255421,5167.633074489153,0.6732609839608266
3527010,35.27.01,2021,764312.6664,1324650427.0,36395.74737520855,4.761892478720349,1449585.5146074868,1259785107.491103,35493.45161422178,2.448524164773581
3527010,35.27.01,2022,670548.8605,318342057.5,17842.142738471743,2.660826643589792,1511008.0627458019,344957681.90615594,18573.036421278994,1.2291818210108088
3527010,35.27.01,2023,619034.7914,2904708494.0,53895.34760997465,8.706351946404453,1131865.524134541,2792705680.326276,52846.056431168785,4.668934189119021
3527010,35.27.01,2024,869735.1747,12969522985.0,113883.81353379416,13.094079306735686,1306047.4093497954,13966658380.867329,118180.61761924977,9.04872340569053
3527010,35.27.01,2025,821156.7898,8332104178.0,91280.36030822841,11.116069603523652,807492.7810382512,9011762761.37409,94930.30475761725,11.756179991548478
3527020,35.27.02,2018,551494.7297,4192643165.0,64750.62289275679,11.74093230736395,1938077.7677248127,4098365742.360676,64018.47969423107,3.3031945755915118
3527020,35.27.02,2019,573373.9997,6207200906.0,78785.7912697461,13.740733153398704,636948.0861062852,6896829184.580082,83047.1503700162,13.038291845366881
3527020,35.27.02,2020,500237.9083,10282866257.0,101404.46862441517,20.271248328425646,512922.4243320267,10715047147.843296,103513.51190952462,20.181124279042614
3527020,35.27.02,2021,997366.1515,17369313474.0,131792.6912768686,13.214072994021054,2283671.2212621924,16682900662.693438,129162.30356684352,5.655906260247703
3527020,35.27.02,2022,844383.8529,9654526384.0,98257.44950893037,11.63658556134978,2647387.0082276175,10141972986.877073,100707.36312145738,3.8040287577326795
3527020,35.27.02,2023,912948.2435,19924854786.0,141155.42775961538,15.46149289016244,1872686.4597689402,15355451278.70308,123917.1145512317,6.617077509415063
3527020,35.27.02,2024,750836.3254,660031497.3,25691.07816538652,3.4216615920520193,2750637.7189258663,636350631.255447,25225.99118479682,0.9170960977968287
3527020,35.27.02,2025,905454.6089,23107844940.0,152012.64730278202,16.78854420846739,431889.13951307343,20094811065.86004,141756.167646632,32.82235061674687
3527021,35.27.13,2018,844516.9106,2061297622.0,45401.51563549393,5.3760339272824895,889742.4439286292,2241916529.822605,47348.880977512075,5.321639009199631
3527021,35.27.13,2019,601528.1768,2469206226.0,49691.10811805267,8.260811385827116,703856.1536257663,2781471209.4822106,52739.65499965098,7.492959282656518
3527021,35.27.13,2020,741671.2995,16096181113.0,126870.7259890949,17.106058448618032,576896.458718154,14774328834.88658,121549.69697570858,21.069586255701452
3527021,35.27.13,2021,787630.2762,227480534.5,15082.457840153242,1.9149159568776417,957709.7275259948,256238805.7623268,16007.460940521667,1.6714313826458636
3527021,35.27.13,2022,623929.6318,35224243.49,5935.001557708305,0.9512293142074656,1104299.6906092744,36329720.092230916,6027.414046855493,0.5458132514308678
3527021,35.27.13,2023,658607.3566,893834777.4,29897.069712598925,4.5394375591156155,896426.1631814118,981792866.2512649,31333.57410592135,3.4953881750526627
3527021,35.27.13,2024,1221273.685,1834585629.0,42832.0630953028,3.5071633509652504,1167012.085158588,1682914722.9294424,41023.34363419738,3.515245827863267
3527021,35.27.13,2025,1300721.248,76984957875.0,277461.6331585324,21.331367776543956,817530.767300748,75582621609.95045,274922.9375842446,33.6284515006036
3527030,35.27.03,2018,833293.831,4852159260.0,69657.44224417086,8.359289323020425,27417794.321418118,4338545272.446151,65867.63448345591,0.24023681012152648
3527030,35.27.03,2019,843821.4241,12054398122.0,109792.5230696517,13.011345757990659,3263483.8864823193,12589052938.701008,112200.94892067985,3.4380727107441085
3527030,35.27.03,2020,897908.6696,12619365970.0,112335.95136909644,12.510843827706866,1802068.85012005,12966500525.130932,113870.54283321447,6.318878594767822
3527030,35.27.03,2021,785270.539,12470741047.0,111672.4721988369,14.220891610303605,26264186.980174016,14271207465.006477,119462.1591342065,0.45484811399029645
3527030,35.27.03,2022,743671.0888,4477807254.0,66916.41991320217,8.99812039502297,12001794.582085177,4449676546.066693,66705.89588684567,0.5557993467611597
3527030,35.27.03,2023,689875.0229,3242894157.0,56946.414786182984,8.254598716561679,8706475.898489738,3723769593.7570496,61022.69736546435,0.7008886038040903
3527030,35.27.03,2024,752037.6335,6329908256.0,79560.72055983405,10.579353614201018,11097447.62041748,6531335972.721191,80816.6812775753,0.7282456655067774
3527030,35.27.03,2025,813006.1145,6498586033.0,80613.80795496513,9.915522960678192,792960.2876749901,7534426368.591758,86801.07354515702,10.946459096919376
3527040,35.27.04,2018,728679.9665,8290599859.0,91052.73120011283,12.495572183417893,4394200.689033986,7925980239.506473,89027.97447716349,2.0260334194416427
3527040,35.27.04,2019,533119.5896,4171709704.0,64588.7738233201,12.115250514763696,1862571.5947275918,4312590935.674991,65670.32005156508,3.5257876925353635
3527040,35.27.04,2020,633626.2127,5045250277.0,71029.92522169794,11.210067354856756,1284952.9084564527,5021642576.5917845,70863.54899799885,5.514875178042405
3527040,35.27.04,2021,821341.4134,11790801642.0,108585.45778325935,13.220501975391974,7053460.077692068,10423875721.672812,102097.38352020981,1.4474794270561273
3527040,35.27.04,2022,796671.5498,23989204269.0,154884.48685714137,19.441448222422935,4925248.688386447,25433577331.78177,159479.08117299198,3.23799042978353
3527040,35.27.04,2023,697654.3465,10440874028.0,102180.59516366108,14.646306681278748,3688846.0981803127,10083412641.021902,100416.19710495863,2.722157401863238
3527040,35.27.04,2024,826240.9273,8288699986.0,91042.2977851504,11.018855974934516,4466704.518734864,6784251919.286785,82366.57039895971,1.8440120687071768
3527040,35.27.04,2025,932020.9558,12880859205.0,113493.87298440388,12.177180381849508,630573.4072169239,12906493993.405428,113606.75153090783,18.01641969526094
3527050,35.27.05,2018,616659.6799,2093487156.0,45754.64081380161,7.419755548347408,18906178.51995213,1941891694.823759,44066.900218006704,0.233082006347829
3527050,35.27.05,2019,775733.5309,3189835853.0,56478.63182655897,7.28067430075285,1505465.0919475297,2963462474.787231,54437.693510905025,3.6160050340644068
3527050,35.27.05,2020,672915.5818,8342146419.0,91335.35141991846,13.57307720169045,921192.2292218135,8965756888.897694,94687.68076628391,10.278818878690748
3527050,35.27.05,2021,746109.768,3964528800.0,62964.504286145224,8.439040337848146,7936814.361270983,3864109242.619817,62161.95977138926,0.7832104537397142
3527050,35.27.05,2022,549571.6153,10294374513.0,101461.19708046028,18.461869983054832,6361079.19415224,10615318052.156408,103030.66559115499,1.6197041798484666
3527050,35.27.05,2023,643016.9692,4536189831.0,67351.24223798697,10.474255807242693,4242560.022857219,3997691375.101557,63227.29928679191,1.4903100709512294
3527050,35.27.05,2024,873915.2548,14507956044.0,120448.97693214334,13.782683878164903,6525412.9678189205,13299196923.425726,115322.14411562822,1.7672773307123573
3527050,35.27.05,2025,828670.4714,3788453314.0,61550.41278496839,7.427610239445583,1296728.765938465,4534468278.446034,67338.46061832743,5.1929487790450475
3527060,35.27.06,2018,473221.3778,1598537295.0,39981.71200686634,8.44883893300442,7622346.05225011,1304239193.7308478,36114.25194754625,0.47379444202596066
3527060,35.27.06,2019,469914.6706,755475811.4,27485.920239278872,5.849130056779051,1804760.489261699,627718940.9050612,25054.31980527632,1.3882351677327374
3527060,35.27.06,2020,559106.0802,5676157260.0,75340.27647945021,13.475130954129483,1381510.2872274097,5462094637.241974,73905.98512462962,5.349651450873633
3527060,35.27.06,2021,618675.1755,2020412265.0,44948.9962624306,7.265362833752588,9927884.402575497,2291432973.7766867,47868.91448295738,0.48216631602337356
3527060,35.27.06,2022,523429.2615,1900696254.0,43596.97528498967,8.329105476459816,7203637.177243788,1993069922.9798899,44643.81169859816,0.6197398702925723
3527060,35.27.06,2023,506620.7755,2746062935.0,52402.89052142067,10.34361263011818,4969254.941274222,2709497389.476852,52052.83267485884,1.0474977293378993
3527060,35.27.06,2024,758910.1671,7338476323.0,85664.90718491441,11.287885035492815,6648767.933492063,6888630053.102684,82997.77137431272,1.2483180674155472
3527060,35.27.06,2025,750464.282,5299419783.0,72797.11383701967,9.700276959619467,1648489.4761191844,5641526749.819811,75110.0975223692,4.55629827247613
3527070,35.27.07,2018,701808.7706,2682976452.0,51797.45603791754,7.380565505562739,857503.7801703389,2398462054.9301405,48974.09575408351,5.71123963376057
3527070,35.27.07,2019,694741.0284,1765300954.0,42015.484693146165,6.047646961330112,783201.0263350272,1537974711.0484693,39217.02068041974,5.007273913306136
3527070,35.27.07,2020,849918.0598,5894802789.0,76777.61906310979,9.033531900848988,798005.0153776556,5409770160.981345,73551.1397667048,9.216876880391126
3527070,35.27.07,2021,974636.8668,3294493278.0,57397.67659060774,5.889134563425663,2693148.0600469946,3318465505.2720604,57606.12385217444,2.138988372260871
3527070,35.27.07,2022,843317.3026,1235312314.0,35147.01002930406,4.167708870782519,2359573.9791649543,1221517994.625232,34950.2216677553,1.481208979941543
3527070,35.27.07,2023,693429.2983,6935117232.0,83277.3512547079,12.009494184752404,1656906.3316898912,6641751768.00344,81496.9433046629,4.9186210316152
3527070,35.27.07,2024,737836.0967,1271148204.0,35653.16541346644,4.832125396538144,2024436.618270814,1172468423.7616405,34241.32625588034,1.691400261526972
3527070,35.27.07,2025,763107.0528,8944799254.0,94576.94885118678,12.393667245527885,474819.5195303518,8700319404.072048,93275.50270072013,19.644412005845872
3527080,35.27.08,2018,706439.5258,11925143778.0,109202.30665146226,15.458125241194178,2432647.388735805,9968159144.07011,99840.66878817524,4.104198136173788
3527080,35.27.08,2019,560035.5595,1819339649.0,42653.717880156706,7.616251710558873,1115656.7622050843,1690229683.3939528,41112.403035993324,3.6850404558777625
3527080,35.27.08,2020,598719.0574,4364213729.0,66062.1959141535,11.033922354340195,922516.4347704214,5012818056.081686,70801.25744703753,7.674796326491161
3527080,35.27.08,2021,882560.0659,5475693078.0,73997.92617364354,8.38446345271507,5574588.5536384,5226789643.45879,72296.5396368235,1.2968946307191995
3527080,35.27.08,2022,911695.0067,3854750522.0,62086.63722573481,6.8100227345179345,3943965.9416397233,3349148503.622549,57871.82823812074,1.4673511154627326
3527080,35.27.08,2023,878565.8772,10165071023.0,100821.9768850026,11.475744676804824,3134452.1150854863,11401169909.832853,106776.2609845131,3.4065366789500615
3527080,35.27.08,2024,839983.9381,3362307450.0,57985.407215953914,6.9031566659612436,3905086.622396547,2854609430.021759,53428.5450861406,1.3681782314306659
3527080,35.27.08,2025,692854.185,6256421927.0,79097.54690886437,11.416189527507056,722886.644265616,6923497956.245824,83207.55948978328,11.510457434763405
3527090,35.27.09,2018,641341.0846,776740323.0,27870.06141005075,4.3455911494323045,10037443.01527732,797072192.511839,28232.46699301779,0.281271504605775
3527090,35.27.09,2019,725786.4805,2644529514.0,51424.98919785983,7.085415694493615,1427700.6459126521,2417780731.912044,49170.93381167419,3.444064689082063
3527090,35.27.09,2020,625056.5614,683837453.1,26150.285908570866,4.1836671308592495,1140529.7372634609,732588984.4459132,27066.381074054087,2.3731411983168473
3527090,35.27.09,2021,747339.4783,2229152490.0,47213.90144861998,6.317597667397304,9452711.825153818,1956916702.622187,44237.051242393936,0.4679826494305944
3527090,35.27.09,2022,660917.3424,2152924844.0,46399.62116224657,7.020487765346703,4791886.617134831,2257380436.6652837,47511.897843227474,0.9915071377802305
3527090,35.27.09,2023,700761.5438,3039927164.0,55135.5344945526,7.867945235061086,3328488.896184199,3520328796.173241,59332.3587612463,1.782561414859016
3527090,35.27.09,2024,788071.5886,2109865190.0,45933.26887997413,5.8285655192282775,3791249.1923684175,2820348061.510383,53106.94927700501,1.4007770679887377
3527090,35.27.09,2025,639036.0561,5621140249.0,74974.26391102483,11.732399634629132,1363322.1780303672,6150966456.003667,78428.09736314956,5.752719249125471
3527100,35.27.10,2018,481632.6115,1977530255.0,44469.43056752582,9.233060533220522,1403855.4372207315,1727789021.211855,41566.68162376995,2.9608947275982467
3527100,35.27.10,2019,506131.6842,1271757782.0,35661.713110842,7.045935716751162,966287.3040860735,1376883608.6188776,37106.38231650827,3.8400982978456857
3527100,35.27.10,2020,496061.8235,1473609406.0,38387.620478482386,7.738475056926526,1133946.03402969,1330213361.4368296,36472.09017093522,3.216386765896151
3527100,35.27.10,2021,714080.7827,2955122924.0,54361.04233732094,7.612730051602458,3859426.540518651,2985054393.182022,54635.651301892816,1.4156416951662092
3527100,35.27.10,2022,664973.9031,2507215240.0,50072.10041530113,7.529934660875134,3031071.118110869,2613192415.9730186,51119.393736360165,1.686512514698784
3527100,35.27.10,2023,944573.5888,15750263357.0,125500.05321512817,13.286424128644677,2141765.756397155,14860817660.876272,121904.9533894184,5.691796734787888
3527100,35.27.10,2024,990130.9466,11976841384.0,109438.75631603276,11.052957862980985,3253556.4377206047,13044991399.303783,114214.67243442842,3.510456161456526
3527100,35.27.10,2025,1154443.289,19590434264.0,139965.83248778968,12.12409772064513,1730727.460594007,18861423555.303745,137336.89801107257,7.935212281426265
3527101,35.27.14,2018,588047.0696,4803785881.0,69309.34916012414,11.786360776743532,6805725.481774242,5048895500.373487,71055.58036054231,1.044055928362515
3527101,35.27.14,2019,711817.9259,6357901208.0,79736.44842855744,11.201803934305419,1924163.7360537553,6771953145.515389,82291.87776151052,4.276760663324939
3527101,35.27.14,2020,760683.5439,5541415756.0,74440.68616019066,9.786025576225253,1929551.1465426565,4843884293.771472,69598.0193236235,3.6069538477033007
3527101,35.27.14,2021,1032851.423,1118351499.0,33441.76279743638,3.2378096261224183,8375891.306746379,1089979088.478933,33014.83134106448,0.3941649925002323
3527101,35.27.14,2022,1132009.831,6754724718.0,82187.13231400643,7.260284324686792,6910982.064969279,6953375110.817419,83386.90011517049,1.2065853930926265
3527101,35.27.14,2023,1220604.674,21276152197.0,145863.47108512124,11.950099339462405,5453788.825984186,22266076214.648636,149218.21676540916,2.7360468387494152
3527101,35.27.14,2024,1343375.986,6373917294.0,79836.81665747952,5.9429986459114446,7223673.2514891,6144015679.114694,78383.7717841818,1.085095754684414
3527101,35.27.14,2025,1099711.128,9932066402.0,99659.75317047499,9.062357434876752,2400752.331852044,10989495815.481806,104830.79612156823,4.366581039231866
3527110,35.27.12,2018,568468.6373,1467608762.0,38309.38216677476,6.73904937812033,21538597.839559887,1631354544.9864523,40390.030267213864,0.18752395382502382
3527110,35.27.12,2019,610980.6078,2069938142.0,45496.57285994188,7.446483943862724,1955400.0693660628,1886519886.7490957,43434.0866917804,2.2212378618694464
3527110,35.27.12,2020,575662.1968,1048286363.0,32377.250701688678,5.624348946598863,1354577.8099897406,1146274451.8018827,33856.675143934066,2.499426381729263
3527110,35.27.12,2021,703993.7273,712494835.3,26692.59888620814,3.7915961252355523,21471904.353869714,572720287.6791091,23931.575119057856,0.11145529862955474
3527110,35.27.12,2022,554521.9156,271589559.4,16479.974496339488,2.9719248297892684,10290990.074468173,286234745.5438371,16918.473499220818,0.16440083390222437
3527110,35.27.12,2023,585980.6281,1917672708.0,43791.240082920696,7.473154910412422,6848901.9842244405,2242289283.651554,47352.81706141203,0.6913928272076768
3527110,35.27.12,2024,645165.8144,389943725.5,19746.99282169313,3.060762424316872,8381852.025899915,345241240.36923546,18580.668458622134,0.22167736201030375
3527110,35.27.12,2025,646841.5077,1980568892.0,44503.582911940925,6.8801371560375095,1146084.7710601368,2296601511.275325,47922.870440691724,4.181442040832871
3527120,35.27.11,2018,616415.2016,2083071221.0,45640.675071694546,7.404209849664185,3681770.7670456255,2374771269.565558,48731.62494279826,1.3235920437790354
3527120,35.27.11,2019,571376.7773,1103891142.0,33224.8572908899,5.814877084765605,1356948.2377760408,1118215523.5915563,33439.72971768098,2.4643334791079985
3527120,35.27.11,2020,598380.1485,572224861.8,23921.221996378026,3.997663033498516,1239916.6590222858,567714800.32785,23826.766468151945,1.9216425793440115
3527120,35.27.11,2021,707509.2459,1579786929.0,39746.53354696482,5.617811184418448,5901364.343908368,1407797998.79245,37520.63430690438,0.6357959298960202
3527120,35.27.11,2022,811795.3017,52480107469.0,229085.3715735686,28.21959810482217,4396523.249932246,53877253125.02713,232114.74129194624,5.279506739683983
3527120,35.27.11,2023,585833.6101,1557655063.0,39467.139027297126,6.7369195530724495,3308289.6480617705,1642575008.1316419,40528.69363958875,1.2250648507555353
3527120,35.27.11,2024,659287.6705,2430440951.0,49299.50254312917,7.477692174303929,3536982.0763352076,2239208292.738012,47320.27359111538,1.3378714556604594
3527120,35.27.11,2025,624871.0505,722488145.9,26879.13960490551,4.301549829104383,1121891.925138822,672637448.2126193,25935.254928622147,2.3117427220463274
3528010,35.28.01,2018,448581.7568,1358890143.0,36863.127146241946,8.217705376430937,2798890.121521166,1339600589.0755417,36600.55449136723,1.3076810057650718
3528010,35.28.01,2019,547405.6186,15548599514.0,124694.0235696964,22.779090921390914,1199939.1901003309,19497592872.83075,139633.78127384058,11.636738130218527
3528010,35.28.01,2020,817095.1798,10656155464.0,103228.65621521961,12.633614634770804,1129869.3459498717,11957666819.35447,109351.1171381183,9.678209036301249
3528010,35.28.01,2021,731389.3461,9193452573.0,95882.49356895137,13.10963771624884,2888878.9496072456,8932125643.416,94509.92351819992,3.2715086082457323
3528010,35.28.01,2022,587682.1309,18289388085.0,135238.26413038583,23.012145004864536,3407413.3173390557,17320274060.646957,131606.51222734747,3.862358333743987
3528010,35.28.01,2023,561766.0545,8278927855.0,90988.61387558335,16.196887146655346,2752198.2901740028,7592886358.656739,87137.16978796557,3.1660934497004023
3528010,35.28.01,2024,558504.1793,2627715028.0,51261.2429424024,9.178309642490156,4092908.345936876,2692266503.1078825,51887.055255698244,1.267730690994039
3528010,35.28.01,2025,633957.9945,1277938618.0,35748.26734262795,5.6389015759352406,559150.8893123887,1264934350.3216083,35565.91556984873,6.360700885871008
3528020,35.28.02,2018,543852.4461,4097261542.0,64009.85503811113,11.76970987206729,3186264.87005701,3714988582.5584803,60950.706169481586,1.9129202578940345
3528020,35.28.02,2019,765413.898,11602098610.0,107713.03825442861,14.072521878147109,2234397.3580083116,10721238676.584742,103543.41445299523,4.634064486421133
3528020,35.28.02,2020,937849.6584,4325710630.0,65770.1347877591,7.012865462889324,2578291.5546476473,3745019789.8682637,61196.56681439134,2.373531678528674
3528020,35.28.02,2021,1229774.376,15664607825.0,125158.3310251459,10.177340938932193,11380818.938502576,15654819745.735502,125119.22212727947,1.0993868086591485
3528020,35.28.02,2022,1097587.454,23766740422.0,154164.65360775797,14.04577403339725,7789943.7433214635,26108929111.16237,161582.5767561663,2.074245746571605
3528020,35.28.02,2023,1229230.447,23316805339.0,152698.41302056808,12.422277156674438,6264787.66054608,21308378254.121315,145973.89579689005,2.330069328864787
3528020,35.28.02,2024,1309889.925,28716060960.0,169458.13925568757,12.93682285980538,8163565.620937328,25186068997.53813,158701.19406462615,1.944018109655427
3528020,35.28.02,2025,1539604.584,28859342921.0,169880.37826953412,11.034026530901398,855522.8352599501,30403223623.770092,174365.2018717327,20.381127736789388
3528030,35.28.03,2018,603306.7115,13968806116.0,118189.70393397218,19.590318105382487,755261.8857589986,14037321706.385235,118479.20368733593,15.687168374486493
3528030,35.28.03,2019,1075884.101,18568899346.0,136267.7487375498,12.665653169416041,571008.7295700586,17968622618.101795,134047.09104677278,23.475488920756714
3528030,35.28.03,2020,541171.7405,4378461538.0,66169.9443705373,12.227161808079908,930804.0480840188,3901515382.014189,62462.11157184961,6.710554353563736
3528030,35.28.03,2021,1026609.274,3066349584.0,55374.62942539661,5.393934267673157,924484.95082962,2578094272.939869,50774.93744890159,5.492240560902248
3528030,35.28.03,2022,948894.7018,4204248647.0,64840.177721841574,6.833232138280822,1279372.6250871462,4137622814.8874593,64324.3563114895,5.027804648165577
3528030,35.28.03,2023,852080.8098,5146270079.0,71737.50817389743,8.419096797959295,1001041.4360376372,5240755369.177433,72393.0616093658,7.231774730116563
3528030,35.28.03,2024,1038967.198,1606113667.0,40076.347974834236,3.857325626062184,1182459.102424067,1553499546.8764448,39414.458601843624,3.333261887962393
3528030,35.28.03,2025,1853260.225,47883198666.0,218822.2992887151,11.807424361504067,754529.0555674431,54263031864.94416,232944.26772287005,30.87280284358095
3528040,35.28.08,2018,695506.3769,11241380949.0,106025.37879677677,15.244343160353383,2945726.0078311074,9317960485.585615,96529.58347359432,3.2769369322528252
3528040,35.28.08,2019,792417.2881,13499918570.0,116189.14996676755,14.662621791778088,1822215.4749704986,13116506153.59917,114527.31618962862,6.285058916618123
3528040,35.28.08,2020,649268.2031,3796391622.0,61614.86526805037,9.48989415681588,1888942.1221442528,3890706356.558394,62375.52690405423,3.3021407153146645
3528040,35.28.08,2021,925659.9831,4975724992.0,70538.81904313398,7.620381169217466,2613949.8128654603,4254755797.81018,65228.489157807264,2.495399446338359
3528040,35.28.08,2022,829923.354,2151290601.0,46382.0072980892,5.58870973741621,3176129.6456136107,2165203184.416031,46531.743835966765,1.4650454807545203
3528040,35.28.08,2023,783215.0027,3436767553.0,58623.95033601881,7.485039246429492,2487802.529429624,3305287671.2191753,57491.63131464592,2.3109403031207214
3528040,35.28.08,2024,995667.556,57600668989.0,240001.39372303654,24.104571076637203,2915610.553303154,55510036592.23783,235605.6803055432,8.080835077188919
3528040,35.28.08,2025,1335956.649,8651424968.0,93013.0365486473,6.9622795483873,1163014.5135828985,8976506312.19087,94744.42628561782,8.146452617666714
3528050,35.28.04,2018,880523.7941,4700146237.0,68557.61253865248,7.786003399116148,2697540.619167543,4376477983.85876,66154.95434099218,2.4524173564217726
3528050,35.28.04,2019,1020543.215,10459622452.0,102272.2956230083,10.021358637224226,2101004.1098921415,9671742045.396318,98345.01535612428,4.680857828553842
3528050,35.28.04,2020,1003715.02,10216999613.0,101079.17497190012,10.070505368336534,2272085.140024989,8996972967.540913,94852.3746014875,4.174683990954859
3528050,35.28.04,2021,997238.0395,10602457824.0,102968.23696655197,10.325341883085274,4732516.30682504,13200371844.60594,114892.87116529877,2.427733233578192
3528050,35.28.04,2022,1450182.453,115000000000.0,339116.4991562634,23.384402318117374,4661592.60153413,110086762092.75166,331793.2520301636,7.117594358652672
3528050,35.28.04,2023,1572386.666,7104286378.0,84286.92886800421,5.360445410187943,5133764.261961635,5830141080.911752,76355.36052505909,1.487317232129458
3528050,35.28.04,2024,1392243.3,3929315753.0,62684.254426450665,4.502392249002072,7055378.004484051,4350263836.900209,65956.529903416,0.9348404842589195
3528050,35.28.04,2025,1299591.39,16087631254.0,126837.02635271769,9.75976197816436,1168559.314714337,15835610407.126892,125839.62176964333,10.768783422894177
3528060,35.28.05,2018,652627.6355,6844411260.0,82730.95708379059,12.676594214464673,5110877.4524225965,7207752972.335422,84898.48627823361,1.6611332803135606
3528060,35.28.05,2019,858225.4395,4702380968.0,68573.90879919271,7.9901976384134805,1769966.2741137133,4725434867.356341,68741.79854612725,3.883791434418646
3528060,35.28.05,2020,890315.7282,6324764168.0,79528.38592603273,8.932604850957718,1559515.3929265477,6336369723.697858,79601.31734901037,5.104234155690667
3528060,35.28.05,2021,920991.3394,1260253816.0,35500.053746438185,3.8545480535751264,16590123.634785052,1212597473.4637327,34822.37030220276,0.2098981964738922
3528060,35.28.05,2022,747180.1358,4505646835.0,67124.11515245472,8.983658951343164,7275442.325763194,3831254936.6899123,61897.1318938924,0.8507679550246369
3528060,35.28.05,2023,904007.4303,42390377045.0,205889.23489342516,22.775170644902737,5244039.526560817,37448061885.58875,193515.0172094888,3.6901899047355426
3528060,35.28.05,2024,688004.7121,2106411398.0,45895.65772488722,6.670834794837333,7348451.181030395,1440823094.8148196,37958.175599135684,0.5165466118509779
3528060,35.28.05,2025,1154498.957,14161809058.0,119003.39935480835,10.307796177143567,590364.1788468342,12601200011.638418,112255.06675263446,19.01454572868965
3528070,35.28.06,2018,714542.4788,2757841632.0,52515.15621227837,7.34947994980958,6901329.992671646,2621162786.606323,51197.292766378996,0.741846757374943
3528070,35.28.06,2019,847083.2108,4950404529.0,70359.11120103778,8.306044825819345,4517146.5755194295,4694702848.167953,68517.90166203247,1.5168403441536222
3528070,35.28.06,2020,460882.4095,1455393447.0,38149.61922483631,8.27751687599097,4623096.363574017,1140139478.2789266,33765.951464143975,0.7303752465596508
3528070,35.28.06,2021,703667.5817,4932119730.0,70229.05189449733,9.980430208939001,20490184.12353043,4912738135.055557,70090.92762302092,0.34207075544299387
3528070,35.28.06,2022,536961.1441,2783529599.0,52759.16601880663,9.82550908916067,18998171.175622787,2813008165.0880113,53037.79939899478,0.2791731841381102
3528070,35.28.06,2023,537272.5688,3214509321.0,56696.642942946804,10.552677772025275,14872919.434373168,2903327875.2699003,53882.537758256156,0.36228622091320484
3528070,35.28.06,2024,606656.8181,3145247312.0,56082.50450898212,9.24451894971328,21474945.14362271,3084844737.6721826,55541.37860795483,0.25863338991787194
3528070,35.28.06,2025,706475.982,3983035461.0,63111.29424278985,8.933254045540908,706996.7012993683,4341290943.258673,65888.47352351299,9.319488111106956
3528080,35.28.07,2018,490597.1108,2710926797.0,52066.561217349474,10.612896014093174,8268188.470502391,2905071298.2807384,53898.713326764475,0.6518805602829888
3528080,35.28.07,2019,464203.5932,6209727300.0,78801.82294845722,16.97570292492454,3124152.7879514066,6389377822.060348,79933.58381844485,2.558568330163504
3528080,35.28.07,2020,647481.6813,10626731737.0,103086.0404565041,15.921074438666762,2588168.700872386,10988165402.003098,104824.4504016267,4.0501397905899195
3528080,35.28.07,2021,727461.2323,1123677516.0,33521.299437820126,4.607984308914509,22924739.509162277,1092830970.6145556,33057.99405007139,0.1442022668866496
3528080,35.28.07,2022,523619.4237,6794725366.0,82430.1241416025,15.742373260169511,13464839.521450818,6341941752.244921,79636.30925805717,0.5914389780226393
3528080,35.28.07,2023,770507.5429,12877530534.0,113479.2074963515,14.727851601457893,9328996.86210595,12973926427.38039,113903.14494069244,1.2209581225540218
3528080,35.28.07,2024,606123.7583,4589183519.0,67743.51274476398,11.17651499666747,14535872.72880695,4667769726.968544,68321.07820408387,0.4700170363261801
3528080,35.28.07,2025,946844.5953,23355437337.0,152824.8583738915,16.140437314897508,678350.932382983,26085539049.225655,161510.18249393953,23.809237193287174
3528090,35.28.12,2018,669836.7052,9505618297.0,97496.76044361679,14.555302760619274,2414858.167425922,8562283298.905242,92532.60667951185,3.8318029575271266
3528090,35.28.12,2019,627674.0304,1424258930.0,37739.355187920206,6.012572348081681,1462775.8972362431,1432344189.5308807,37846.323329101346,2.587294704582423
3528090,35.28.12,2020,602415.3437,16781782243.0,129544.51838267801,21.50418639522412,1365530.2455649248,16385922754.857538,128007.51054081763,9.374198115096343
3528090,35.28.12,2021,774459.4085,2458481327.0,49583.075005489525,6.402281960977627,4973698.230951472,2555893109.8219295,50555.841500482704,1.016463789175471
3528090,35.28.12,2022,731663.245,1628109474.0,40349.838587037746,5.514810107351743,3398429.3419412496,1569166479.5282955,39612.70603642593,1.1656180561870495
3528090,35.28.12,2023,1100710.506,52735375034.0,229641.84077384503,20.863055228605678,2660874.661682364,57037121130.90513,238824.45672691296,8.975411738330955
3528090,35.28.12,2024,837195.7768,5837317374.0,76402.33879928022,9.125982346842653,3826856.8011366194,6660211891.465336,81610.12125628375,2.1325627139234635
3528090,35.28.12,2025,1590494.373,41284639474.0,203186.2187108171,12.775035370138788,718063.5674421007,37147389480.36599,192736.58054548438,26.84115853865893
3528100,35.28.09,2018,772902.554,15015129704.0,122536.2383297284,15.854034599260542,1798725.6439955283,15338355646.91531,123848.115233601,6.885325488466148
3528100,35.28.09,2019,539586.3977,2462311697.0,49621.685753307494,9.196244746869292,1176529.5732161775,2813352921.1049385,53041.04939671668,4.508263166876709
3528100,35.28.09,2020,531414.1458,954558886.8,30895.936412415143,5.813909294022248,938154.354638182,1031326525.3612223,32114.2729228177,3.4231331724941167
3528100,35.28.09,2021,751078.6034,7047731167.0,83950.76632765183,11.177360924358856,2457978.7002878417,8060768115.67535,89781.78053299763,3.6526671497390812
3528100,35.28.09,2022,674094.4455,12920796420.0,113669.68118192292,16.862574961229658,2401654.147867062,13440318990.10035,115932.38973686495,4.827189203733847
3528100,35.28.09,2023,768395.9975,16320215707.0,127750.59963460054,16.625620129495864,1811423.3904680384,16511386383.686802,128496.63958130112,7.09368335737897
3528100,35.28.09,2024,640172.4587,5209778182.0,72178.79315976404,11.274898221385175,2296739.723039336,6099678472.834843,78100.43836519,3.400491469788211
3528100,35.28.09,2025,691952.3868,3585607475.0,59879.942175990785,8.65376625881895,587213.9556438505,3839834834.548296,61966.40085198023,10.552610382707474
3528110,35.28.10,2018,475338.5866,354320984.6,18823.41585897735,3.9600016471663717,4626120.650862956,350840522.82237273,18730.73738063648,0.40489081012494665
3528110,35.28.10,2019,407271.1312,2226782397.0,47188.79524844854,11.586579954589363,1454445.8810560575,2569567930.546962,50690.905797262705,3.485238361736539
3528110,35.28.10,2020,481415.9878,929032321.8,30480.031525574246,6.331329307292741,1008405.1751134665,834228622.0044559,28883.016151441938,2.864227283263595
3528110,35.28.10,2021,542360.9558,537071645.6,23174.806268877415,4.272948858328827,6159689.133541673,536012030.30274224,23151.933619089836,0.37586204623573316
3528110,35.28.10,2022,393150.5972,380376929.1,19503.254320753756,4.960759174640714,3375631.7640680405,373135090.5947604,19316.70496215026,0.5722396965145071
3528110,35.28.10,2023,470079.1805,510458901.4,22593.337544506343,4.806283384104551,2642226.6222810964,560555879.2081885,23676.061311125814,0.8960647474926172
3528110,35.28.10,2024,524545.9275,1091626547.0,33039.77219957789,6.298737721031662,3374264.365202258,1249298850.7272227,35345.42192034525,1.0475000798648626
3528110,35.28.10,2025,563525.2191,1218959163.0,34913.595675610384,6.195569336075235,715882.8417748823,1325654052.7979002,36409.53244409904,5.085962439584275
3528120,35.28.11,2018,658698.4857,3702563754.0,60848.69558174604,9.237716026792143,5296085.897253632,4040004828.294155,63561.03230985283,1.200151084082934
3528120,35.28.11,2019,560970.0583,667510172.4,25836.218229454556,4.605632305537003,2098458.61697905,680911891.2270316,26094.288479033712,1.2434978830604322
3528120,35.28.11,2020,502978.228,2664083801.0,51614.763401569515,10.261828550075833,1809461.172607949,2803410635.575993,52947.243890272446,2.926133187702524
3528120,35.28.11,2021,719080.6577,1162906547.0,34101.415615777594,4.742363078552543,4007990.833093315,1122574527.3366616,33504.843341473206,0.8359510971140273
3528120,35.28.11,2022,709196.5158,1583493594.0,39793.13501095384,5.611016710377617,4044293.1824821173,1451052874.3517597,38092.68793813006,0.9418874008226898
3528120,35.28.11,2023,1031449.561,15179490148.0,123205.0735481295,11.944847155558536,2872341.7893649037,15360135582.652199,123936.0140663407,4.3148073298666825
3528120,35.28.11,2024,717625.465,2815104682.0,53057.560083366065,7.393489037260692,3931563.338776706,3241083276.418015,56930.51270116944,1.4480375310164328
3528120,35.28.11,2025,1100650.558,4963320186.0,70450.83523990329,6.400835826397072,1268104.0056289656,5415280740.629488,73588.59110371313,5.803040663625536
3528130,35.28.13,2018,460647.9714,11258434877.0,106105.77211914533,23.034025700073958,3277142.3957521454,10880899773.465965,104311.55148623744,3.183003326967018
3528130,35.28.13,2019,596516.9408,1472365413.0,38371.41400834741,6.4325774146308055,1537999.0470487957,1560854668.6504545,39507.65329212119,2.568769686036596
3528130,35.28.13,2020,689210.7326,3955082505.0,62889.44669020391,9.124850167808301,1793225.224095907,3271348637.9416375,57195.70471584066,3.189543842418183
3528130,35.28.13,2021,968973.5874,22042888656.0,148468.47697743788,15.32224189679062,14369225.780851375,21738909892.25981,147441.20825691783,1.0260901353042973
3528130,35.28.13,2022,1018032.177,6901060085.0,83072.61934596741,8.16011725589764,9205092.97289829,7093638278.399725,84223.73939929125,0.9149689160909453
3528130,35.28.13,2023,989716.3876,8605159000.0,92763.99624854462,9.372785720310388,7289556.826017475,7922962163.364355,89011.02270710272,1.221075914922696
3528130,35.28.13,2024,879905.9021,13603310979.0,116633.23273835807,13.255193817884278,8762006.802450793,15929828328.641096,126213.42372600902,1.4404625169967484
3528130,35.28.13,2025,1268615.279,15593719336.0,124874.81465852112,9.843395135281286,625807.456978309,15507387211.835543,124528.66020252343,19.89887765221048
3529010,35.29.11,2018,1005644.872,4195928402.0,64775.98630665534,6.441238662892057,8269121.903729128,4259608690.0111427,65265.67773348518,0.7892697494766924
3529010,35.29.11,2019,1559002.007,9688313484.0,98429.23084124959,6.313605139653268,4552471.58302807,9413996298.158443,97025.75069618603,2.1312763611288594
3529010,35.29.11,2020,963271.9896,1912895249.0,43736.65795416929,4.540426631976604,5352046.378117522,1676267333.1615777,40942.24387062313,0.7649829799311972
3529010,35.29.11,2021,1780462.537,837751526.9,28943.937653678015,1.6256414865345754,20011522.37413318,859868731.7423317,29323.518406602092,0.14653317153174494
3529010,35.29.11,2022,1439225.345,15713065498.0,125351.76703182129,8.709669230555503,15756441.313374165,14199840288.86575,119163.08274321267,0.7562817032934099
3529010,35.29.11,2023,2315729.38,15817323051.0,125766.939419706,5.430986042924671,12280076.34873823,15342634887.415428,123865.39019199603,1.0086695446704053
3529010,35.29.11,2024,816495.8691,5207468808.0,72162.7937929235,8.838108865445514,18080667.954782486,4953043283.880792,70377.86075095486,0.3892436989991807
3529010,35.29.11,2025,1359453.846,4569252817.0,67596.24854235626,4.97230919175731,939087.9599132587,4698565292.982151,68546.08152901339,7.299218439063454
3529020,35.29.05,2018,750666.031,2119645039.0,46039.60294138081,6.13316721952226,4417902.02346534,1972451726.3811963,44412.29251436134,1.0052801596429466
3529020,35.29.05,2019,556128.4009,25204742.54,5020.432505272827,0.9027470089907482,2674016.0164326834,24976423.463750675,4997.6417902597495,0.18689647928612405
3529020,35.29.05,2020,504793.9419,5415673875.0,73591.26221909773,14.578475712705007,2387793.912433609,5278026874.406755,72650.03010602787,3.042558644936987
3529020,35.29.05,2021,1481010.519,9289525507.0,96382.18459341954,6.5078663086402795,2366399.903826219,9422361740.141245,97068.85051416466,4.101963085665046
3529020,35.29.05,2022,1864759.841,40395660399.0,200986.71697154516,10.77815558617798,5414013.155826818,35941419714.25311,189582.22415156203,3.5016949293432105
3529020,35.29.05,2023,1416700.237,720387117.7,26840.02827308496,1.89454533655767,5105382.248769635,702071776.5444087,26496.637079909004,0.5189941866996252
3529020,35.29.05,2024,3049067.996,723000000000.0,850294.0667792526,27.887015569830954,5245221.726023208,663015647154.014,814257.7277213979,15.523799950755315
3529020,35.29.05,2025,1913753.319,97979445771.0,313016.6860903744,16.356166857175516,2200236.011196421,110018150686.07332,331689.8410956738,15.0751937250273
3529030,35.29.06,2018,827405.485,1172269718.0,34238.42458408389,4.138046605297026,811858.4781188418,1203770240.5303376,34695.39220891353,4.273576386035441
3529030,35.29.06,2019,843295.1102,5234369637.0,72348.94357901848,8.57931496387544,861715.919250312,4714318721.655636,68660.89659810478,7.967927139821134
3529030,35.29.06,2020,788677.4879,788409409.4,28078.629051290947,3.560216879786376,876378.1139530215,765863225.0691413,27674.233956320113,3.1577961060085986
3529030,35.29.06,2021,1126435.264,3107192468.0,55742.196476278186,4.9485485990856,1434999.192721401,3229374763.7400026,56827.58805140336,3.960112893417926
3529030,35.29.06,2022,1602703.194,22691859258.0,150638.1733094238,9.399006246032588,1462460.496838683,21739325166.974255,147442.61652240934,10.081818745950923
3529030,35.29.06,2023,1584078.292,12210717747.0,110502.11648199323,6.975798926104672,1307148.7252645842,9669335508.101522,98332.77941816514,7.522692522862025
3529030,35.29.06,2024,1133588.714,12415302366.0,111423.97572336036,9.82931237293179,1474164.3585856585,12181173104.827293,110368.35191678497,7.486841699434009
3529030,35.29.06,2025,1905802.048,8852451322.0,94087.46633850866,4.936896066264939,1081010.2394219786,9264759066.872488,96253.61846119078,8.904043176562144
3529040,35.29.08,2018,705333.5336,7.620000000000001e-21,8.729261137118079e-11,1.2376075602933844e-14,869893.7017982717,1.2750408932427297,1.1291770867506699,0.00012980632971780338
3529040,35.29.08,2019,771087.9095,3.36e-22,1.833030277982336e-11,2.3772001290630222e-15,950989.1194075021,1.2867594625652512,1.1343542050723183,0.00011928151247188388
3529040,35.29.08,2020,578729.73,25778739.76,5077.276805532667,0.8773139761685764,817360.4058051168,26262448.033785235,5124.690042703582,0.6269804612881459
3529040,35.29.08,2021,657884.8365,1.46e-21,3.82099463490856e-11,5.807999246853838e-15,811374.8298042583,1.4476490301548899,1.2031828747762703,0.00014828940097470541
3529040,35.29.08,2022,1038680.524,1.58e-20,1.2569805089976534e-10,1.2101704806757824e-14,1281013.312094323,1.5965224053327938,1.2635356763197443,9.863563980096314e-05
3529040,35.29.08,2023,1258103.433,3.39e-21,5.822370651203855e-11,4.627895050981754e-15,1551629.4071424897,1.4053143026541641,1.1854595322718378,7.640094514933193e-05
3529040,35.29.08,2024,1007431.006,1.06e-20,1.0295630140987e-10,1.0219687581252586e-14,1242473.0221499533,1.156272206234215,1.0753009840199232,8.65452178719536e-05
3529040,35.29.08,2025,2579029.895,2.39e-20,1.5459624833740306e-10,5.994356584897325e-15,3180738.9774300084,1.2348209438073732,1.111224974434688,3.493606304446088e-05
3529050,35.29.04,2018,615952.5719,8815180707.0,93889.19377116836,15.242925844363759,1923576.7911687696,8680228499.086021,93167.74387676253,4.843463713250231
3529050,35.29.04,2019,1215152.395,23578007235.0,153551.31792010122,12.636383596980954,870735.6719783121,17745395034.4046,133211.8426957776,15.298769417947492
3529050,35.29.04,2020,762515.0649,26753442693.0,163564.79661895466,21.450697061363027,1261825.516829854,26191371418.34938,161837.4845897865,12.825662695138607
3529050,35.29.04,2021,1052835.355,18776303853.0,137026.65380501706,13.015012570984288,664159.159647396,22564419365.06412,150214.57773819464,22.617256053194236
3529050,35.29.04,2022,1365350.149,16961592488.0,130236.6787352933,9.538701763110389,1687850.7821533473,19690432949.71008,140322.60313189062,8.313685345624458
3529050,35.29.04,2023,1946768.8,3744097012.0,61189.02689208254,3.143107023909698,1635837.9993205965,3289264143.326675,57352.10670347407,3.505977164443778
3529050,35.29.04,2024,1650165.113,15825727977.0,125800.34966962533,7.62350074417222,2634836.4580653105,16535041141.689308,128588.65090547186,4.880327601049329
3529050,35.29.04,2025,1089539.739,3945472126.0,62812.9932896053,5.7650942908476415,1356941.4278100522,3518255999.0624175,59314.88851091619,4.3712195158374385
3529060,35.29.02,2018,821959.1554,34202892911.0,184940.24145923462,22.499930835277926,1220142.2991120296,32326616873.075993,179796.04242884766,14.735661779752737
3529060,35.29.02,2019,942549.088,9696175257.0,98469.15891282915,10.447112003659289,906911.22792856,10200535961.727308,100997.70275470283,11.136448600971418
3529060,35.29.02,2020,828524.8175,13019237322.0,114101.87256132127,13.771690376833073,978853.1127199826,14342113511.696533,119758.56341697046,12.23457961779291
3529060,35.29.02,2021,1646189.765,36299109740.0,190523.25249165783,11.573589906972714,1334971.157687083,36911707281.20646,192124.19754212757,14.39163658599143
3529060,35.29.02,2022,2538220.684,338000000000.0,581377.6741499454,22.904930127420922,1844912.7973280763,300886181606.1576,548530.9304006088,29.732079000971062
3529060,35.29.02,2023,1899992.013,537000000000.0,732802.8384224505,38.568732574059005,2024240.5477737559,580838515879.8088,762127.6244040816,37.650052274778496
3529060,35.29.02,2024,1126961.993,1789940978.0,42307.6940756643,3.7541367267444574,2092380.452372249,1725348334.845968,41537.3125616712,1.9851701689612908
3529060,35.29.02,2025,1003369.857,4607551228.0,67878.94539546118,6.7650971296281615,1046933.5714727247,5217528495.138602,72232.46150546582,6.89943120305677
3529070,35.29.01,2018,1147396.549,6486926165.0,80541.45618872308,7.019496115699322,2177447.9397031073,6142605222.440438,78374.77414602505,3.599386819632132
3529070,35.29.01,2019,1782761.127,59824218767.0,244589.89915162075,13.719723604429968,1784512.2489215054,59982252377.36561,244912.74441597686,13.724352105960227
3529070,35.29.01,2020,1270679.85,7408311966.0,86071.55143251456,6.773661472046996,2328892.4446608583,7125708600.892052,84413.91236574722,3.624637649508966
3529070,35.29.01,2021,1745287.833,14266733870.0,119443.4337667835,6.843767057120342,5003122.322407379,14360629128.160591,119835.84241853766,2.3952211178573704
3529070,35.29.01,2022,1619276.28,6484111089.0,80523.97834806723,4.9728375165272745,4673142.009539214,6730385247.628809,82038.92519791327,1.7555410263683076
3529070,35.29.01,2023,2291560.89,17272936311.0,131426.54340353017,5.7352411614744465,3947532.003759388,18827981663.729443,137215.09269657417,3.4759716340715894
3529070,35.29.01,2024,2099436.092,23860232369.0,154467.5770801109,7.357574620571536,5607323.22575645,20682444461.143097,143813.92304343518,2.564751794275853
3529070,35.29.01,2025,1361038.771,7851548549.0,88608.96426998795,6.51039236780037,1528400.985340445,8024417239.865192,89579.11162690325,5.860969240801023
3529071,35.29.26,2018,630690.5636,3.2100000000000004e-21,5.665686189686118e-11,8.983305786828675e-15,777835.9073033631,1.2176899693459058,1.1034899045056579,0.0001418666706106802
3529071,35.29.26,2019,903973.9047,4.8000000000000006e-21,6.92820323027551e-11,7.664162863832623e-15,1114878.5203433605,1.1918687141077022,1.091727399174218,9.792344002089013e-05
3529071,35.29.26,2020,1177257.246,6.4e-21,8.000000000000001e-11,6.7954561564023715e-15,1451921.1336300205,1.3234570307408546,1.150416025071302,7.923405744464161e-05
3529071,35.29.26,2021,1450540.587,7.99e-21,8.938679992034618e-11,6.16230946734248e-15,1788963.7465466848,1.3427874175461871,1.158787045813935,6.477420506987872e-05
3529071,35.29.26,2022,884928.6456,1.08e-21,3.2863353450309965e-11,3.713672691432418e-15,1091389.8442050698,1.2331189565056582,1.110458894559208,0.00010174722629639525
3529071,35.29.26,2023,1872041.973,1.33e-22,1.1532562594670796e-11,6.160418815925126e-16,2308804.9046853245,1.3335453651746931,1.154792347209962,5.001688730245281e-05
3529071,35.29.26,2024,1888122.705,1.91e-21,4.370354676682432e-11,2.314656068225413e-15,2328637.4049433344,1.4512502536584952,1.2046784855962587,5.173319311280124e-05
3529071,35.29.26,2025,2604187.019,1.36e-20,1.16619037896906e-10,4.478136057282375e-15,3211765.4672826347,1.3158601796078282,1.1471094889363562,3.5715854741625534e-05
3529080,35.29.07,2018,799049.3461,3808645670.0,61714.225831650845,7.723456146089805,5230009.679613993,2994517664.4693346,54722.18621792567,1.046311375507139
3529080,35.29.07,2019,792834.6136,1141944254.0,33792.66568354737,4.262259127424576,2856817.129351099,1183322903.5081773,34399.46080257912,1.2041184032802497
3529080,35.29.07,2020,881341.4432,1286371016.0,35866.014777223296,4.069480115107255,2784750.6969649973,1436692675.9174142,37903.729050284936,1.3611174993723816
3529080,35.29.07,2021,1055810.512,16337156461.0,127816.8864469793,12.106044123851202,8327752.064971699,15850340902.214941,125898.1370085155,1.5117901688988786
3529080,35.29.07,2022,1282720.301,9353739232.0,96714.7312047136,7.539814496528624,8028982.636254559,8332639201.521809,91283.29092184291,1.1369222609805725
3529080,35.29.07,2023,1802599.606,52709613118.0,229585.742410107,12.736369277232996,7318473.94560204,46831862818.58744,216406.70696304087,2.9569922441698138
3529080,35.29.07,2024,1388460.284,34526629059.0,185813.42540031922,13.382696468998837,10744734.217399476,33542781396.65703,183146.88475826452,1.7045268971072898
3529080,35.29.07,2025,1809401.077,67862804349.0,260504.90273505411,14.39730008158131,1057035.857962947,80262607007.50783,283306.5601208483,26.80198197503147
3529090,35.29.10,2018,825110.9613,8657972068.0,93048.22442153316,11.277055909538692,2645532.3666955032,8595673324.383528,92712.8541486213,3.504506515050791
3529090,35.29.10,2019,1422724.493,152000000000.0,389871.7737923586,27.403181410777794,1388819.3466846247,150474807814.56253,387910.8245648251,27.930977883541285
3529090,35.29.10,2020,742270.2508,10618654507.0,103046.8558811961,13.882660091810875,1828222.7456424418,11578345151.60746,107602.7190716269,5.885646009387934
3529090,35.29.10,2021,1220108.058,11194822774.0,105805.5895215371,8.671821223357341,4524651.332547542,11657196983.767458,107968.49996071751,2.386228065443605
3529090,35.29.10,2022,1558422.615,59484411807.0,243894.26357952744,15.650072145515384,4299336.337425136,74778543630.07057,273456.6576810127,6.36043882635117
3529090,35.29.10,2023,1280867.759,4126297330.0,64236.261799703134,5.0150580610955275,3979280.1862831544,4754912749.763764,68955.87538247749,1.732873086448474
3529090,35.29.10,2024,1891435.558,3222852843.0,56770.17564707722,3.0014332450800434,4070456.4904534793,3807240499.5047297,61702.84028717584,1.5158702821634062
3529090,35.29.10,2025,1642941.292,13259390749.0,115149.42791434094,7.00873661615542,1037398.9694989802,12660193349.865925,112517.52463445827,10.846118797361006
3529100,35.29.09,2018,776657.1056,2940500497.0,54226.381927987786,6.982023538701244,3433514.427562522,2690116153.8399363,51866.32967388319,1.510590118903432
3529100,35.29.09,2019,617807.012,2333464882.0,48305.95079283711,7.818938577025588,2415017.41336089,2304969054.431612,48010.09325581041,1.9879812456091797
3529100,35.29.09,2020,796117.107,1162000870.0,34088.13385915985,4.281798941315785,2318706.8824684573,1147959505.4375303,33881.55110731399,1.4612261413242649
3529100,35.29.09,2021,1120289.359,1478988686.0,38457.62194936135,3.432829352560275,5103179.621223015,1636995929.8912237,40459.80635014488,0.7928352390709772
3529100,35.29.09,2022,1342454.128,31558113998.0,177646.03569458003,13.232931538542672,5909606.934489112,28388375594.13588,168488.50285445555,2.8510949158249126
3529100,35.29.09,2023,1526386.247,1860062990.0,43128.44757233907,2.825526478445732,5376897.493484211,1547954975.814509,39344.058964658296,0.7317241776012263
3529100,35.29.09,2024,1667764.637,4990287802.0,70641.96912600893,4.235727725530909,6764290.5959816845,5208560624.6541195,72170.3583519863,1.0669316660472716
3529100,35.29.09,2025,1895721.69,13497847640.0,116180.2377343066,6.12854926686557,1168908.7934284683,11707915590.552078,108203.12190760522,9.256763446037567
3529110,35.29.13,2018,760450.6451,33896026174.0,184108.7346488482,24.210477804859742,2232701.0314400736,30894356587.161755,175767.9054525079,7.872433567119332
3529110,35.29.13,2019,985760.5285,3093861981.0,55622.49527843928,5.6425971288461145,1097045.9867908764,3052759286.1037993,55251.78084101724,5.036414289490452
3529110,35.29.13,2020,938668.8081,6931261689.0,83254.19922742636,8.869390194816932,1164007.303327254,7739986955.883487,87977.19565821296,7.5581308988985505
3529110,35.29.13,2021,1037589.398,11440071400.0,106958.26943252214,10.30834255233226,6281016.44644185,11364906095.437246,106606.31358150064,1.6972780518970356
3529110,35.29.13,2022,986977.9711,11753594824.0,108413.99736196428,10.98443942382376,3725204.1724709426,11314059069.35491,106367.56587115694,2.8553486183980867
3529110,35.29.13,2023,877988.4472,10539450807.0,102661.82740921769,11.69284490435123,2470485.572402315,10310857770.17083,101542.39395528761,4.1102200753411875
3529110,35.29.13,2024,1511957.768,75382945868.0,274559.5488559813,18.159207529927603,2547435.851531917,71559742025.82657,267506.52707144653,10.501011317344055
3529110,35.29.13,2025,1615059.671,31883306741.0,178558.97272609966,11.05587464861536,1596325.4685200308,29435027682.492046,171566.39438564898,10.747582355164068
3529120,35.29.12,2018,764829.8157,19753617010.0,140547.56138048074,18.37631829923452,1177639.8345297521,22791225230.880238,150967.62974518823,12.819507740706793
3529120,35.29.12,2019,619379.5142,651558755.9,25525.648980975977,4.121164551905675,827514.0313745666,619860035.0433671,24896.98847337499,3.0086484977202272
3529120,35.29.12,2020,875864.6395,2448108186.0,49478.36078529684,5.649087604854362,720296.0808338413,2056063204.0841434,45343.83314282267,6.295165883775318
3529120,35.29.12,2021,1260060.835,24159208522.0,155432.32778929872,12.3353034609078,2006418.445244813,25989108621.095055,161211.37869609284,8.034783525747672
3529120,35.29.12,2022,1535481.419,104000000000.0,322490.30993194197,21.002553722985947,2181568.3544955594,97006166086.77414,311458.1289463708,14.276798996673602
3529120,35.29.12,2023,1436022.366,33005064235.0,181672.95955920353,12.651123259677943,1719134.9496353157,31019133045.83478,176122.4944345122,10.244832406663216
3529120,35.29.12,2024,1645998.764,21931188355.0,148091.8240653413,8.997079907001758,1946201.391799628,22794277018.658607,150977.7368311587,7.757559801740325
3529120,35.29.12,2025,1469486.642,34060902530.0,184555.96042935053,12.55921320782925,1147665.381082907,34099633589.813232,184660.86101232507,16.090130804336354
3529130,35.29.15,2018,707137.2189,22535818055.0,150119.34603841038,21.229167695618006,2656500.895088704,20174928207.26212,142038.47439078652,5.346825768189461
3529130,35.29.15,2019,641115.9581,37382054994.0,193344.3947829882,30.157476559463635,955052.3096927443,36843967200.38249,191947.824161626,20.09814773636626
3529130,35.29.15,2020,535302.2272,1467712771.0,38310.739630030635,7.156842935330615,760586.8494105116,1480326147.0143113,38475.00678381111,5.058594796061875
3529130,35.29.15,2021,712361.4755,1180729549.0,34361.74543005637,4.8236389265629755,3481166.8777543386,1256338980.9928093,35444.872421731314,1.0181894079319864
3529130,35.29.15,2022,963411.0557,6956226341.0,83403.99475444807,8.65715566174897,2920173.8526227125,6777084202.269544,82323.04781936553,2.819114613516187
3529130,35.29.15,2023,840341.6998,13763606874.0,117318.39955437511,13.960797087934196,2635540.7574006785,16117732449.031763,126955.63181297536,4.817061980790093
3529130,35.29.15,2024,1252467.038,2131997695.0,46173.560562295825,3.6866088417007767,2856029.7617246346,2158773611.269574,46462.604439157025,1.6268249393556824
3529130,35.29.15,2025,1440906.426,7156355101.0,84595.24277995779,5.870974079475567,1127002.6367193277,7139345255.065361,84494.64631007909,7.497289141757518
3529140,35.29.14,2018,769923.1831,426521.5489,653.0861726449275,0.08482484837193202,656858.3844587619,400804.97663052264,633.0916020849768,0.09638174940959786
3529140,35.29.14,2019,771353.0315,926469960.7,30437.969063326153,3.9460490618848563,845281.0028129631,867691128.8531353,29456.59737398628,3.484828983019768
3529140,35.29.14,2020,644961.5129,33868269239.0,184033.33730332664,28.534002978850715,965061.5711328869,35073882341.99043,187280.2241081274,19.40603892125545
3529140,35.29.14,2021,732254.8803,2355524057.0,48533.74142800038,6.627984699551122,1298516.1997395256,2447311762.212137,49470.31192758074,3.809757008615232
3529140,35.29.14,2022,1553131.387,61022736415.0,247027.80494308734,15.905145373453669,1294298.0131000457,61184981506.127174,247355.98134293655,19.11120768473409
3529140,35.29.14,2023,917585.179,36126606095.0,190070.00314357865,20.714153573265012,1471411.535765574,34864007176.54734,186719.05948924267,12.689791737434824
3529140,35.29.14,2024,1447001.368,79933036219.0,282724.31133349676,19.53863469557527,1258321.2104303886,80421293307.01118,283586.4829412911,22.536891263582444
3529140,35.29.14,2025,1398474.977,3312560871.0,57554.85097713311,4.1155438548210155,936708.0372302445,3707060966.509982,60885.63842574029,6.499959005985821
3529150,35.29.03,2018,833907.749,13340116787.0,115499.42331890666,13.850383745373573,1056170.9108519987,11896584842.103725,109071.46667256164,10.327065965542943
3529150,35.29.03,2019,938765.8106,5214116696.0,72208.84084376373,7.691890781324086,711946.2238822463,4844950317.797683,69605.67733883267,9.776816703833692
3529150,35.29.03,2020,695555.1511,4237124199.0,65093.19625736625,9.358452188072114,773834.1931695258,4523461309.433055,67256.68226602509,8.691355701219447
3529150,35.29.03,2021,1217739.431,36859583668.0,191988.4987909432,15.765975372357241,1257790.057040778,38512545518.07291,196246.13503983436,15.602455587981485
3529150,35.29.03,2022,1302524.904,88784609127.0,297967.4632019409,22.87614327272324,1627768.7867528105,93411725744.91437,305633.31910136103,18.77621205104075
3529150,35.29.03,2023,1463959.297,148000000000.0,384707.6812334269,26.278577691455236,1292308.3612021108,151108992039.89276,388727.4006805962,30.080080911880835
3529150,35.29.03,2024,1848359.86,18350331075.0,135463.39385605248,7.328843088815643,1590058.274782562,18380726499.609024,135575.5379838451,8.526450893907322
3529150,35.29.03,2025,1445627.133,1877665780.0,43332.04103201233,2.9974562626040813,1051876.219706571,1729935016.8583558,41592.4875050574,3.9541237577041097
3529160,35.29.17,2018,709942.0898,4105887876.0,64077.20246702411,9.025694262622956,1731897.6276647584,3615065224.599533,60125.41246926738,3.471649334743808
3529160,35.29.17,2019,814468.6044,1729838247.0,41591.32417944877,5.10655953523072,1069278.929105129,1762471897.9793355,41981.80436783697,3.9261789627680406
3529160,35.29.17,2020,1084646.131,6593721641.0,81201.73422409155,7.486472491191834,1056347.0227387897,6285150386.931428,79278.94037467598,7.505009118038649
3529160,35.29.17,2021,1193094.522,25286844490.0,159018.3778372802,13.32822965029758,5218228.733157286,21793822514.189175,147627.3095134812,2.8290693463749217
3529160,35.29.17,2022,2622091.789,70230606675.0,265010.57842093776,10.106838346875955,3056448.785141911,59189796875.13026,243289.53301597308,7.959875990681033
3529160,35.29.17,2023,2702051.709,33032032028.0,181747.16511681827,6.726265249160644,3226631.7179401643,26455099509.27989,162650.23673293527,5.040867720620092
3529160,35.29.17,2024,761247.2401,2559355432.0,50590.07246486212,6.645682217280215,3723681.482665513,2444302860.4525275,49439.891387952375,1.3277153703426305
3529160,35.29.17,2025,898462.4791,37306172.7,6107.87792117688,0.6798144678557094,642727.3207246694,37524892.96195043,6125.756521602081,0.9530879307721578
3529170,35.29.19,2018,996716.5576,3523227226.0,59356.7791073606,5.955231570576711,2130206.647591975,3042484415.67841,55158.72021429078,2.589360064040886
3529170,35.29.19,2019,825619.5452,7248625492.0,85138.86005814266,10.312117797249872,1227213.7689330801,7771474896.95821,88155.96915103486,7.183424060477764
3529170,35.29.19,2020,1115972.921,14137290947.0,118900.34039900811,10.654410887717956,1082064.2710360603,15398033258.243567,124088.81197853241,11.467785722165951
3529170,35.29.19,2021,1200719.583,6343813618.0,79648.06098079224,6.6333607037366225,2220502.229053608,6217523273.7147255,78851.27312678423,3.551055796975765
3529170,35.29.19,2022,1528582.125,40647935884.0,201613.332604766,13.189564977070892,2349526.0145645943,44263094212.515945,210387.9611872218,8.954485282692652
3529170,35.29.19,2023,1327245.184,53453684644.0,231200.5290737891,17.419579431209986,2251102.3442163486,64392107202.3984,253755.9993426725,11.272521660094036
3529170,35.29.19,2024,1291176.659,20992121165.0,144886.58034821582,11.2212824897585,2491425.814032446,20034312916.7159,141542.61872918665,5.681189378867988
3529170,35.29.19,2025,1334762.733,2586311085.0,50855.78713381595,3.8100994189066824,917100.2892122588,2812349837.5421605,53031.59282486394,5.782529288090761
3529180,35.29.16,2018,723027.8587,1556315929.0,39450.17020242118,5.456244835897798,2086378.6950178642,1562884339.996208,39533.33201231852,1.894830123923405
3529180,35.29.16,2019,869542.7577,1533141607.0,39155.35221396942,4.5029818105251085,1333737.2062720521,1415825725.685802,37627.459729375856,2.8212049234608143
3529180,35.29.16,2020,774914.8242,2013452592.0,44871.512031577455,5.7905089217904075,1579371.8570606452,2081023289.334832,45618.234175983096,2.888378311418236
3529180,35.29.16,2021,1035595.341,15133285082.0,123017.41779926939,11.87890799899508,3316661.13992823,17882311905.289894,133724.76175073147,4.0319090829286575
3529180,35.29.16,2022,2366102.387,1027603131.0,32056.249484304928,1.3548124400884147,3439541.680896134,1056077868.824471,32497.351720170536,0.9448163370331281
3529180,35.29.16,2023,2293805.358,49359070658.0,222169.01372153588,9.685608804892148,4084215.3628948196,45474083703.404884,213246.53268788426,5.221236240998293
3529180,35.29.16,2024,1748897.356,1301732185.0,36079.525842228024,2.0629870425756436,4678803.416986952,1196004504.3748357,34583.29805520052,0.7391483456997091
3529180,35.29.16,2025,1435228.965,11042961594.0,105085.49659206069,7.3218628633279215,1157169.383806869,9766364695.873053,98824.91940736938,8.540229355382186
3529190,35.29.18,2018,987509.8576,6551765539.0,80942.97708263516,8.196675350599069,1827100.6129367715,7819661605.777845,88428.85052842113,4.83984570429791
3529190,35.29.18,2019,980680.8604,2265460246.0,47596.85121938215,4.853449592150534,1024130.3760529176,1990454564.4554987,44614.51069389306,4.35633116028069
3529190,35.29.18,2020,988995.0897,61027839.63,7812.031722285823,0.7898959058184517,1093637.396077023,63152559.50192836,7946.858467465516,0.7266447266682378
3529190,35.29.18,2021,1247970.446,4685974267.0,68454.17640290473,5.4852401851593795,1574036.6553109034,4565651987.628578,67569.60846141243,4.292759525861619
3529190,35.29.18,2022,1746200.311,2751072598.0,52450.668232158874,3.0037028341909897,1886198.5827992475,2641592515.562204,51396.42512434307,2.724868186894047
3529190,35.29.18,2023,1840120.83,17418097320.0,131977.6394697223,7.172226808047288,1824748.404369019,17027274429.854866,130488.59885007144,7.151046058604073
3529190,35.29.18,2024,2533062.989,1110000000000.0,1053565.3752852739,41.592545462171834,2171538.1633695555,1178010662821.7336,1085361.996212201,49.98125358884114
3529190,35.29.18,2025,2027075.395,68879277470.0,262448.6187237418,12.947156251370798,1695757.419724293,60538642397.46704,246046.0168291026,14.50950554408344
3529200,35.29.21,2018,1093359.608,4399901846.0,66331.75593936889,6.066783101737638,1002529.4619661532,4946450793.126706,70331.00875948464,7.015355800272642
3529200,35.29.21,2019,1143622.232,1.81e-20,1.345362404707371e-10,1.1764045565593473e-14,1410438.7916674016,1.1991272398569977,1.0950466838710566,7.763872422826001e-05
3529200,35.29.21,2020,1276299.594,5.03e-21,7.092249290598858e-11,5.556884389793873e-15,1574070.8835458842,1.1703555885760417,1.08182974102954,6.872814638388582e-05
3529200,35.29.21,2021,1004681.919,3.88e-25,6.228964600958975e-13,6.199936998128633e-17,1239082.550333322,1.6201795903098748,1.2728627539172772,0.00010272622704394215
3529200,35.29.21,2022,1031441.975,8.39e-25,9.159694318043589e-13,8.880474655923896e-17,1272085.9495271146,1.2425166520919213,1.114682309939438,8.762633612562187e-05
3529200,35.29.21,2023,1541897.839,5.860000000000001e-21,7.655063683601855e-11,4.964702258462569e-15,1901635.4037735588,1.4456133306976877,1.202336612890786,6.322645289969353e-05
3529200,35.29.21,2024,1333777.054,2.13e-22,1.4594519519326425e-11,1.0942248163257444e-15,1644958.3120708938,1.3781390610345992,1.1739416770157702,7.13660442578545e-05
3529200,35.29.21,2025,2026230.814,1.04e-20,1.019803902718557e-10,5.033009544975546e-15,2498967.2821762837,1.2665032679879902,1.125390273633103,4.503421399951386e-05
3529210,35.29.20,2018,1025810.866,17419375470.0,131982.48167844093,12.86616140001396,1545716.0951375822,19647159623.83179,140168.32603634743,9.068180533105675
3529210,35.29.20,2019,1097435.174,6665811246.0,81644.41956435234,7.4395665000211055,1230810.2518042987,7249205959.892705,85142.2689378942,6.917578791132136
3529210,35.29.20,2020,702015.6222,9885473114.0,99425.71656266804,14.162892308733019,1157779.5638477597,11289187208.318134,106250.58686105284,9.177099871061818
3529210,35.29.20,2021,1233648.943,5464296165.0,73920.8777342369,5.992051316841837,1707583.7328739127,4908684353.226997,70062.00363411682,4.1029908100729235
3529210,35.29.20,2022,1407875.52,35959073399.0,189628.77787667146,13.469143768951353,2072684.4441821687,36300970087.511086,190528.13463504828,9.192336786713623
3529210,35.29.20,2023,1657585.511,1187083439.0,34454.07724783817,2.0785701261983442,1807333.6934087428,1096054600.0451846,33106.715331563544,1.8317987127834838
3529210,35.29.20,2024,1485528.238,12950172908.0,113798.82647901076,7.6604956787775835,2264208.914434426,11776633067.825981,108520.19658951038,4.792852633769332
3529210,35.29.20,2025,1472497.347,6.49e-22,2.5475478405713992e-11,1.7300865402315724e-15,1816043.2009126374,1.382840879394869,1.1759425493598183,6.475300525719092e-05
3529220,35.29.22,2018,470947.8585,1280653080.0,35786.21354656008,7.598763408871108,1545520.93236103,1246861256.4678907,35310.92262272243,2.2847262617646567
3529220,35.29.22,2019,875724.3514,5789042119.0,76085.75503338322,8.688322405531684,746467.727844267,6534891998.925133,80838.67885440195,10.829494141408755
3529220,35.29.22,2020,985077.2641,2169996652.0,46583.22285973782,4.728890266521157,1017870.9660574276,2281734696.660537,47767.50670341228,4.69288429440449
3529220,35.29.22,2021,944261.7704,527671938.0,22971.11094396612,2.4327058093472633,2068101.52492859,394734354.358339,19867.92274895237,0.9606841109813694
3529220,35.29.22,2022,863953.8167,5942200138.0,77085.66752646046,8.922429189664399,1902651.5645741883,5539173284.144278,74425.6224975262,3.9116790421993315
3529220,35.29.22,2023,1118544.753,7135322468.0,84470.83797382384,7.551851434398873,1542616.1396537777,7659863656.979834,87520.64703245649,5.6735207666179015
3529220,35.29.22,2024,1152679.699,18856347530.0,137318.41657257776,11.912972588283413,2309005.8457947704,18629542200.449577,136490.0809599349,5.911205517669635
3529220,35.29.22,2025,1651686.19,955985972.8,30919.022830613518,1.8719671459270066,1097032.7784702398,874009782.1627499,29563.656441021463,2.694874485176877
3529230,35.29.25,2018,769519.3792,10626271827.0,103083.8097229628,13.39586922815768,5699095.913154516,11018793223.304058,104970.4397595059,1.841878806026332
3529230,35.29.25,2019,769519.3792,10626271827.0,103083.8097229628,13.39586922815768,3000746.296607844,11068205925.312586,105205.54132417448,3.5059792106751164
3529230,35.29.25,2020,847576.7806,5379208393.0,73343.08687940534,8.653267592758466,3010018.936166998,6015821977.042502,77561.730106042,2.5767854538752584
3529230,35.29.25,2021,924213.7391,4488844199.0,66998.83729588149,7.249279518515382,1147175.6950115466,4019429776.645473,63398.972993617754,5.526526866748134
3529230,35.29.25,2022,1748525.305,172000000000.0,414728.8270665544,23.718777525301782,3630243.9177025654,152985060517.8607,391133.0470797126,10.774291093014073
3529230,35.29.25,2023,1811693.205,10868404160.0,104251.6386441959,5.754375981345909,5152327.631668992,10132412695.49702,100659.88622831351,1.9536778990839676
3529230,35.29.25,2024,1484491.3,4128973436.0,64257.088605071425,4.328559460407173,6788811.626604769,4921345766.20366,70152.30406910139,1.0333517547339293
3529230,35.29.25,2025,1533051.699,11972142350.0,109417.28542602398,7.137220845024091,2438958.821071763,11755447987.409626,108422.54372320189,4.445443801119908
3529240,35.29.24,2018,912962.6725,16836610750.0,129755.96614414307,14.212625559906785,11353267.257498216,14882578942.793789,121994.17585603744,1.074529235409894
3529240,35.29.24,2019,912962.6725,16836610750.0,129755.96614414307,14.212625559906785,2447597.9504510798,15296173736.408308,123677.70104755468,5.053023558250713
3529240,35.29.24,2020,824177.7822,16072259267.0,126776.41447445971,15.382168412263189,2059320.5115761387,15005848736.76465,122498.36217992732,5.948484536104142
3529240,35.29.24,2021,919155.3109,8355845429.0,91410.31358112716,9.945034587421558,3050849.9497355768,7232902849.486389,85046.47464466936,2.78763216958738
3529240,35.29.24,2022,1341138.69,18379554363.0,135571.21509745347,10.10866483148387,4034891.305611623,17046224351.852211,130561.19006753963,3.2358043917058805
3529240,35.29.24,2023,1919433.452,7991318927.0,89394.17725444985,4.657321000699629,5127421.477120563,6976332139.417519,83524.44037177094,1.6289755141930766
3529240,35.29.24,2024,1441019.116,25876864938.0,160862.87619584575,11.163132703081072,7512743.9823200945,22294150500.3803,149312.25837278162,1.987453036123172
3529240,35.29.24,2025,1449557.389,50436246034.0,224580.15503156107,15.493015780940638,1494359.7486392735,48870450348.79584,221066.61970726345,14.79340031130798
3529241,35.29.27,2018,1261612.474,2.83e-21,5.3197744313081546e-11,4.2166469822873315e-15,1555957.1365355197,1.1688650879339717,1.0811406420692784,6.948396049498744e-05
3529241,35.29.27,2019,1261612.474,2.83e-21,5.3197744313081546e-11,4.2166469822873315e-15,1555957.1365355197,1.3001849811342518,1.14025654180726,7.328328750405973e-05
3529241,35.29.27,2020,1062001.408,9477503370.0,97352.46976836283,9.166887071430589,1158200.0717163074,10667516429.467194,103283.66971340239,8.917601737008091
3529241,35.29.27,2021,704684.4072,403059986.6,20076.35391698403,2.8489851218300135,1200565.4039359395,427611711.32327116,20678.77441540652,1.7224196489098489
3529241,35.29.27,2022,1518126.934,9791657.054,3129.1623566059975,0.2061199420499839,1217585.0848699044,9077559.817292199,3012.898905919712,0.2474487363026159
3529241,35.29.27,2023,2037298.839,42976677782.0,207308.17104494458,10.175638795666373,1589278.9295251835,44093155960.11948,209983.70403466903,13.21251418700959
3529241,35.29.27,2024,1866112.71,31578740377.0,177704.08092387748,9.522687454600613,2123918.2509548003,28353678533.802845,168385.50571175313,7.928059643352844
3529241,35.29.27,2025,1744339.254,467237090.9,21615.66771811595,1.2391894333942421,1319198.5394981324,530703894.9871763,23037.011416135912,1.7462884263728768
3529250,35.29.23,2018,737488.2449,8388474546.0,91588.61581004487,12.418993311881717,884483.6834714488,9605463234.594702,98007.46519829344,11.080754459328263
3529250,35.29.23,2019,737488.2449,8388474546.0,91588.61581004487,12.418993311881717,768021.3698816658,7922139666.751025,89006.40239191237,11.589052841801289
3529250,35.29.23,2020,1097214.424,37081978815.0,192566.81649495065,17.550518137824866,879971.0523008575,44891874339.95395,211877.02645627712,24.077726864114783
3529250,35.29.23,2021,1246163.07,686109963.8,26193.700841996342,2.101948089506162,1225243.0639366629,727701278.1579024,26975.938874447027,2.2016806026858284
3529250,35.29.23,2022,2153224.549,1634365701.0,40427.28906320581,1.8775231353358406,1329448.2436523081,1776594946.4758086,42149.67314791194,3.1704636377657573
3529250,35.29.23,2023,1723083.978,185000000000.0,430116.26335213135,24.962002365744905,1616914.141896035,210991094533.17313,459337.6694036459,28.408290675534246
3529250,35.29.23,2024,1233128.332,996438035.3,31566.40675306583,2.559863879039139,1706664.1228099512,1085335335.9782531,32944.42799591841,1.9303404551375223
3529250,35.29.23,2025,2104532.255,1.03e-19,3.2093613071762427e-10,1.5249760603817604e-14,2595537.099323609,1.24718653769541,1.1167750613688552,4.302674239023146e-05
3571010,35.71.01,2018,1160280.514,5824610719.0,76319.13730513467,6.577645352504358,7003589.241159059,6131342972.396964,78302.89249061598,1.118039476536423
3571010,35.71.01,2019,1169322.956,6405807823.0,80036.29066242388,6.844669409057927,2611769.3916984578,7135989630.093439,84474.78694908581,3.234389192919942
3571010,35.71.01,2020,1201926.865,6615439740.0,81335.35356780593,6.767080089170478,2280472.0499201226,7297546738.805569,85425.67962156092,3.7459647718354234
3571010,35.71.01,2021,1587774.714,6966569593.0,83465.97865597696,5.256789764947533,5438829.52879737,6845749225.563634,82739.04293357299,1.521265604952104
3571010,35.71.01,2022,1445838.193,5410105473.0,73553.41917953237,5.087251086299971,5118211.187149705,5014920590.136338,70816.10403104889,1.3836104342244984
3571010,35.71.01,2023,1667709.614,29758473033.0,172506.44345357074,10.343913712880397,4641848.322910136,31627692519.076454,177841.76258426043,3.8312704382543306
3571010,35.71.01,2024,1647172.521,14080661296.0,118661.96229626409,7.203978987229844,5875806.860844667,14766751365.508923,121518.52272599812,2.068116355828099
3571010,35.71.01,2025,1763112.305,24306264786.0,155904.6656967007,8.842582815318773,2093220.9763695325,24637278027.138042,156962.66443692285,7.49861893268229
3571020,35.71.02,2018,1071977.851,8800642153.0,93811.7378210211,8.75127575942995,2396962.177266,7201302021.65614,84860.48563174819,3.54033478027346
3571020,35.71.02,2019,1240607.517,10905661831.0,104430.17682164481,8.417664361261872,2277914.4214929664,11062783532.56576,105179.76769591079,4.617371342114556
3571020,35.71.02,2020,1487104.065,14159571019.0,118993.99572667522,8.001726209165815,2744525.3787868395,16485602628.052397,128396.27186196801,4.67826870373933
3571020,35.71.02,2021,1791906.274,19954905793.0,141261.83416974312,7.883327170589678,3809547.9836143763,19610760972.3224,140038.42677037755,3.6759853760265178
3571020,35.71.02,2022,1938190.293,118000000000.0,343511.2807463534,17.723300028226557,4357235.536330693,107267431341.35643,327517.0703052841,7.5166253367402796
3571020,35.71.02,2023,2130397.054,228000000000.0,477493.45545253286,22.413355038958517,4803436.072845662,241244069118.6044,491166.03009430977,10.225305857007735
3571020,35.71.02,2024,1823808.006,33760870584.0,183741.31430900347,10.074597419494138,6019775.66773721,36051660119.5605,189872.74717441812,3.1541498828940564
3571020,35.71.02,2025,1457549.324,10645585551.0,103177.44691065,7.078830555627221,1655395.099812523,11220555611.035313,105927.12405722773,6.398902840127062
3571030,35.71.03,2018,898967.9885,5104027337.0,71442.47571998047,7.9471657093360974,1376976.6224067376,5624273795.603298,74995.15848108662,5.446363958598434
3571030,35.71.03,2019,941471.7684,3871669332.0,62222.73966967382,6.6090924612024535,1195194.6210002864,4110783989.356389,64115.3958839559,5.36443142877402
3571030,35.71.03,2020,1106090.669,5827222709.0,76336.24767435192,6.901445768760203,1332994.3670833483,6012479605.101148,77540.18058465654,5.816992366915844
3571030,35.71.03,2021,1325810.651,7091628994.0,84211.81029998108,6.351722264145628,1796566.198084735,6761905013.289789,82230.80331171397,4.5771095659808
3571030,35.71.03,2022,1368211.668,11462202128.0,107061.6744124619,7.824935053284598,2144447.8186514582,15509118964.131105,124535.61323625907,5.807351065066886
3571030,35.71.03,2023,1245122.922,8834809007.0,93993.66471736273,7.548946618570302,2111966.935198884,8592864408.01226,92697.70443766264,4.389164569422262
3571030,35.71.03,2024,1133256.121,5700886253.0,75504.2134784543,6.66259039587877,2454327.449761545,4949837786.571466,70355.08358726799,2.866572819943137
3571030,35.71.03,2025,1477975.99,13723646066.0,117147.96654658586,7.9262428712787045,1007272.5300567856,15121203795.314642,122968.30402715426,12.208047013872388
3572010,35.72.02,2018,1268807.596,17073940157.0,130667.28801425398,10.298432041721004,1018257.045499505,18917850095.946213,137542.17569875144,13.50760854606022
3572010,35.72.02,2019,1166689.958,9559831423.0,97774.39042510057,8.380494728240437,928238.7548248828,10192286717.31048,100956.85572218699,10.876173311814915
3572010,35.72.02,2020,1309001.08,9428903274.0,97102.53999767463,7.418064162152915,998484.218877869,8705065085.975378,93300.93829096992,9.34425767848637
3572010,35.72.02,2021,1402555.97,7620304642.0,87294.35630096598,6.223948146680092,1716734.304724953,9799117146.624056,98990.49018276481,5.766209128012072
3572010,35.72.02,2022,1449908.935,14757861587.0,121481.93934490839,8.378590986813139,1495738.9865432375,16568591480.076279,128719.04086061346,8.60571543689535
3572010,35.72.02,2023,1715466.847,24816305409.0,157531.918699037,9.183034867419796,1489664.1979003886,25712791435.96493,160352.0858485007,10.764310914802772
3572010,35.72.02,2024,1605286.713,17201543438.0,131154.65465624924,8.170170075795628,1807760.4600774145,15145812175.86174,123068.32320244613,6.8077782383389405
3572010,35.72.02,2025,1624836.872,15216877600.0,123356.70877581,7.591944206926515,886275.1057852521,13464406884.120493,116036.23091138601,13.092574772093627
3572020,35.72.01,2018,1156053.944,5647324839.0,75148.68487871229,6.500447947843539,1392011.9517629526,6116260922.917916,78206.52736771987,5.618236773662253
3572020,35.72.01,2019,1199828.649,4556627882.0,67502.7990678905,5.626036611490388,1258887.0478310343,3916199757.6070933,62579.54743849698,4.97102162948747
3572020,35.72.01,2020,1396330.54,9091782197.0,95350.83742159793,6.828672344414806,1463900.6048721815,9471064779.31162,97319.39569947822,6.647951054571463
3572020,35.72.01,2021,1436298.085,8721416414.0,93388.52399518904,6.502029416490453,2531523.954323769,9431820306.519165,97117.55920799887,3.83632787839613
3572020,35.72.01,2022,1580741.946,48934298736.0,221210.98240367725,13.994123643232356,2426465.5849714354,48450415959.32174,220114.5519026894,9.071406298362175
3572020,35.72.01,2023,1574028.613,25401921119.0,159379.80147747707,10.125597473968986,2427265.296680482,25407730895.96301,159398.02663760618,6.566980002375441
3572020,35.72.01,2024,1250310.947,13789323910.0,117427.95199610696,9.39189985322163,2821802.304646515,14201952878.794409,119171.94669381889,4.223256409479313
3572020,35.72.01,2025,1495514.411,16087644843.0,126837.07992144884,8.481167348741037,931507.4492827372,18931181785.601818,137590.6311694289,14.77074942077747
3572030,35.72.03,2018,1636521.083,13014124291.0,114079.46480852722,6.970852132219503,2366556.866721437,13830314917.517462,117602.35931951986,4.969344323529523
3572030,35.72.03,2019,1390909.319,15655050975.0,125120.14615960133,8.995564588607184,1574087.4028455822,16036598398.199461,126635.6916441785,8.045022875810503
3572030,35.72.03,2020,1400424.336,9164632935.0,95732.0893692392,6.835934431322194,1535645.8006494192,10018005299.959646,100089.9860123861,6.517778121104385
3572030,35.72.03,2021,1887218.382,44944337601.0,212000.79622727836,11.233506320694495,1960517.3670426356,46769852661.76835,216263.38724289034,11.030934531792253
3572030,35.72.03,2022,1454156.516,17624671495.0,132757.9432463459,9.129549796436487,2447352.776504058,17799233160.061497,133413.76675613914,5.4513500479777655
3572030,35.72.03,2023,1590037.538,24577294501.0,156771.47221672698,9.859608246351161,2089739.8279122892,22483564082.455147,149945.20359936543,7.175304867934925
3572030,35.72.03,2024,1521880.104,20952948633.0,144751.33378660108,9.511349376744404,2498988.3011966697,21600233119.754997,146970.17765436292,5.881187102155882
3572030,35.72.03,2025,1746590.702,17114736654.0,130823.30317646012,7.490209528005383,1402062.5007010698,17565850628.43334,132536.22383497027,9.452946909905837
3573010,35.73.03,2018,1244817.645,14956191358.0,122295.50833125475,9.824371370575708,5281895.6588069955,14109459475.138838,118783.24576782214,2.248875279650097
3573010,35.73.03,2019,1442581.885,19237648377.0,138699.8499530551,9.614695109876212,6456060.733429668,18966075964.776585,137717.37713439282,2.133148723668108
3573010,35.73.03,2020,1604320.641,44014313070.0,209795.88430186137,13.076929819408923,7835175.248241372,42214905392.57569,205462.66179667704,2.622310992249902
3573010,35.73.03,2021,1417819.867,7243806503.0,85110.55459224783,6.002917336201202,22218515.282463025,8080610459.05187,89892.21578675136,0.4045824603667505
3573010,35.73.03,2022,1493663.193,41669071846.0,204130.03660902038,13.666403347533004,12397160.956402682,41222624351.75482,203033.55474343355,1.637742346473078
3573010,35.73.03,2023,1659385.449,34624240736.0,186075.90047074878,11.213542976581131,11591168.062036062,32189172868.48157,179413.41329031554,1.5478458454755633
3573010,35.73.03,2024,1551889.957,34736509791.0,186377.33175201324,12.009700231084958,13926623.15934112,33511232523.909176,183060.73452247801,1.3144660584837622
3573010,35.73.03,2025,1608112.006,13259383954.0,115149.39840919708,7.16053346903481,2593036.44035858,12870133820.955223,113446.6122057209,4.375048897887175
3573020,35.73.04,2018,1489069.834,28344460834.0,168358.13266367622,11.306261722556405,6821993.463996459,30457469336.94725,174520.68455328513,2.5582065634382394
3573020,35.73.04,2019,1347157.959,13812684001.0,117527.3755386378,8.724097627413995,4830272.3946558945,15439487627.233025,124255.7347860976,2.5724374245140162
3573020,35.73.04,2020,1255043.178,35160904245.0,187512.41090925154,14.940713928907673,4189601.897800513,32669538624.19071,180747.16767958138,4.314184786255499
3573020,35.73.04,2021,1453871.57,12683760388.0,112622.20202073835,7.7463652460539105,5815046.369011755,12890898251.031763,113538.09163021792,1.952488156160882
3573020,35.73.04,2022,1667396.886,38067851358.0,195109.84433902867,11.701463879249962,10245311.886742504,39688740074.17729,199220.33047401888,1.9445023506977002
3573020,35.73.04,2023,1949248.031,90284820397.0,300474.32568690454,15.41488414549049,13674298.785189642,111341565388.5455,333678.8356916655,2.440189737941563
3573020,35.73.04,2024,2013430.585,208000000000.0,456070.1700396552,22.651397740620652,20867413.999424987,173919224530.87216,417036.2388700437,1.9985046488344718
3573020,35.73.04,2025,1594494.204,20646468095.0,143688.78903728016,9.011559193932333,2132807.6199623914,21519197808.507347,146694.232362787,6.877987071584718
3573030,35.73.02,2018,1270413.144,14372531006.0,119885.4912239175,9.436732592867246,5051373.440420509,14395018141.649912,119979.24046121442,2.3751805697269246
3573030,35.73.02,2019,1571575.374,51266193953.0,226420.39208737362,14.40722448526822,4039588.0217882246,52504444685.89795,229138.4836423117,5.672323078650923
3573030,35.73.02,2020,1792409.971,61235016681.0,247457.1006881799,13.805831516889052,4469682.221251301,67560402522.05118,259923.83984938968,5.8152644188790505
3573030,35.73.02,2021,1878919.204,66389293295.0,257661.19866017855,13.71326654768592,7965168.271063296,74738510627.77386,273383.44980589784,3.432236966029633
3573030,35.73.02,2022,1765253.92,154000000000.0,392428.33740697167,22.23070193816489,7016406.241365811,171896091640.69577,414603.53548986505,5.9090583017490514
3573030,35.73.02,2023,2197273.902,355000000000.0,595818.7643906493,27.116271842501018,7354956.895847143,369914788197.32135,608206.2053262211,8.269337454168287
3573030,35.73.02,2024,1678132.508,105000000000.0,324037.034920393,19.309383101491832,9286696.52943473,112253673643.2776,335042.79374921287,3.607771533044878
3573030,35.73.02,2025,1289296.617,6261584242.0,79130.17276614528,6.1374684244708035,2517789.304858556,6130959125.434168,78300.44141276706,3.10988855428337
3573040,35.73.01,2018,1411615.839,32718962959.0,180883.8383023757,12.813956411151867,3581921.672743757,25575721475.23246,159924.1116130787,4.46475736278668
3573040,35.73.01,2019,1527571.171,28068920994.0,167537.81959306978,10.967595014469527,4346046.362514621,31298745466.37751,176914.51457237054,4.070700121800078
3573040,35.73.01,2020,1500691.334,17880842216.0,133719.26643531965,8.910511002878867,4823093.230890604,17929563894.671593,133901.32148217058,2.7762540567237832
3573040,35.73.01,2021,1866698.862,42769277240.0,206807.34329322062,11.078773738129629,6251508.471038808,52489945501.76346,229106.84298327594,3.6648249625614833
3573040,35.73.01,2022,2062657.775,94667519368.0,307680.87260666693,14.916719406187823,6736232.511857775,94266391742.10402,307028.324006278,4.557864109735179
3573040,35.73.01,2023,1913903.244,79585291433.0,282108.6518223076,14.739964139080982,7607733.734496159,79740595993.89412,282383.7743105898,3.711798863703152
3573040,35.73.01,2024,1701146.938,38157631033.0,195339.78353883777,11.482828389209832,8478436.469847402,40068303143.61964,200170.68502560418,2.360938667612696
3573040,35.73.01,2025,2360377.92,75892215208.0,275485.41741442506,11.671241926141432,2540796.4244751236,61758508673.977165,248512.59258632583,9.780893510099434
3573050,35.73.05,2018,2531224.415,96296917609.0,310317.44651082705,12.25957859255348,12017570.911439758,103821351395.25613,322213.2079776621,2.681184162357978
3573050,35.73.05,2019,2124925.438,28561528871.0,169001.56469985715,7.953293874580513,11355787.130703434,27854069142.704517,166895.38382682882,1.469694543459538
3573050,35.73.05,2020,2524691.53,83411902164.0,288811.1877403644,11.4394643586563,10496762.32376786,91202318225.86566,301997.21559290186,2.877051097071031
3573050,35.73.05,2021,2426412.795,50176796216.0,224001.77726080656,9.231808277733986,12586543.93916747,45822229028.59834,214061.27400489408,1.7007152641700707
3573050,35.73.05,2022,2441102.457,53638533137.0,231599.94200560587,9.487514190216796,12778667.942774724,43946490629.81599,209634.1828753507,1.6405010585933677
3573050,35.73.05,2023,2493442.295,64075789339.0,253131.96032701994,10.151907699432842,13033459.699183967,53540075285.59824,231387.28419167342,1.7753327936876249
3573050,35.73.05,2024,2866104.093,109000000000.0,330151.4803843836,11.519172705231666,14587672.230159823,112119195531.84743,334842.04564517795,2.2953768110644575
3573050,35.73.05,2025,2742952.927,83287472369.0,288595.6901428017,10.521350450532237,5122180.730857059,82841532704.17651,287822.05041340477,5.619131099367622
3574010,35.74.01,2018,1191972.612,9386812971.0,96885.56637084804,8.128170512935245,1387025.266637434,10824985352.525671,104043.1898421308,7.501174805154252
3574010,35.74.01,2019,1370238.423,40060380199.0,200150.89357532232,14.607012196980431,882097.2547840116,43009348551.92855,207386.95366856747,23.51066762126448
3574010,35.74.01,2020,1342929.381,20801796767.0,144228.28005283847,10.739826091632622,1107863.6881401972,17628471236.26038,132772.25326196878,11.984529747053756
3574010,35.74.01,2021,1400779.715,7874537993.0,88738.59359376843,6.33494279246958,1945751.7094513467,7322503393.301189,85571.6272680448,4.397869823389432
3574010,35.74.01,2022,1541861.602,36506993977.0,191068.03494305373,12.392035361358829,1570122.8203720907,36668804129.78987,191491.00273848342,12.195925073753372
3574010,35.74.01,2023,1947881.531,80748602167.0,284162.98521623114,14.58830943739931,1439552.535349256,81258886402.59322,285059.4436299089,19.801947940771015
3574010,35.74.01,2024,1851141.306,39632586500.0,199079.3472462676,10.75441116250839,1728019.920565051,41254046117.71732,203110.92072490175,11.753968707634217
3574010,35.74.01,2025,1766043.801,14252010930.0,119381.78642489816,6.759842896155788,1396834.1434211123,16194749068.82798,127258.59133601935,9.110501195534844
3574011,35.74.05,2018,1028655.977,7924048728.0,89017.1260376339,8.653731473689177,1107617.7604067347,7798532688.833468,88309.30125889044,7.9729040482758124
3574011,35.74.05,2019,1025652.511,15822574808.0,125787.81661194378,12.264174782675862,980739.8942387684,14711338394.424395,121290.30626733694,12.367224682083537
3574011,35.74.05,2020,1001460.535,9716913745.0,98574.40715013203,9.843064574694601,1072217.0930788207,8359078208.772028,91427.99466668854,8.527004023425645
3574011,35.74.05,2021,1427494.886,27110055322.0,164651.31436462936,11.534284008960672,1201013.5517226325,26373939320.74646,162400.5520949558,13.521958337774137
3574011,35.74.05,2022,1284829.166,31692744239.0,178024.5607746302,13.855893490405883,1409225.9809722228,33551576805.449287,183170.8950828414,12.997978859038072
3574011,35.74.05,2023,1514501.753,86120664092.0,293463.22442854743,19.37688245307349,1270744.3602334247,86846059609.14482,294696.5551362025,23.190860755193064
3574011,35.74.05,2024,1392762.258,68192235796.0,261136.4313840564,18.749533876589037,1491180.144814317,73433447527.06842,270986.065189833,18.17259075854825
3574011,35.74.05,2025,1666882.637,15759695794.0,125537.62700481477,7.53128170023735,1113367.090709772,14898058253.56821,122057.602194899,10.962925275354351
3574020,35.74.02,2018,1085902.475,35768664802.0,189126.05532289832,17.41648625700925,858750.990898235,43280351869.522385,208039.30366525069,24.22580071175767
3574020,35.74.02,2019,1130586.95,7618882488.0,87286.210182365,7.720433194666275,819233.2072088991,8066806350.712522,89815.40152285977,10.96334971928908
3574020,35.74.02,2020,1100752.324,7309707668.0,85496.82840901175,7.7671267682021945,901606.6684367259,7580204677.69306,87064.37088552963,9.65658018440441
3574020,35.74.02,2021,1181092.548,3604905047.0,60040.86147783024,5.083501845769859,1116015.9872432542,3968156625.1840205,62993.30619346805,5.6444806269372565
3574020,35.74.02,2022,1143484.501,11301162494.0,106306.92589855094,9.296752671818762,1118362.6198987623,11102796245.661745,105369.80708752268,9.421792646919931
3574020,35.74.02,2023,1110427.033,21280379109.0,145877.95964092726,13.137104492747634,1067063.3990446322,21781960923.86288,147587.12993978465,13.831149121216507
3574020,35.74.02,2024,1323946.943,22748426139.0,150825.81390133454,11.392134307102255,1193941.4791263968,20765770182.159576,144103.3316136708,12.06954730470632
3574020,35.74.02,2025,1501674.807,11413220869.0,106832.67697198268,7.114235150911917,905593.4906715456,11252979172.90042,106080.06020407614,11.713871764406363
3574030,35.74.03,2018,1418972.911,7720219410.0,87864.77912110176,6.192139288915696,1366792.836494392,7925575149.856981,89025.69937864562,6.513474244347263
3574030,35.74.03,2019,1329145.974,7854242190.0,88624.16256303921,6.667752398657095,1613757.0482840142,8069450073.625466,89830.11785378814,5.566520558302679
3574030,35.74.03,2020,1206261.622,10894494678.0,104376.69604849542,8.652906976799716,1770684.0804975226,10980256633.68895,104786.71973913941,5.917866484104645
3574030,35.74.03,2021,1487809.584,11548413193.0,107463.54355315109,7.222936638452995,1575217.16428664,9991352010.307991,99956.75069902978,6.345585419283864
3574030,35.74.03,2022,1355641.434,17824052843.0,133506.75205022402,9.84823484306574,1776814.7973738685,17275685234.759098,131437.00101097522,7.397338271002642
3574030,35.74.03,2023,1275378.26,10318589763.0,101580.45955300656,7.964731933960248,1646914.0557803207,9249800022.735407,96175.8806704436,5.839763182109386
3574030,35.74.03,2024,1404349.839,31312501736.0,176953.38859711052,12.60037803138243,1756154.2695679043,30955280373.32666,175941.12757774023,10.018546242012665
3574030,35.74.03,2025,1553981.719,14895777632.0,122048.25943863354,7.853905740742729,1475378.6941037867,14372734069.062874,119886.33812517118,8.125801098001872
3574031,35.74.04,2018,1302040.135,27347925153.0,165372.08093568878,12.700997188207932,1587057.0805554364,27195424725.718803,164910.353603765,10.390952891628185
3574031,35.74.04,2019,1291878.817,14505566649.0,120439.05782178802,9.32278292955306,1487116.4564927267,11558214934.049597,107509.13883968003,7.229369184255669
3574031,35.74.04,2020,1283223.223,22331068369.0,149435.8336176434,11.645349845546194,1598825.3144652694,25829052064.42305,160714.19372421046,10.052017082176464
3574031,35.74.04,2021,1548543.923,9110570919.0,95449.31073087956,6.163810358440802,1763772.0833300783,9451687786.646233,97219.79112632485,5.51203820749729
3574031,35.74.04,2022,1476199.308,25293263504.0,159038.55980233222,10.773515401372363,1864626.1948965087,28370031716.36448,168434.05747165412,9.033127279486846
3574031,35.74.04,2023,1421517.785,12032996323.0,109695.01503258933,7.716752909467772,1797008.04050777,12857303327.816174,113390.04950971744,6.30993556810561
3574031,35.74.04,2024,1386943.385,19825870205.0,140804.36855793928,10.152135269597848,1891916.358916597,24210371228.57805,155596.82268149967,8.22429712329365
3574031,35.74.04,2025,1550613.399,7552998468.0,86907.9885165915,5.604748970480907,1584107.7753248836,7567239584.724013,86989.88208248137,5.491411849464641
3575010,35.75.01,2018,873447.1086,1447535003.0,38046.48476534987,4.35590024750697,1273586.484289573,1424365477.7176695,37740.76678762197,2.9633454228021567
3575010,35.75.01,2019,1112085.536,7547082288.0,86873.94481661345,7.8118042186831795,908326.0841804066,7025503369.39986,83818.27586749718,9.227773739771813
3575010,35.75.01,2020,1278259.406,12638993628.0,112423.27885273584,8.795028483657866,1020884.3792459996,13461098541.555557,116021.9743908694,11.364849609762901
3575010,35.75.01,2021,1704362.727,65958770125.0,256824.39550206283,15.068646564110344,1448094.1025002552,57745704572.697365,240303.3594702691,16.59445743583689
3575010,35.75.01,2022,1405405.649,23147566723.0,152143.24409253275,10.825575107143514,1618906.358675721,23271488315.179756,152549.95350762896,9.42302516078917
3575010,35.75.01,2023,1403517.78,14452273553.0,120217.60916354974,8.565449677705525,1406168.973047773,16649629342.866125,129033.44273042599,9.17624021036071
3575010,35.75.01,2024,1504704.009,14220471563.0,119249.6187121787,7.92512135269912,1575488.5020400998,15983759750.999146,126426.89488791199,8.024615522373017
3575010,35.75.01,2025,1572800.259,11147811200.0,105583.19563263844,6.71307084472183,1256955.1856709525,12056847443.449995,109803.67682117932,8.735687482968377
3575020,35.75.02,2018,1461824.793,20331496987.0,142588.55840143695,9.754148314095323,1930729.8293500147,17131575130.72645,130887.64315521329,6.779179622416512
3575020,35.75.02,2019,1123001.828,9544805331.0,97697.51957444979,8.699675916685132,1666839.4982508034,9111266310.09601,95452.9533859273,5.726583362471102
3575020,35.75.02,2020,1310186.542,9132163364.0,95562.35327784682,7.29379750245113,1473992.4179787906,7727313195.171308,87905.13747882604,5.963744209713494
3575020,35.75.02,2021,1433552.321,10876244829.0,104289.236400503,7.274881765581753,2277556.36116947,12022579069.741508,109647.52194984394,4.814261627911706
3575020,35.75.02,2022,1691864.295,36225556023.0,190330.12379284578,11.24972755529697,2327396.694583983,31089199751.631573,176321.29693157197,7.575902180401137
3575020,35.75.02,2023,1714302.926,37080205160.0,192562.21114226955,11.232682871957575,2556387.4991608397,30504624065.491337,174655.73012498426,6.832130503779915
3575020,35.75.02,2024,1761662.874,26468501627.0,162691.4307116389,9.235105826021904,2778704.937885831,28607108056.39832,169136.35935658045,6.08687727331234
3575020,35.75.02,2025,1781628.187,41942195394.0,204797.93796325196,11.49498753205637,1058359.2951660142,40290446043.04047,200724.80176360984,18.96565775728593
3575030,35.75.03,2018,1314721.906,14652474130.0,121047.40447444546,9.20707291192313,1449810.9410234145,13912823280.662148,117952.63151223947,8.13572502280727
3575030,35.75.03,2019,1271376.452,33877110342.0,184057.35612031375,14.477014721389047,1090905.178796485,37565299972.116325,193817.69777839258,17.766686009522598
3575030,35.75.03,2020,1290800.807,31846917808.0,178457.0475156417,13.825297175820692,1078910.5293137145,29496819690.47441,171746.38188466858,15.918500859743666
3575030,35.75.03,2021,1254489.949,24223172487.0,155637.95323442158,12.406472714945728,748752.3965243184,25508426704.240128,159713.57708172506,21.330626495903015
3575030,35.75.03,2022,1415521.124,30290656085.0,174042.11009120752,12.29526759723633,1297771.777123737,24933099057.62816,157902.18192801566,12.167176441298151
3575030,35.75.03,2023,1372887.481,32077510448.0,179101.95545554493,13.045639787252524,1464763.1266817837,31197515282.89707,176628.18371623787,12.058481026646565
3575030,35.75.03,2024,1692264.186,39189686805.0,197963.85226853917,11.69816473729588,1834755.554143342,41773219889.85335,204384.9796092006,11.139629971286782
3575030,35.75.03,2025,1975416.57,174000000000.0,417133.0722922842,21.11620802554492,1052766.067263899,180920097641.27856,425347.0320118368,40.402806021027864
3575031,35.75.04,2018,978663.3887,3991202354.0,63175.963419642445,6.455331235345561,1437558.0893062416,4230959252.231766,65045.824248999765,4.524744059587224
3575031,35.75.04,2019,1038959.82,5104787750.0,71447.79737682611,6.876858565793826,1122686.2742242783,5055376199.285415,71101.16876173987,6.333128888644099
3575031,35.75.04,2020,1029224.91,3399873842.0,58308.43714249251,5.665276517888836,1440311.3257930845,3268093441.9251795,57167.24098577068,3.9690891796808203
3575031,35.75.04,2021,1268722.472,7109145829.0,84315.75077647118,6.645720607719414,2107223.7664182927,7090529435.809844,84205.28151968762,3.996029413753894
3575031,35.75.04,2022,1653097.167,91777450442.0,302947.9335496448,18.32608146679165,2465216.0496284524,93914432398.69101,306454.6171926457,12.431146440038523
3575031,35.75.04,2023,1537134.193,115000000000.0,339116.4991562634,22.06160663789641,2607931.8644369277,120984970502.64404,347828.9385641224,13.337347624272436
3575031,35.75.04,2024,1327694.208,56997265086.0,238741.0000104716,17.981625480622085,2814516.2952821176,62848046718.52251,250695.12703385862,8.907218887099383
3575031,35.75.04,2025,1625862.326,16312384586.0,127719.94592075273,7.855520352388849,744492.4453547669,16035261703.108454,126630.4138155935,17.008958869320875
3576010,35.76.01,2018,1037648.812,4575799640.0,67644.6571430442,6.519031907593432,876306.5982093991,4095573626.098258,63996.66886720166,7.302999771765868
3576010,35.76.01,2019,967146.2424,5083071749.0,71295.66430716527,7.371756326141858,957288.3256427543,5236793217.157496,72365.69088426846,7.559445670214332
3576010,35.76.01,2020,1163355.012,5941922209.0,77083.86477726711,6.625996706263135,1011317.616518944,5487011653.125825,74074.36569506231,7.324540231983069
3576010,35.76.01,2021,1341121.119,6903723460.0,83088.64820178506,6.195461917991396,1159200.9506434598,5683070222.2620945,75386.14078371497,6.5032849344946575
3576010,35.76.01,2022,1464987.259,21639226067.0,147102.77382496904,10.041232298865271,1365202.3504173507,21618032170.089394,147030.71845736657,10.769884655737547
3576010,35.76.01,2023,1458877.572,14602066077.0,120839.00892096062,8.283012313041484,1289601.5616571289,16628873156.278837,128952.98816343435,9.999444169230896
3576010,35.76.01,2024,1451279.824,11246122628.0,106047.73749590323,7.307187472889669,1580150.0852993028,11922898265.597063,109192.02473439653,6.910231233744738
3576010,35.76.01,2025,1522587.225,26332078059.0,162271.6181561027,10.65762377955737,1332407.6582396452,21859578999.101864,147849.85288833352,11.09644274213121
3576020,35.76.02,2018,1420360.614,16353996028.0,127882.74327680025,9.003540510508708,1297855.849475455,15095873875.121077,122865.26716334879,9.466788412057191
3576020,35.76.02,2019,1515271.635,6268375694.0,79173.07429928434,5.225008669767935,1509348.5765649772,6700926956.537501,81859.18981114766,5.423478120438247
3576020,35.76.02,2020,1493367.188,16428179680.0,128172.46069261525,8.582782702241563,1765525.801407455,13324294303.238928,115430.90705369567,6.538047020421656
3576020,35.76.02,2021,1536380.746,5550204965.0,74499.69775106474,4.849038751951708,1606222.5889336108,5698409282.268482,75487.80883207885,4.699710323598179
3576020,35.76.02,2022,1635447.529,15472678884.0,124389.22334350352,7.605821717775423,1786655.8618317654,12642318168.463808,112438.06369937099,6.293213265149681
3576020,35.76.02,2023,1613050.407,7298501596.0,85431.26825700296,5.296255336241514,1712375.6736369322,7799672097.1557255,88315.75225946799,5.157498650508931
3576020,35.76.02,2024,1728421.157,16452025174.0,128265.44809105841,7.420960312340033,2048267.0126324012,21053189387.67964,145097.1722249598,7.083899283154649
3576020,35.76.02,2025,1691000.508,16766009795.0,129483.62751714983,7.657219906473845,1437608.4545158078,17601819306.41634,132671.848206077,9.228649691738312
3576021,35.76.03,2018,1225328.893,12803661686.0,113153.26635144034,9.234522012649574,1247311.556959501,12917429845.23,113654.87162999217,9.111987377639798
3576021,35.76.03,2019,1348829.379,17598786014.0,132660.41615342535,9.83522587947911,1186111.549776429,21113782128.56291,145305.82276207278,12.250603477342546
3576021,35.76.03,2020,1553938.426,16504839558.0,128471.16235949607,8.267455145580914,1340934.5016514044,16629813102.688322,128956.63264325849,9.616922562917443
3576021,35.76.03,2021,1800771.935,28046756133.0,167471.657700639,9.29999265568513,1683640.9430042594,24050362206.847076,155081.79199005626,9.2110965009755
3576021,35.76.03,2022,1992053.366,29567115797.0,171950.91100950877,8.631842597409047,1801965.0757123483,32377891417.029007,179938.57678949504,9.985686138692904
3576021,35.76.03,2023,1820488.478,18456210923.0,135853.63787179202,7.462482707995037,1710729.7912063412,17409187965.568775,131943.8818800204,7.712724859194661
3576021,35.76.03,2024,1825191.759,29315303498.0,171217.1238457182,9.380774540617361,1956248.25671827,25871875289.86115,160847.36643744327,8.222236921364718
3576021,35.76.03,2025,1725468.021,23123377606.0,152063.7287652779,8.812897539367256,1781346.1658955198,26507639837.234623,162811.66984351774,9.139810832987024
3577010,35.77.02,2018,1388588.858,18691264414.0,136715.99911495362,9.84567882187008,1250199.8057098242,16822502125.63862,129701.58875526013,10.374468797939034
3577010,35.77.02,2019,1346541.617,19236779726.0,138696.71851201094,10.300217740096103,1447673.7332007526,16767223487.166548,129488.31409500452,8.944578541789985
3577010,35.77.02,2020,1581353.018,54806322288.0,234107.5015628504,14.80425299715401,1656861.933084832,55963879851.84433,236566.86127148985,14.278006908580327
3577010,35.77.02,2021,1574592.986,7484954947.0,86515.63411892674,5.494476025750996,1877383.8658204486,7887556128.66858,88811.91433962327,4.7306209431394555
3577010,35.77.02,2022,1475682.19,16347891158.0,127858.87203475556,8.664390808616831,1892379.3227544262,15088404720.493242,122834.86769029892,6.49102778778561
3577010,35.77.02,2023,1708493.445,31095055850.0,176337.90247703413,10.321251333629444,1701781.1417764483,31582227683.693226,177713.89277063633,10.442817140700306
3577010,35.77.02,2024,1627986.805,25200522686.0,158746.7249614933,9.751106364863524,2235295.370346743,24162304084.03029,155442.28537959125,6.9539930803631895
3577010,35.77.02,2025,1460440.411,6717713840.0,81961.66079332458,5.612119479575575,1575020.3576185314,5740340020.431663,75765.03164674099,4.810416022895065
3577020,35.77.03,2018,1455866.558,25241827021.0,158876.76677538475,10.912866011129625,2049877.0141279863,28827287343.577126,169786.00455743438,8.282741032132652
3577020,35.77.03,2019,1526701.845,23047932660.0,151815.45593252356,9.944014702656206,1767798.437471178,23683008084.640606,153892.8461126137,8.705338960065847
3577020,35.77.03,2020,1426847.395,10600258687.0,102957.55769733468,7.215737159987924,1863371.192495576,13965519436.564844,118175.79886154713,6.342042816669105
3577020,35.77.03,2021,1647504.807,16952476273.0,130201.67538476607,7.902961789947971,1801218.074096643,18487737557.65069,135969.61998053346,7.548759472043701
3577020,35.77.03,2022,2005270.836,50937545927.0,225693.4778122753,11.255012228795778,2169550.253665463,53956106534.15148,232284.53787144655,10.706575589986954
3577020,35.77.03,2023,2142803.241,63432139621.0,251857.37952460317,11.753640031226888,2150556.2567444057,70848384571.92189,266173.5985628963,12.376965156254043
3577020,35.77.03,2024,2242929.021,119000000000.0,344963.7662132068,15.380057192331758,2558400.212456472,143068425581.77673,378243.87051448267,14.784390208884021
3577020,35.77.03,2025,1990987.741,38634097169.0,196555.5828995961,9.872264848847008,2399795.773927881,39295361413.219826,198230.57638321043,8.260310253766107
3577030,35.77.01,2018,1547424.655,8171478897.0,90396.23275889322,5.841721111706937,1339478.3335137856,8823146410.57947,93931.60496116028,7.012551275447231
3577030,35.77.01,2019,1419573.926,22684425411.0,150613.4967756874,10.609767763210339,1334512.8044560996,22022039168.987762,148398.24516815474,11.120031570520347
3577030,35.77.01,2020,1741389.475,19137163371.0,138337.13663004595,7.944066426038663,1438360.3467488484,20395589787.259647,142813.12890368185,9.928883900789181
3577030,35.77.01,2021,1733055.747,11499862844.0,107237.41345258192,6.187764798577015,1787156.647307287,11233586391.30258,105988.61444184739,5.930572152225193
3577030,35.77.01,2022,1916230.058,59872739599.0,244689.06718323156,12.769294905989392,1642378.3334563475,60976502619.298904,246934.2070659691,15.035159806711631
3577030,35.77.01,2023,2193134.421,55855272487.0,236337.20081062143,10.776229607616077,1653730.507962288,47141334297.27849,217120.55245249928,13.129137511046663
3577030,35.77.01,2024,2199369.151,67409993723.0,259634.3461928718,11.804946253557405,2039536.9235997868,80418862502.053,283582.1970823503,13.904244331199807
3577030,35.77.01,2025,2108277.476,49269788276.0,221967.9893047644,10.528404910244577,1438342.5929889283,59804010058.99229,244548.58425063983,17.002109611623123
3578010,35.78.01,2018,1997859.845,105000000000.0,324037.034920393,16.219207555092186,1677818.8572182108,80341132446.80875,283445.1136407342,16.89366598910924
3578010,35.78.01,2019,1728424.741,129000000000.0,359165.6999213594,20.779944385288076,1494617.2038233762,124124401556.28297,352312.93129302387,23.57211802405145
3578010,35.78.01,2020,2051901.128,179000000000.0,423083.91602612357,20.61911805850538,1405229.889654854,179470436388.5118,423639.512307943,30.147345671105484
3578010,35.78.01,2021,1537533.734,2764270742.0,52576.33252709816,3.419523836418028,1519742.7341852442,2745553700.22668,52398.03145373574,3.4478224685724244
3578010,35.78.01,2022,1600757.975,17628892910.0,132773.8412112868,8.294435716385346,1475905.145112164,19745825250.316097,140519.83934774512,9.520926179647274
3578010,35.78.01,2023,2396321.898,166000000000.0,407430.97574926727,17.002347476326708,1347290.7456889173,138704583432.65265,372430.6424458823,27.64293035023004
3578010,35.78.01,2024,2484259.953,33773329679.0,183775.21508353623,7.3975839308446245,1994060.8513047253,31451548546.883743,177345.84445902234,8.893702734446842
3578010,35.78.01,2025,2560812.243,235000000000.0,484767.9857416329,18.930243209620304,1646896.0808339464,219688766810.4404,468709.68286396685,28.46018569833648
3578020,35.78.23,2018,1987564.673,92693405300.0,304455.9168418311,15.318038249406495,1526336.5885106681,94644232420.15553,307643.0275825466,20.15564783667612
3578020,35.78.23,2019,1458312.806,20723365117.0,143956.12219353506,9.87141589933587,1364796.6633950926,24424555288.092323,156283.5733149595,11.451051831134002
3578020,35.78.23,2020,3022455.941,3.31e-20,1.819340539866025e-10,6.019411284665687e-15,3727620.000738144,1.2473417386694905,1.1168445454357068,2.9961330425701896e-05
3578020,35.78.23,2021,1981822.546,30165484649.0,173682.13681608136,8.763758247005095,1690871.4225092866,30223629269.908485,173849.44426114362,10.28164779100398
3578020,35.78.23,2022,1763520.392,8379147039.0,91537.68097892802,5.190622200581167,1699579.2521477903,8204312750.182525,90577.66143030259,5.329416755107942
3578020,35.78.23,2023,2437396.45,62716612841.0,250432.85096208923,10.274604730883611,1561800.5707124262,61368527022.98619,247726.718427759,15.861610187192898
3578020,35.78.23,2024,3607664.136,693000000000.0,832466.2155306964,23.074936694458867,2321362.997584848,629093037629.6384,793153.8549547865,34.16759273668038
3578020,35.78.23,2025,5575973.69,9360000000000.0,3059411.7081556707,54.86775724287305,2026184.3763470487,8583968168419.001,2929840.980056597,144.59893256795937
3578030,35.78.22,2018,1981927.021,2.26e-21,4.7539457296018856e-11,2.3986482242939687e-15,2444327.0465139165,1.4999645991907178,1.224730418986447,5.010501441421882e-05
3578030,35.78.22,2019,2187423.858,3.94e-21,6.276941930590087e-11,2.86955905122531e-15,2697768.0013674023,1.3964377006904178,1.1817096516024643,4.380323478532987e-05
3578030,35.78.22,2020,1962481.473,1563045069.0,39535.36478900884,2.0145598994405813,1550607.1910397424,1634219710.2962363,40425.48342687118,2.607074419651332
3578030,35.78.22,2021,4768737.645,479851.0321,692.712806363503,0.014526125317248463,1538660.1926598558,478086.7740044487,691.4381924687475,0.04493767992226211
3578030,35.78.22,2022,4118478.187,115000000000.0,339116.4991562634,8.234024408012809,2668702.7939636176,113565030039.18903,336994.10979895334,12.62763731357444
3578030,35.78.22,2023,7190713.62,10400000000000.0,3224903.09931942,44.84816486572051,2267968.4764120467,9878647899515.355,3143031.641507186,138.5835682548595
3578030,35.78.22,2024,6434404.048,102000000000.0,319374.38845342625,4.9635426384623305,3709515.3427146296,92895891435.5544,304788.2731266976,8.216390686327584
3578030,35.78.22,2025,6155116.984,1.65e-21,4.06201920231798e-11,6.599418358541437e-16,7591156.868559771,1.4044821373831717,1.1851084918197032,1.5611698089497487e-05
3578040,35.78.02,2018,1465874.639,23108080844.0,152013.42323623924,10.370151661805185,1978386.13045254,17861340641.884926,133646.3267055437,6.755320644861838
3578040,35.78.02,2019,2569494.25,321000000000.0,566568.6189686118,22.049810734879514,1408779.4128288426,384700400456.4395,620242.211121139,44.02692184972285
3578040,35.78.02,2020,1718540.083,50015601852.0,223641.6818305568,13.013469051018742,1893072.4625654714,43632840255.598015,208884.75352595272,11.034165762618214
3578040,35.78.02,2021,2641593.433,953000000000.0,976217.1889492625,36.955618406447726,1914613.8793123972,880475701504.4572,938336.6674624077,49.00918548649591
3578040,35.78.02,2022,2142473.759,703000000000.0,838450.9526501833,39.13471281167665,2385665.398278218,664651343840.932,815261.5186803141,34.173338778719945
3578040,35.78.02,2023,4003261.524,2960000000000.0,1720465.0534085254,42.97658404513782,2014899.2377039907,2849753975467.2476,1688121.4338628745,83.7819282609147
3578040,35.78.02,2024,3338622.187,884000000000.0,940212.7418834526,28.16169932448402,3450032.342447085,1059641155431.8085,1029388.7290192216,29.837074753017625
3578040,35.78.02,2025,2736295.86,8216246474.0,90643.51313800673,3.3126356861866073,2313805.5069892607,7336142182.310242,85651.28243237367,3.7017494415001067
3578050,35.78.24,2018,2054115.2,253000000000.0,502991.0535983717,24.48699340710646,1124779.068536038,269240912390.43155,518884.2957639319,46.13210809828533
3578050,35.78.24,2019,2108842.137,154000000000.0,392428.33740697167,18.608710937710725,1257358.0661441095,171145009659.12164,413696.7605132069,32.902064388219536
3578050,35.78.24,2020,1846128.792,158000000000.0,397492.1382870358,21.53111635599451,1281889.8391847687,157747516124.3311,397174.4152438964,30.983506000522137
3578050,35.78.24,2021,1519824.775,1885932750.0,43427.32722606815,2.857390400552468,1550830.5569013546,1922235138.4922957,43843.30209384662,2.827085260781034
3578050,35.78.24,2022,1871767.023,75116351416.0,274073.62407937035,14.64250735863992,1261951.0200181766,81817667499.4972,286037.8777356195,22.666321687469257
3578050,35.78.24,2023,1321165.121,34628633928.0,186087.7049350655,14.085120926763059,1319664.8196878494,32013746843.903305,178923.85767108673,13.55828048166117
3578050,35.78.24,2024,2007271.54,5266135125.0,72568.14125358318,3.615262798653698,1323629.777193326,5373155848.186956,73301.81340312773,5.5379392837897345
3578050,35.78.24,2025,6188849.734,2260000000000.0,1503329.6378372908,24.29093777440373,1594852.6088151948,2646031639463.928,1626662.730704779,101.99454932159628
3578060,35.78.25,2018,2101193.07,3029039578.0,55036.71118444488,2.6193076671647733,1525283.6908741922,2397843272.7113357,48967.777902528265,3.210404608369159
3578060,35.78.25,2019,2921527.414,479000000000.0,692098.2589199311,23.689603445217962,1521245.927867795,514200190362.9574,717077.5344151827,47.13751545880889
3578060,35.78.25,2020,2809136.048,243000000000.0,492950.3017546495,17.548110640836057,1914579.3813939781,190319293223.81253,436255.99505773274,22.78599672060089
3578060,35.78.25,2021,1949551.688,199000000000.0,446094.1604639092,22.881884240860874,2200316.3143368354,174578675839.466,417826.1311113344,18.98936659192409
3578060,35.78.25,2022,1731085.727,342000000000.0,584807.6606885379,33.78270940411595,1861310.6186359315,368689413017.0299,607198.0014929478,32.6220672365763
3578060,35.78.25,2023,2987918.227,1660000000000.0,1288409.8726725127,43.120653739112946,1677778.0914459638,1947991088028.181,1395704.5131503232,83.1876706619443
3578060,35.78.25,2024,2882752.57,734000000000.0,856737.9996241558,29.71944274857262,2691336.1441643653,737750568635.8314,858924.0761766033,31.914410915894386
3578060,35.78.25,2025,3227573.3,589000000000.0,767463.3541739957,23.77834003565452,2076579.0926798335,657901791905.439,811111.454675274,39.05998367866314
3578070,35.78.03,2018,2455804.166,247000000000.0,496990.9455915671,20.237401356031704,2346956.8705297206,269045866119.15372,518696.31396333803,22.100802979232657
3578070,35.78.03,2019,1988272.812,111000000000.0,333166.6249791536,16.756585060579386,3358916.36282382,100029205130.2833,316273.94001131883,9.415951629871168
3578070,35.78.03,2020,2021138.219,126000000000.0,354964.78698597697,17.56261811533123,3607032.648213962,121793391133.58351,348989.09887499857,9.67524092269589
3578070,35.78.03,2021,2287445.128,114000000000.0,337638.86032268265,14.760522829148393,3597857.327254042,103143094286.40805,321158.9859966681,8.926395817973782
3578070,35.78.03,2022,3386739.593,429000000000.0,654980.9157525126,19.33957122378947,3590708.671645243,447961152873.6764,669299.0011001633,18.639746699179973
3578070,35.78.03,2023,3734700.688,288000000000.0,536656.3145999495,14.369459815729938,3987977.820768171,322484315174.2405,567877.0246930585,14.23972374509528
3578070,35.78.03,2024,4033975.214,773000000000.0,879204.1856133307,21.794982343025637,4720185.452092031,709053846564.2755,842053.3513764289,17.8394124536616
3578070,35.78.03,2025,5352387.698,769000000000.0,876926.4507357501,16.383836527077943,3220026.076729924,771000883780.2258,878066.5599943013,27.268926992231563
3578080,35.78.09,2018,2551587.436,304000000000.0,551361.9500836089,21.608585396859933,4248089.569941222,295099320761.9075,543230.4490378898,12.787641128889996
3578080,35.78.09,2019,1835104.12,124000000000.0,352136.3372331802,19.188902329595344,2746923.2555669267,138149494621.11337,371684.6709525608,13.530944856187846
3578080,35.78.09,2020,3081301.315,1200000000000.0,1095445.1150103323,35.55137920714295,2085047.8907172107,1148303384299.0342,1071589.1863484972,51.393984335769574
3578080,35.78.09,2021,1849449.477,10306394149.0,101520.41247453637,5.489223346571926,3180754.7311928975,10674905053.040188,103319.43211729432,3.248267812166259
3578080,35.78.09,2022,1942402.779,9447935821.0,97200.49290512883,5.004136832792743,2556042.2717004465,9802153761.998854,99005.82690932314,3.8734033472559894
3578080,35.78.09,2023,1937863.78,46528770679.0,215705.28662737962,11.131086139985527,2420992.3556318744,53160010020.79528,230564.54632227236,9.523555321681116
3578080,35.78.09,2024,2105600.884,20175456105.0,142040.332669985,6.745833635867005,2751161.404921538,18073650285.390186,134438.27686113128,4.88660085957281
3578080,35.78.09,2025,3056156.622,47515155906.0,217979.71443691727,7.132478514607923,2219518.1776522687,43794422613.4539,209271.17004846584,9.42867565382257
3578090,35.78.26,2018,2914181.275,529000000000.0,727323.8618387273,24.95808576076748,3595898.2763330084,521089482978.8839,721865.2803528397,20.074685791417235
3578090,35.78.26,2019,3369921.48,826000000000.0,908845.4214001411,26.969335243981448,2666816.2951665763,832469841402.3314,912397.8525853354,34.212999757013435
3578090,35.78.26,2020,1433024.801,29015672.11,5386.619729477848,0.37589159138899286,2824654.2019779044,33900629.517568514,5822.424711197948,0.206128761075282
3578090,35.78.26,2021,2855347.266,133000000000.0,364691.65057620936,12.772234569110704,2059816.0085644873,119382222614.59637,345517.32607004873,16.77418393844042
3578090,35.78.26,2022,2293983.405,405000000000.0,636396.1030678927,27.741966296739307,2984419.8211452505,365694254170.5199,604726.5945619722,20.2627857608154
3578090,35.78.26,2023,3179263.425,234000000000.0,483735.464897913,15.21533135927272,2513531.089252178,214321808074.99933,462949.03399294324,18.418273637931375
3578090,35.78.26,2024,3210622.149,832000000000.0,912140.3400793104,28.410080593364466,3202031.785123767,876521605814.5688,936227.3259281471,29.238539426052558
3578090,35.78.26,2025,5943293.233,4540000000000.0,2130727.575266252,35.850958243746675,2818680.878073533,4130232850445.8193,2032297.431589633,72.10101176755543
3578100,35.78.08,2018,2479982.071,120000000000.0,346410.16151377547,13.968252656523964,4455041.950474833,118533799623.84933,344287.37941413035,7.728039000338372
3578100,35.78.08,2019,2316760.846,217000000000.0,465832.5879540846,20.10706408295734,2915760.441713443,190899881126.77478,436920.9094639152,14.984801330494738
3578100,35.78.08,2020,2772191.228,1070000000000.0,1034408.04327886,37.31373336842764,2668318.586267455,1185672821677.2407,1088886.0462313036,40.80794744058199
3578100,35.78.08,2021,2273954.568,63952567120.0,252888.44797657325,11.121086214092438,3425997.235955099,62335941619.16476,249671.66763404445,7.287561852467199
3578100,35.78.08,2022,2870957.891,398000000000.0,630872.4118235002,21.974283001544038,3616053.615924771,379398183181.84534,615953.0689767243,17.033847790976413
3578100,35.78.08,2023,3119847.22,210000000000.0,458257.569495584,14.68846187588583,3812263.210609077,272892267922.65192,522390.91485462483,13.702907852765067
3578100,35.78.08,2024,3347583.107,357000000000.0,597494.7698515862,17.848541791305742,4876379.85170698,300228020889.5621,547930.671608701,11.236423089905466
3578100,35.78.08,2025,2718329.631,57087378057.0,238929.65085355146,8.789576073805874,2836741.3409311012,50642756475.41776,225039.45537486923,7.933026960470238
3578110,35.78.04,2018,2231505.127,330000000000.0,574456.2646538028,25.742995510213895,3115165.3771600276,398991714615.9817,631657.9094858083,20.276866009009954
3578110,35.78.04,2019,1998501.119,3955073482.0,62889.37495316677,3.1468271073390763,5458150.899926183,4146993562.486114,64397.15492540112,1.1798346382521605
3578110,35.78.04,2020,1776359.137,32628938481.0,180634.82078768755,10.16882324217119,6315218.349007794,30698408870.635326,175209.6140930495,2.774403107068773
3578110,35.78.04,2021,1810436.574,18716507716.0,136808.28818459794,7.556646289040223,3149804.7037984654,19999143422.323414,141418.3277454638,4.4897490811072265
3578110,35.78.04,2022,1924962.168,25789227850.0,160590.24830294025,8.34251451652115,4294414.034084405,24796074992.14467,157467.69507471897,3.6668028239687893
3578110,35.78.04,2023,2741732.55,116000000000.0,340587.72731852805,12.42235415407415,3933006.7804222894,111422672838.30014,333800.3487689912,8.487154164863933
3578110,35.78.04,2024,2859041.73,124000000000.0,352136.3372331802,12.316586132276571,5589229.067776133,120045333190.89055,346475.5881601048,6.198987086746151
3578110,35.78.04,2025,2827665.594,75084651902.0,274015.787687498,9.690530176868503,3567449.565498849,68019523328.690994,260805.5277955032,7.310699787259189
3578120,35.78.21,2018,3260687.589,3020000000000.0,1737814.7196982766,53.29595897383215,1642709.251022573,2773704770275.6064,1665444.316173797,101.38399812000034
3578120,35.78.21,2019,2446049.599,50908957454.0,225630.13418867614,9.22426651859058,1991241.4838093945,55249390684.9049,235051.88934553345,11.804288493219895
3578120,35.78.21,2020,2115393.616,636000000000.0,797496.0814950755,37.69965435572514,1775561.7153985915,668216366489.7378,817445.023527416,46.03867139272654
3578120,35.78.21,2021,2060039.803,181000000000.0,425440.94772365293,20.652074154299868,1566491.2249195527,163055477944.7527,403801.28521929285,25.777436783281697
3578120,35.78.21,2022,1422296.148,33475756333.0,182963.81153933145,12.863974341532947,2008398.9645391451,36706738106.31583,191590.02611387637,9.539440594057433
3578120,35.78.21,2023,2841727.297,4256796734.0,65244.13179742681,2.295932191181919,1547549.2302975995,3646100931.621869,60382.95232614806,3.901843711591404
3578120,35.78.21,2024,2879625.211,531000000000.0,728697.4680894671,25.305288525252713,2772789.1013107426,533282193182.85443,730261.7292333307,26.33672098927842
3578120,35.78.21,2025,3809526.536,350000000000.0,591607.9783099616,15.529698316031409,2401812.8812770247,309281237872.4856,556130.594260454,23.154617855357813
3578130,35.78.20,2018,2244601.323,312000000000.0,558569.6017507577,24.88502506111896,2091615.7376849977,293062551546.41736,541352.5205874795,25.88202559551636
3578130,35.78.20,2019,7713781.002,20200000000000.0,4494441.010848846,58.26508439484533,1534551.3256951687,20474577960003.203,4524884.303493649,294.86692479600356
3578130,35.78.20,2020,2775350.581,330000000000.0,574456.2646538028,20.69851169745978,3142017.1370459073,298613751585.48364,546455.62636456,17.391872880691288
3578130,35.78.20,2021,3519450.91,197000000000.0,443846.8204234429,12.61125191893763,1662674.1891116416,178348382450.7075,422313.13317336875,25.39963246792257
3578130,35.78.20,2022,5136189.331,2080000000000.0,1442220.5101855956,28.07958229812373,2454759.1045614835,1878319213447.473,1370517.8632354534,55.83105326664148
3578130,35.78.20,2023,6574049.488,7230000000000.0,2688865.9319497505,40.90121221110209,2820792.678477584,8292738656464.871,2879711.557858681,102.08873483792846
3578130,35.78.20,2024,4317512.944,1120000000000.0,1058300.5244258363,24.511808954656285,4071376.8698189836,1317196343855.4358,1147691.7460082371,28.189278042915845
3578130,35.78.20,2025,2606479.327,5.34e-21,7.307530362578044e-11,2.8036018881411385e-15,3214592.5897669536,1.2375068284963902,1.1124328422410001,3.4605717868641245e-05
3578140,35.78.18,2018,1957756.922,310000000000.0,556776.4362830021,28.439507991329794,1245020.0076415846,341995859224.38574,584804.1203893708,46.97146365520286
3578140,35.78.18,2019,1119262.527,16805622299.0,129636.50064314448,11.582314025165651,1657525.5407707258,18082839686.839447,134472.44954576922,8.112843285856183
3578140,35.78.18,2020,1232344.346,7.48e-22,2.7349588662354687e-11,2.2193138428497883e-15,1519860.511325206,1.3053773643015807,1.1425311218087588,7.517341975103731e-05
3578140,35.78.18,2021,1641921.025,3994593433.0,63202.796085299895,3.8493201026705837,1661761.189927533,4325591665.294643,65769.23038393138,3.957802768687809
3578140,35.78.18,2022,1777836.503,81685310783.0,285806.4218715178,16.07608019012071,2134205.5597931435,85191390256.04865,291875.64176554483,13.676079158646493
3578140,35.78.18,2023,1484293.664,46242987468.0,215041.8272522813,14.487822219274884,1941236.6219860706,42178687874.38464,205374.50638865732,10.579570983909194
3578140,35.78.18,2024,2332788.377,48662973885.0,220596.85828451865,9.456359627794846,2120721.341546803,49513586442.21028,222516.48577624597,10.492490522774098
3578140,35.78.18,2025,3099295.801,45620596916.0,213589.78654420722,6.891558607451784,2343363.360806303,38606217315.936066,196484.64905924856,8.384728222073177
3578141,35.78.31,2018,2457715.676,351000000000.0,592452.529743945,24.105820519816103,1525286.8887177783,357749776370.7832,598121.8741784848,39.21372946969286
3578141,35.78.31,2019,1419159.902,7571585782.0,87014.85954709115,6.131434479262165,2044869.3763801183,7196728203.174239,84833.53230400253,4.148603978518035
3578141,35.78.31,2020,1441498.264,960365182.4,30989.75931497371,2.149829804788007,1854891.1905479652,974290224.4029701,31213.622417191025,1.6827737700328402
3578141,35.78.31,2021,1625296.45,6187507754.0,78660.71290040537,4.8397763312905395,929683.5091356987,6510765608.71293,80689.31533178932,8.679224116474215
3578141,35.78.31,2022,1731775.763,361490586.0,19012.905774762574,1.0978849676141686,1566168.5710898566,407122346.3161522,20177.273014858878,1.2883206435957295
3578141,35.78.31,2023,1601886.271,186000000000.0,431277.1730569565,26.923083171673962,1404872.0191737947,171189837328.68866,413750.936347809,29.45114791247219
3578141,35.78.31,2024,2290439.445,142000000000.0,376828.8736283354,16.452252184660374,1465029.0247415053,127206297816.40546,356659.9189934376,24.34490463807486
3578141,35.78.31,2025,2050128.72,1.08e-21,3.2863353450309965e-11,1.602989760092233e-15,2528440.768017038,1.4321093098017537,1.196707696056875,4.7329868715706894e-05
3578150,35.78.14,2018,3074873.658,630000000000.0,793725.3933193772,25.813268498180918,2314688.141696587,536434759161.7607,732417.0664053103,31.642148815281594
3578150,35.78.14,2019,1752622.131,49276122891.0,221982.25805455714,12.665722640846713,3188526.509312209,47069519209.350136,216955.10874222376,6.804243530941278
3578150,35.78.14,2020,2869486.848,540000000000.0,734846.9228349534,25.60900125216233,2883527.8740648273,477804600948.5563,691234.1144276346,23.9718200973456
3578150,35.78.14,2021,2016133.973,113000000000.0,336154.72627943225,16.67323356390028,3247280.6073167897,110394100244.22734,332256.07630896283,10.231825225092088
3578150,35.78.14,2022,1266150.227,37633788557.0,193994.30032091148,15.321586347661057,3199236.579229137,40399603909.28858,200996.52710753135,6.282640315270522
3578150,35.78.14,2023,2320540.728,360000000000.0,600000.0,25.856042635249104,2182847.765861073,386165781893.99634,621422.3860579826,28.4684253192915
3578150,35.78.14,2024,2622396.405,301000000000.0,548634.6689738081,20.92111886394262,3492554.105694176,296614232644.37134,544623.0188344698,15.5938319737561
3578150,35.78.14,2025,2816647.181,197000000000.0,443846.8204234429,15.757984294854532,2417579.144818088,216611246859.92618,465415.1338965313,19.251288417759397
3578160,35.78.27,2018,1531361.443,44959686049.0,212036.99217117752,13.846306052723149,2213735.6011819965,39955108987.9991,199887.74096477026,9.029431557140008
3578160,35.78.27,2019,2061657.314,180000000000.0,424264.0687119285,20.57878706761295,1667622.6825301081,195941713330.89438,442653.0394461269,26.54395650067173
3578160,35.78.27,2020,1732153.403,54553865722.0,233567.68980747316,13.484238139817526,2129173.858922659,59333207746.50101,243584.08762992095,11.44030989339556
3578160,35.78.27,2021,2037146.379,496000000000.0,704272.6744663604,34.57153014267319,1227326.3922041869,453053076413.8762,673092.175273102,54.842149533204335
3578160,35.78.27,2022,1996115.168,48181392751.0,219502.60306201383,10.99648991104775,2442073.9634320987,48812944731.56739,220936.51742427595,9.047085417256202
3578160,35.78.27,2023,2078130.49,150000000000.0,387298.33462074166,18.636863107703196,2443867.0827286574,138675850522.28537,372392.0656006051,15.237819938423868
3578160,35.78.27,2024,3590579.758,1390000000000.0,1178982.6122551595,32.83543861206047,3338578.707582941,1450173622180.1436,1204231.5484075907,36.07018596483617
3578160,35.78.27,2025,2430861.374,53880539630.0,232121.8206675107,9.548953434788121,3000583.2826148453,57499124145.89056,239789.74987661702,7.99143790695432
3578170,35.78.06,2018,1331754.943,5238670387.0,72378.65974857507,5.434833197279529,3246426.3007053332,5628842137.051395,75025.60987457147,2.3110215025756498
3578170,35.78.06,2019,1576856.873,20231573795.0,142237.73688793,9.020332746961365,2611879.766263042,21249366813.812977,145771.62554424978,5.581100149675463
3578170,35.78.06,2020,2117068.977,22456739319.0,149855.72834896902,7.078452803239439,3369979.4164769338,20900371461.20572,144569.607667745,4.289925539630801
3578170,35.78.06,2021,1675678.505,12788130211.0,113084.61527104383,6.7485866133398815,2820216.215447805,12768320982.439531,112996.99545757635,4.006678453894154
3578170,35.78.06,2022,1473278.776,6109930503.0,78166.04443746658,5.3055840965611365,3214915.9173870767,6483543852.954421,80520.4561149179,2.504589799050201
3578170,35.78.06,2023,1946431.874,54049532876.0,232485.5541232616,11.944191688841075,2353643.3597964495,50875631197.03285,225556.2705779488,9.583281580836257
3578170,35.78.06,2024,2815421.087,82900256469.0,287924.04635424254,10.226677909166435,3131694.209641067,66671286382.56192,258207.8356335491,8.244988761630822
3578170,35.78.06,2025,2948088.935,135000000000.0,367423.4614174767,12.463106423126842,2798128.528418111,149098998465.55115,386133.3946520958,13.799701862529945
3578180,35.78.05,2018,1978165.7,39397635767.0,198488.37690655843,10.033961103792187,1957556.7914355204,38381475261.55651,195911.90689071582,10.007980751712916
3578180,35.78.05,2019,1634014.863,42596124090.0,206388.28476926687,12.630747090656474,1540085.5887858123,40400842835.243866,200999.60904251496,13.051197316960872
3578180,35.78.05,2020,1533615.42,13809022265.0,117511.79628020329,7.662403151906447,1966235.2640370142,14527481101.125124,120530.00083433636,6.129988767817532
3578180,35.78.05,2021,1943537.835,192000000000.0,438178.0460041329,22.545382863829502,1301347.741306854,218830021614.5571,467792.7122289926,35.946787886166426
3578180,35.78.05,2022,2649314.017,2260000000000.0,1503329.6378372908,56.74410916149585,1830316.979788014,2331771589991.8965,1527013.945578722,83.42893402844243
3578180,35.78.05,2023,3308299.739,647000000000.0,804363.1020876082,24.31348927079815,1852508.4710359925,662751873297.3433,814095.7396383691,43.94558796177035
3578180,35.78.05,2024,3077326.201,691000000000.0,831264.0976248162,27.01254411556015,2550248.911649427,702421542341.2173,838105.9254898615,32.86369113467434
3578180,35.78.05,2025,2193447.021,80699564387.0,284076.68751060864,12.95115335774543,2243715.8029876105,67880268892.21751,260538.42114401766,11.611917195444219
3578190,35.78.07,2018,1990451.429,2.33e-20,1.5264337522473747e-10,7.668781714579456e-15,2454840.2696594405,1.181318439949643,1.0868847408762545,4.427517155839381e-05
3578190,35.78.07,2019,1905046.423,339000000000.0,582237.0651203855,30.5628806779154,1536561.342182456,282338013826.0302,531354.8850119195,34.58077919995105
3578190,35.78.07,2020,1723170.673,144000000000.0,379473.31922020554,22.021806961207815,1718380.72816537,160312699404.60938,400390.6834638006,23.300464029952074
3578190,35.78.07,2021,1619681.568,1735258291.0,41656.43156824646,2.5718902030653013,1946435.0307608498,1637536349.1189282,40466.484269317596,2.0790051365598106
3578190,35.78.07,2022,1924889.72,101000000000.0,317804.97164141404,16.5102950231047,2041724.0074892011,111707779408.00256,334227.13744997216,16.369849020925514
3578190,35.78.07,2023,2473515.85,62452528497.0,249905.0389588013,10.103231760524247,2216889.480484649,64693339682.90181,254348.85429838643,11.473231143790782
3578190,35.78.07,2024,2940147.832,17838806965.0,133561.99670939334,4.542696637758497,3064984.468771324,16830752131.148409,129733.38865206754,4.232758435610424
3578190,35.78.07,2025,1987314.811,1576333217.0,39703.0630682319,1.9978245443787366,2169745.859705563,1592407788.140627,39904.98450244815,1.839154771234973
3578200,35.78.10,2018,1557812.612,55097413597.0,234728.38259784435,15.067818862789151,5024176.394154872,60560870833.040535,246091.18398073615,4.898139807890478
3578200,35.78.10,2019,1367999.103,19234848616.0,138689.7567089942,10.138146757907208,3629741.126315472,18269072413.77395,135163.1325982568,3.723767836177895
3578200,35.78.10,2020,1546378.062,50883529572.0,225573.77855593056,14.587233490895873,3665766.349528004,54633379859.6721,233737.84430355325,6.376234108146277
3578200,35.78.10,2021,1946118.928,57915177258.0,240655.72350974742,12.365930984344622,1640505.1886287052,63834624433.19799,252655.14923151277,15.401057612180225
3578200,35.78.10,2022,1546434.02,71855880602.0,268059.4721363153,17.33403874135641,4203053.052752226,79303395788.26605,281608.5861408811,6.700095920903958
3578200,35.78.10,2023,1249794.495,17188397277.0,131104.52805681428,10.490086856784744,3940272.6163797025,17385428872.329967,131853.81629793643,3.346312022925025
3578200,35.78.10,2024,1733336.052,33382041108.0,182707.52887607014,10.540802440776218,4434055.132097317,29287903933.958817,171137.09105263773,3.8596067471919215
3578200,35.78.10,2025,2149074.189,26091072281.0,161527.3112541653,7.516134718891518,2294746.766260271,26202332129.860584,161871.34437528029,7.053995968325542
3578210,35.78.17,2018,1280644.696,10111321940.0,100555.0691909662,7.851910018839933,1172217.2107351806,10264035848.954508,101311.5780597386,8.642730812338007
3578210,35.78.17,2019,1344138.688,6588202469.0,81167.74278615859,6.038643445858362,2219831.962854864,7067408273.559654,84067.87896432058,3.787128051629783
3578210,35.78.17,2020,1332425.827,41597904525.0,203955.6435232916,15.307091726261742,3028469.9336348847,46861782480.501495,216475.82424026358,7.14802619752084
3578210,35.78.17,2021,1242652.233,4864762713.0,69747.85095614058,5.6128214398131275,2829763.7989397836,5005156969.9391365,70747.13400512516,2.500107395240257
3578210,35.78.17,2022,1217019.807,6159754900.0,78484.10603427932,6.448876639711035,2839028.8089397997,6340707299.284554,79628.5583147438,2.8047816233495744
3578210,35.78.17,2023,1610645.691,6138023548.0,78345.53942631322,4.864231771400381,2791156.467780884,6611672871.713184,81312.19386852863,2.913208012776729
3578210,35.78.17,2024,1449839.133,20944927995.0,144723.6262501738,9.982047177241823,3860131.1950199525,22203385526.117367,149008.00490617062,3.8601798068005926
3578210,35.78.17,2025,1812580.156,6758839528.0,82212.16167940118,4.535642818733429,2115797.614069452,8737588814.757782,93475.07055230171,4.417958973519919
3578211,35.78.29,2018,1004212.572,49037688065.0,221444.54851045666,22.051561062358086,1038564.0477383628,50269378910.0355,224208.33818133414,21.588301527439082
3578211,35.78.29,2019,1496371.195,151000000000.0,388587.18455450895,25.968635713714665,982295.7562148941,165613257782.64517,406956.08827322535,41.429079347890074
3578211,35.78.29,2020,1202496.759,157414233.9,12546.48292949064,1.043369375891236,1443498.2891907762,144062554.64004096,12002.606160332054,0.8314943114384087
3578211,35.78.29,2021,1884121.905,158000000000.0,397492.1382870358,21.096943739796696,1200461.3510162085,138031035094.0333,371525.28190425114,30.948541707715073
3578211,35.78.29,2022,2107827.754,91289733177.0,302141.9090046927,14.334278900698669,1648170.9438380117,83816207616.17116,289510.28930967406,17.56554988377032
3578211,35.78.29,2023,2235429.067,160000000000.0,400000.0,17.893656564858475,1715932.0689362367,148323338656.02728,385127.69136486057,22.444227154261068
3578211,35.78.29,2024,2432392.942,191000000000.0,437035.46766824316,17.967305369209676,1974232.7722529678,206872326449.63766,454832.1959246483,23.038428006926456
3578211,35.78.29,2025,1797215.127,1333966486.0,36523.50593795727,2.032227827890816,1716791.6012182438,1366573979.4496703,36967.20140137295,2.153272498254351
3578220,35.78.11,2018,1779828.657,153000000000.0,391152.1443121589,21.976955072263394,1665970.700180634,156820198906.5097,396005.3016141447,23.77024407279237
3578220,35.78.11,2019,1281978.008,97727209781.0,312613.51503253984,24.385247881143048,2141885.691540978,94102888927.7192,306761.9417850252,14.322050098029534
3578220,35.78.11,2020,1075061.067,21029839224.0,145016.68601923023,13.489158008847346,2052154.4541999612,20541419337.52815,143322.78024629632,6.9840152603021854
3578220,35.78.11,2021,1426166.394,115000000000.0,339116.4991562634,23.77818609265753,1725262.023876815,117442785559.5292,342699.2640195324,19.863606760986784
3578220,35.78.11,2022,1281850.825,15470126518.0,124378.96332579719,9.703076278458314,2359133.3648852627,15382486644.74147,124026.1530675747,5.257276036770679
3578220,35.78.11,2023,1685094.18,70248776870.0,265044.85822215077,15.728786044596676,2111481.771814611,65478866709.56553,255888.38721123224,12.118901078237647
3578220,35.78.11,2024,1576739.129,28701212132.0,169414.32091768394,10.74460053675017,2783221.021831559,26454823153.412987,162649.38719040103,5.843926368570114
3578220,35.78.11,2025,2018846.571,75655429707.0,275055.32117557735,13.624379639673833,1460511.7118516287,61836561834.00344,248669.58365269253,17.026195793899564
3578230,35.78.16,2018,1026271.35,4595752050.0,67791.97629513392,6.605658074264074,2751717.5268313573,5486140059.239674,74068.48222584066,2.69171822702062
3578230,35.78.16,2019,1206132.989,22172221232.0,148903.3956362312,12.34552051840373,3440419.4937766744,23263985457.098953,152525.36004579355,4.433336118508063
3578230,35.78.16,2020,1302913.631,16537640656.0,128598.75837658776,9.870090796263053,4488559.735779949,14818398296.798456,121730.84365434447,2.7120245873967863
3578230,35.78.16,2021,1473796.942,11685844660.0,108101.08537845493,7.334869702725637,5231539.016454494,11587212683.285,107643.91614617614,2.057595591041359
3578230,35.78.16,2022,1299199.814,16972623229.0,130279.02067869561,10.027635416417603,5821038.57672329,18946589374.23697,137646.610471297,2.364640066494447
3578230,35.78.16,2023,1511897.379,11733362974.0,108320.64888099591,7.164550344854849,5457686.376622897,12808667277.773384,113175.38282583092,2.0736879149120604
3578230,35.78.16,2024,1858770.132,64335355946.0,253644.15220146513,13.64580524696451,6939335.923006071,57166883222.59271,239095.97073684182,3.4455165939461705
3578230,35.78.16,2025,1558354.875,14472142025.0,120300.21623006336,7.719693258575866,2178032.0048474027,15144886173.59144,123064.56099784146,5.650264124859065
3578240,35.78.12,2018,1970023.424,53169588313.0,230585.31677667596,11.704699242026674,1767077.7168994355,47572397868.11364,218110.9760376897,12.343032451362319
3578240,35.78.12,2019,1238347.537,3250097557.0,57009.6268800279,4.603685571026245,1586624.4192804077,2954926766.331275,54359.23809557374,3.4260936258769825
3578240,35.78.12,2020,1983316.163,248000000000.0,497995.98391954927,25.109258584686344,1330188.386604515,231458771256.97958,481101.62258818,36.16793135717089
3578240,35.78.12,2021,2209666.952,13260964116.0,115156.2595606509,5.211475849626179,1886512.7352842805,15600668873.605627,124902.63757665659,6.620821330306836
3578240,35.78.12,2022,1873374.115,16787929475.0,129568.24254036944,6.916303663156434,1989911.0253634579,15233278630.000856,123423.16893517545,6.202446610025299
3578240,35.78.12,2023,2635468.074,551000000000.0,742293.7423958255,28.16553726144001,1741878.8224526506,465113206014.53204,681992.086475006,39.15267110916061
3578240,35.78.12,2024,3213979.151,458000000000.0,676756.9726275452,21.056669655650335,2277940.662676536,465984780104.545,682630.7787556498,29.96701318609291
3578240,35.78.12,2025,3565803.348,1090000000000.0,1044030.650891055,29.278974441387362,2512010.9398944518,1047392140640.4829,1023421.7804211922,40.741135485030725
3578250,35.78.13,2018,2087201.165,67641784339.0,260080.3420849027,12.460722351355274,3242166.4491259432,60386811887.889366,245737.28225055587,7.5794159894784014
3578250,35.78.13,2019,1093130.961,1653861903.0,40667.70098001607,3.720295411156694,1938124.8481061072,1906211593.320692,43660.18315720506,2.2527023065551646
3578250,35.78.13,2020,1833895.549,16082725006.0,126817.68412173438,6.915207585889307,1362490.6540089902,18711454505.10825,136789.81871874913,10.039688589148044
3578250,35.78.13,2021,1897051.321,16915664421.0,130060.23381879643,6.8559154082472205,2002131.2014209782,16099535206.441933,126883.9438480769,6.337444007566698
3578250,35.78.13,2022,2171745.746,85350789442.0,292148.57425974205,13.452245724336374,2301578.1214764453,86331800488.79791,293822.7365075717,12.76614222936246
3578250,35.78.13,2023,2874303.611,474000000000.0,688476.5791223402,23.952813352337962,2320546.5523005137,536368280130.33276,732371.6816824179,31.56030983116321
3578250,35.78.13,2024,2352858.208,20453764667.0,143016.65870450198,6.078422329838159,3078426.1679063775,21075037299.40303,145172.43987549093,4.715800605808324
3578250,35.78.13,2025,2483527.535,64201160735.0,253379.47970386237,10.202402676556689,1999843.7216221003,61429326861.005516,247849.40359219248,12.393438592849568
3578260,35.78.15,2018,1483359.248,20173397949.0,142033.08751484635,9.57509704451894,2024998.4511695206,19000924704.832874,137843.84173706447,6.807108502105468
3578260,35.78.15,2019,1665473.291,41141325064.0,202833.2444743711,12.178714937697018,2011756.238474127,38826430370.78366,197044.2345535227,9.794637679512128
3578260,35.78.15,2020,1393038.953,54725399004.0,233934.60411833046,16.793112900004488,2434774.0442761723,58000692034.36677,240833.3283297118,9.891403635416546
3578260,35.78.15,2021,1439514.61,6917257781.0,83170.05339062853,5.777645660062354,1370209.1606130206,6717880292.787846,81962.67621782396,5.981763848459057
3578260,35.78.15,2022,1987034.966,22598161663.0,150326.84944147535,7.565385210311158,2199252.9142901218,20210760108.799835,142164.5529265289,6.464220281477585
3578260,35.78.15,2023,1676959.09,161000000000.0,401248.0529547776,23.927122333960906,2687024.4515676876,188265160878.87064,433895.33401371195,16.147799985986914
3578260,35.78.15,2024,1581380.551,57189061282.0,239142.3452297815,15.122378043574503,2881387.866228364,58386707320.38253,241633.4151568912,8.386007936973126
3578260,35.78.15,2025,1820841.146,153000000000.0,391152.1443121589,21.481947789428904,2217814.864254932,157809274839.6423,397252.155235994,17.91187179951784
3578270,35.78.28,2018,1226355.609,854039421.1,29223.952865757226,2.3829917400212444,1058726.4338138227,897371326.0687804,29956.15673060849,2.8294520448212674
3578270,35.78.28,2019,605970.3505,6.49e-22,2.5475478405713992e-11,4.204080015580563e-15,747348.2632904008,1.1956309875448243,1.0934491243513913,0.0001463105192132499
3578270,35.78.28,2020,701110.735,3.39e-21,5.822370651203855e-11,8.304495082654605e-15,864685.689232424,1.3323089003875557,1.154256860662979,0.00013348860459198828
3578270,35.78.28,2021,1055377.985,10598950428.0,102951.20411146243,9.754912986124344,623002.0450961329,10695064867.131794,103416.9467115124,16.599776441432798
3578270,35.78.28,2022,787930.3145,4773441733.0,69090.09866109616,8.76855445077512,965437.2822429885,4637551809.616592,68099.57275649086,7.053754190875658
3578270,35.78.28,2023,1382088.439,15927635200.0,126204.7352518914,9.13145148245404,735900.2278446709,16088720714.71981,126841.32100668066,17.236211677522885
3578270,35.78.28,2024,1432705.178,754808270.8,27473.77423653328,1.9176153376429885,1165800.6953685777,643214852.6817468,25361.680793704247,2.1754731228467774
3578270,35.78.28,2025,2360482.41,38120558485.0,195244.86801194033,8.271396862980238,1180962.0312665377,36677257545.61481,191513.07408533446,16.216700369269606
3578280,35.78.19,2018,1737855.114,2.2400000000000002e-22,1.4966629547095768e-11,8.612127343945984e-16,2143311.1376267616,1.2935760626635855,1.1373548534488194,5.306531718526811e-05
3578280,35.78.19,2019,2230668.124,67245924872.0,259318.1923274956,11.625135516012584,1645423.6973910506,67362090352.42532,259542.07819239123,15.773571184365201
3578280,35.78.19,2020,1921827.112,90841549848.0,301399.3195878186,15.68295699992282,2189443.1810440235,104290780888.77115,322940.83186981967,14.74990694738318
3578280,35.78.19,2021,1739252.762,149000000000.0,386005.18131237564,22.193736859069343,1857462.1574414147,162631997797.2767,403276.5772981078,21.711159803847973
3578280,35.78.19,2022,2003671.286,136000000000.0,368781.7782917155,18.405303348331532,1963794.0279759057,127302812345.77611,356795.19664056035,18.168666955786158
3578280,35.78.19,2023,2365450.662,103000000000.0,320936.13071762427,13.567652704549381,1803754.728760824,96044118509.95547,309909.85545793065,17.181374524841196
3578280,35.78.19,2024,1997078.189,215000000000.0,463680.9247747852,23.217965492225662,2203781.3502492597,206457843148.59485,454376.32327025454,20.618031059154852
3578280,35.78.19,2025,2505335.819,258000000000.0,507937.00396801176,20.27420835625756,1913518.3236930615,247422721749.8231,497416.0449259986,25.99484095694433
3578281,35.78.30,2018,1696364.409,190981093.9,13819.590945465789,0.8146593309872836,2293327.2647344344,222437135.13544902,14914.326506264004,0.6503357255463961
3578281,35.78.30,2019,1521873.743,1313102706.0,36236.75904382179,2.3810621091595894,2460414.9908027677,1239433401.400663,35205.58764458652,1.4308800660127614
3578281,35.78.30,2020,1403241.553,41757529.78,6462.006637260596,0.46050565018156897,2667281.67059073,42618056.3879351,6528.250637646743,0.24475295240194536
3578281,35.78.30,2021,1471956.639,2288174864.0,47834.87079526817,3.2497472770506097,2220018.574022691,2201514089.483971,46920.29507029949,2.1135091219205226
3578281,35.78.30,2022,1351336.7,551456598.3,23483.113045335365,1.7377692062485512,2883357.21835179,518032033.421849,22760.317076478725,0.7893686197331171
3578281,35.78.30,2023,1575851.193,50948408601.0,225717.54163334315,14.323531475306195,2373978.9455298083,58191592752.809006,241229.33642658184,10.161393254174204
3578281,35.78.30,2024,2684265.771,142000000000.0,376828.8736283354,14.038433813055368,3020182.9747471963,147020814970.3217,383432.9341231941,12.695685570351554
3578281,35.78.30,2025,3038035.414,167000000000.0,408656.33483405097,13.45133545681739,1824947.105515997,147648841713.08975,384251.01393892214,21.055460335124433
3579010,35.79.01,2018,1425311.119,11431124269.0,106916.4359160929,7.501270037878159,2681249.9824005268,11022761305.266247,104989.33900766424,3.915686329018346
3579010,35.79.01,2019,1334464.039,11141979505.0,105555.57543303906,7.909960279794326,3065714.9660686967,12816741116.630701,113211.04679593198,3.69281058575082
3579010,35.79.01,2020,1376048.869,11685849558.0,108101.1080331742,7.855906172266488,3260641.2124980753,11783934773.848501,108553.83352903066,3.329217367214233
3579010,35.79.01,2021,1428910.972,4751508107.0,68931.183850272,4.824036290643866,5210994.158029649,3939516902.755195,62765.570998400035,1.2044836185756267
3579010,35.79.01,2022,1445534.724,6050846131.0,77787.18487643065,5.381204863843219,5341284.430244126,7187389889.239785,84778.47538874349,1.5872301221912017
3579010,35.79.01,2023,1726469.391,13739259691.0,117214.58821750815,6.789265354401418,4737995.927726409,14288389652.551662,119534.05227194325,2.522882123482602
3579010,35.79.01,2024,1889925.068,12670822763.0,112564.7492024035,5.956042972726128,6107558.481697816,12150777487.541096,110230.56512393056,1.8048220979668457
3579010,35.79.01,2025,2035289.294,15579090347.0,124816.2262969042,6.132603687586842,1934379.7910352338,15920389402.019112,126176.02546450381,6.5228155323612755
3579020,35.79.03,2018,1423932.691,10840960315.0,104119.93236167607,7.31213862985017,1974642.1538807715,11577832319.638338,107600.33605727418,5.449105593426477
3579020,35.79.03,2019,1333396.398,8827516933.0,93954.8664678951,7.046281706536836,1578259.9200072126,8571042881.859204,92579.92699208185,5.865949316615654
3579020,35.79.03,2020,1436900.888,9056442996.0,95165.34556234218,6.622958226075101,1547680.151226352,8858416851.167183,94119.16303902825,6.081305815316559
3579020,35.79.03,2021,1683213.073,5324838860.0,72971.49347519208,4.335249924427844,2159264.540039498,4760062444.50758,68993.20578511756,3.195217839489714
3579020,35.79.03,2022,1529881.219,16521215285.0,128534.87964362047,8.401624782846651,2555468.6286680596,18875073413.105736,137386.5838177285,5.376179628130908
3579020,35.79.03,2023,1621423.963,12263453281.0,110740.47715718043,6.8298285756357995,2140349.965764602,11656103583.57026,107963.43632716707,5.044195484573432
3579020,35.79.03,2024,1724335.064,20068098960.0,141661.91781844548,8.215451902359822,2492040.801203056,19787424954.46791,140667.78221919868,5.6446821477116265
3579020,35.79.03,2025,1820052.548,13051036142.0,114241.13156827535,6.276804023807523,1485197.6560475822,11458454988.699757,107044.17307214698,7.207402505402119
3579030,35.79.02,2018,1351474.092,7806951937.0,88356.95749062437,6.537821036574068,2069290.403547822,7331943895.102527,85626.77090199376,4.1379774803568266
3579030,35.79.02,2019,1028574.224,4416980145.0,66460.36521867751,6.461406835592403,1935130.5778058616,4284942122.1649613,65459.46930861082,3.382690039595763
3579030,35.79.02,2020,1292205.693,7692939243.0,87709.40224970183,6.787572808635028,1824755.8240292182,8001982644.487793,89453.80173300514,4.90223407181589
3579030,35.79.02,2021,1224276.842,7882083411.0,88781.09827547753,7.251717522520738,2534550.0478949086,7870847359.72481,88717.7961838819,3.5003371212798577
3579030,35.79.02,2022,1279233.361,12152425795.0,110238.04150564359,8.617508334794248,2571024.088377298,12364447120.443308,111195.53552388382,4.324951136263562
3579030,35.79.02,2023,1353054.533,9996200054.0,99980.99846470829,7.3892807737046535,2147736.607053672,10602240361.130089,102967.18099049856,4.794218278551017
3579030,35.79.02,2024,1486884.653,6949257102.0,83362.20427747817,5.606501089999359,2583660.2181819286,7092415395.320612,84216.47935719357,3.25958029482898
3579030,35.79.02,2025,1396675.132,25717878883.0,160367.94842798234,11.482122417282529,1735269.0886486678,29854387554.730873,172784.22252836303,9.957200509052914
